ISO-10303-21;
HEADER;
FILE_DESCRIPTION(('KiCad electronic assembly'),'2;1');
FILE_NAME('macropad_pcb_model.step','2026-08-08T14:39:29',('Pcbnew'),(
    'Kicad'),'Open CASCADE STEP processor 7.9','KiCad to STEP converter'
  ,'Unknown');
FILE_SCHEMA(('AUTOMOTIVE_DESIGN { 1 0 10303 214 1 1 1 1 }'));
ENDSEC;
DATA;
#1 = APPLICATION_PROTOCOL_DEFINITION('international standard',
  'automotive_design',2000,#2);
#2 = APPLICATION_CONTEXT(
  'core data for automotive mechanical design processes');
#3 = SHAPE_DEFINITION_REPRESENTATION(#4,#10);
#4 = PRODUCT_DEFINITION_SHAPE('','',#5);
#5 = PRODUCT_DEFINITION('design','',#6,#9);
#6 = PRODUCT_DEFINITION_FORMATION('','',#7);
#7 = PRODUCT('macropad_pcb_model 1','macropad_pcb_model 1','',(#8));
#8 = PRODUCT_CONTEXT('',#2,'mechanical');
#9 = PRODUCT_DEFINITION_CONTEXT('part definition',#2,'design');
#10 = SHAPE_REPRESENTATION('',(#11,#15),#19);
#11 = AXIS2_PLACEMENT_3D('',#12,#13,#14);
#12 = CARTESIAN_POINT('',(0.,0.,0.));
#13 = DIRECTION('',(0.,0.,1.));
#14 = DIRECTION('',(1.,0.,-0.));
#15 = AXIS2_PLACEMENT_3D('',#16,#17,#18);
#16 = CARTESIAN_POINT('',(0.,0.,0.));
#17 = DIRECTION('',(0.,0.,1.));
#18 = DIRECTION('',(1.,0.,-0.));
#19 = ( GEOMETRIC_REPRESENTATION_CONTEXT(3) 
GLOBAL_UNCERTAINTY_ASSIGNED_CONTEXT((#23)) GLOBAL_UNIT_ASSIGNED_CONTEXT(
(#20,#21,#22)) REPRESENTATION_CONTEXT('Context #1',
  '3D Context with UNIT and UNCERTAINTY') );
#20 = ( LENGTH_UNIT() NAMED_UNIT(*) SI_UNIT(.MILLI.,.METRE.) );
#21 = ( NAMED_UNIT(*) PLANE_ANGLE_UNIT() SI_UNIT($,.RADIAN.) );
#22 = ( NAMED_UNIT(*) SI_UNIT($,.STERADIAN.) SOLID_ANGLE_UNIT() );
#23 = UNCERTAINTY_MEASURE_WITH_UNIT(LENGTH_MEASURE(1.E-07),#20,
  'distance_accuracy_value','confusion accuracy');
#24 = PRODUCT_RELATED_PRODUCT_CATEGORY('part',$,(#7));
#25 = SHAPE_DEFINITION_REPRESENTATION(#26,#32);
#26 = PRODUCT_DEFINITION_SHAPE('','',#27);
#27 = PRODUCT_DEFINITION('design','',#28,#31);
#28 = PRODUCT_DEFINITION_FORMATION('','',#29);
#29 = PRODUCT('macropad_PCB','macropad_PCB','',(#30));
#30 = PRODUCT_CONTEXT('',#2,'mechanical');
#31 = PRODUCT_DEFINITION_CONTEXT('part definition',#2,'design');
#32 = ADVANCED_BREP_SHAPE_REPRESENTATION('',(#11,#33),#19275);
#33 = MANIFOLD_SOLID_BREP('',#34);
#34 = CLOSED_SHELL('',(#35,#77,#108,#139,#5111,#10083,#10100,#10117,
    #10134,#10151,#10168,#10185,#10202,#10219,#10236,#10253,#10270,
    #10287,#10299,#10316,#10333,#10355,#10372,#10389,#10406,#10423,
    #10440,#10457,#10474,#10491,#10508,#10525,#10542,#10559,#10576,
    #10593,#10610,#10627,#10644,#10661,#10673,#10690,#10707,#10724,
    #10741,#10763,#10780,#10797,#10814,#10831,#10848,#10865,#10882,
    #10899,#10916,#10933,#10950,#10967,#10984,#11001,#11018,#11035,
    #11052,#11069,#11081,#11098,#11115,#11137,#11154,#11171,#11188,
    #11205,#11222,#11239,#11256,#11273,#11290,#11307,#11324,#11341,
    #11358,#11375,#11392,#11409,#11426,#11443,#11455,#11472,#11489,
    #11506,#11528,#11545,#11562,#11579,#11596,#11613,#11630,#11647,
    #11664,#11681,#11698,#11715,#11732,#11749,#11766,#11783,#11800,
    #11817,#11834,#11846,#11863,#11880,#11897,#11914,#11931,#11948,
    #11970,#11987,#12004,#12021,#12038,#12055,#12072,#12089,#12106,
    #12123,#12140,#12157,#12174,#12191,#12208,#12225,#12242,#12259,
    #12276,#12288,#12305,#12322,#12339,#12356,#12373,#12390,#12407,
    #12424,#12441,#12458,#12475,#12497,#12514,#12531,#12548,#12565,
    #12582,#12599,#12616,#12633,#12650,#12667,#12684,#12701,#12718,
    #12735,#12752,#12769,#12786,#12803,#12815,#12832,#12849,#12866,
    #12888,#12905,#12922,#12939,#12956,#12973,#12990,#13007,#13024,
    #13041,#13058,#13075,#13092,#13109,#13126,#13143,#13160,#13177,
    #13194,#13206,#13223,#13240,#13257,#13274,#13296,#13313,#13330,
    #13347,#13364,#13381,#13398,#13415,#13432,#13449,#13466,#13483,
    #13500,#13517,#13534,#13551,#13568,#13585,#13602,#13614,#13631,
    #13653,#13670,#13687,#13704,#13721,#13738,#13755,#13772,#13789,
    #13806,#13823,#13840,#13857,#13874,#13891,#13908,#13925,#13942,
    #13959,#13971,#13988,#14005,#14022,#14039,#14056,#14073,#14095,
    #14112,#14129,#14146,#14163,#14180,#14197,#14214,#14231,#14248,
    #14265,#14282,#14299,#14316,#14333,#14350,#14367,#14384,#14401,
    #14413,#14430,#14447,#14464,#14481,#14498,#14520,#14537,#14554,
    #14571,#14588,#14605,#14622,#14639,#14656,#14673,#14690,#14707,
    #14724,#14741,#14758,#14775,#14792,#14809,#14826,#14838,#14855,
    #14872,#14889,#14906,#14923,#14940,#14957,#14974,#14991,#15008,
    #15030,#15047,#15064,#15081,#15098,#15115,#15132,#15149,#15166,
    #15183,#15200,#15217,#15234,#15251,#15268,#15285,#15302,#15319,
    #15336,#15348,#15365,#15382,#15399,#15416,#15433,#15450,#15472,
    #15489,#15506,#15523,#15540,#15557,#15574,#15591,#15608,#15625,
    #15642,#15659,#15676,#15693,#15710,#15727,#15744,#15761,#15778,
    #15790,#15807,#15824,#15841,#15858,#15880,#15897,#15914,#15931,
    #15948,#15965,#15982,#15999,#16016,#16033,#16050,#16067,#16084,
    #16101,#16118,#16135,#16152,#16169,#16186,#16198,#16215,#16237,
    #16254,#16271,#16288,#16305,#16322,#16339,#16356,#16373,#16390,
    #16407,#16424,#16441,#16458,#16475,#16492,#16509,#16526,#16543,
    #16555,#16572,#16589,#16606,#16623,#16645,#16662,#16679,#16696,
    #16713,#16730,#16747,#16764,#16781,#16798,#16815,#16832,#16849,
    #16866,#16883,#16900,#16917,#16934,#16951,#16963,#16980,#16997,
    #17014,#17031,#17048,#17065,#17082,#17099,#17116,#17133,#17150,
    #17167,#17184,#17201,#17218,#17240,#17257,#17274,#17286,#17303,
    #17325,#17342,#17359,#17371,#17388,#17410,#17427,#17444,#17461,
    #17478,#17495,#17512,#17529,#17546,#17563,#17580,#17597,#17614,
    #17631,#17648,#17665,#17682,#17699,#17716,#17728,#17745,#17762,
    #17779,#17801,#17818,#17835,#17852,#17869,#17886,#17903,#17920,
    #17937,#17954,#17971,#17988,#18005,#18022,#18039,#18056,#18073,
    #18090,#18107,#18119,#18136,#18153,#18175,#18192,#18209,#18226,
    #18243,#18260,#18277,#18294,#18311,#18328,#18345,#18362,#18379,
    #18396,#18413,#18430,#18447,#18464,#18481,#18493,#18510,#18527,
    #18544,#18561,#18583,#18600,#18617,#18634,#18651,#18668,#18685,
    #18702,#18719,#18736,#18753,#18770,#18787,#18804,#18821,#18838,
    #18855,#18872,#18889,#18901,#18918,#18935,#18952,#18969,#18986,
    #19003,#19020,#19037,#19059,#19076,#19093,#19105,#19127,#19144,
    #19161,#19173,#19190,#19207,#19224,#19241,#19258));
#35 = ADVANCED_FACE('',(#36),#72,.T.);
#36 = FACE_BOUND('',#37,.T.);
#37 = EDGE_LOOP('',(#38,#48,#57,#65));
#38 = ORIENTED_EDGE('',*,*,#39,.T.);
#39 = EDGE_CURVE('',#40,#42,#44,.T.);
#40 = VERTEX_POINT('',#41);
#41 = CARTESIAN_POINT('',(122.8375,-43.945,0.));
#42 = VERTEX_POINT('',#43);
#43 = CARTESIAN_POINT('',(122.8375,-43.945,1.51));
#44 = LINE('',#45,#46);
#45 = CARTESIAN_POINT('',(122.8375,-43.945,0.));
#46 = VECTOR('',#47,1.);
#47 = DIRECTION('',(0.,0.,1.));
#48 = ORIENTED_EDGE('',*,*,#49,.T.);
#49 = EDGE_CURVE('',#42,#50,#52,.T.);
#50 = VERTEX_POINT('',#51);
#51 = CARTESIAN_POINT('',(127.8375,-48.945,1.51));
#52 = CIRCLE('',#53,4.999999678834);
#53 = AXIS2_PLACEMENT_3D('',#54,#55,#56);
#54 = CARTESIAN_POINT('',(122.83750032116,-48.94499967883,1.51));
#55 = DIRECTION('',(0.,0.,-1.));
#56 = DIRECTION('',(-6.423314133505E-08,1.,0.));
#57 = ORIENTED_EDGE('',*,*,#58,.F.);
#58 = EDGE_CURVE('',#59,#50,#61,.T.);
#59 = VERTEX_POINT('',#60);
#60 = CARTESIAN_POINT('',(127.8375,-48.945,0.));
#61 = LINE('',#62,#63);
#62 = CARTESIAN_POINT('',(127.8375,-48.945,0.));
#63 = VECTOR('',#64,1.);
#64 = DIRECTION('',(0.,0.,1.));
#65 = ORIENTED_EDGE('',*,*,#66,.F.);
#66 = EDGE_CURVE('',#40,#59,#67,.T.);
#67 = CIRCLE('',#68,4.999999678834);
#68 = AXIS2_PLACEMENT_3D('',#69,#70,#71);
#69 = CARTESIAN_POINT('',(122.83750032116,-48.94499967883,0.));
#70 = DIRECTION('',(0.,0.,-1.));
#71 = DIRECTION('',(-6.423314133505E-08,1.,0.));
#72 = CYLINDRICAL_SURFACE('',#73,4.999999678834);
#73 = AXIS2_PLACEMENT_3D('',#74,#75,#76);
#74 = CARTESIAN_POINT('',(122.83750032116,-48.94499967883,0.));
#75 = DIRECTION('',(0.,0.,-1.));
#76 = DIRECTION('',(-6.423314133505E-08,1.,0.));
#77 = ADVANCED_FACE('',(#78),#103,.T.);
#78 = FACE_BOUND('',#79,.T.);
#79 = EDGE_LOOP('',(#80,#90,#96,#97));
#80 = ORIENTED_EDGE('',*,*,#81,.T.);
#81 = EDGE_CURVE('',#82,#84,#86,.T.);
#82 = VERTEX_POINT('',#83);
#83 = CARTESIAN_POINT('',(121.797335,-43.945,0.));
#84 = VERTEX_POINT('',#85);
#85 = CARTESIAN_POINT('',(121.797335,-43.945,1.51));
#86 = LINE('',#87,#88);
#87 = CARTESIAN_POINT('',(121.797335,-43.945,0.));
#88 = VECTOR('',#89,1.);
#89 = DIRECTION('',(0.,0.,1.));
#90 = ORIENTED_EDGE('',*,*,#91,.T.);
#91 = EDGE_CURVE('',#84,#42,#92,.T.);
#92 = LINE('',#93,#94);
#93 = CARTESIAN_POINT('',(121.797335,-43.945,1.51));
#94 = VECTOR('',#95,1.);
#95 = DIRECTION('',(1.,0.,0.));
#96 = ORIENTED_EDGE('',*,*,#39,.F.);
#97 = ORIENTED_EDGE('',*,*,#98,.F.);
#98 = EDGE_CURVE('',#82,#40,#99,.T.);
#99 = LINE('',#100,#101);
#100 = CARTESIAN_POINT('',(121.797335,-43.945,0.));
#101 = VECTOR('',#102,1.);
#102 = DIRECTION('',(1.,0.,0.));
#103 = PLANE('',#104);
#104 = AXIS2_PLACEMENT_3D('',#105,#106,#107);
#105 = CARTESIAN_POINT('',(121.797335,-43.945,0.));
#106 = DIRECTION('',(0.,1.,0.));
#107 = DIRECTION('',(1.,0.,0.));
#108 = ADVANCED_FACE('',(#109),#134,.T.);
#109 = FACE_BOUND('',#110,.T.);
#110 = EDGE_LOOP('',(#111,#112,#120,#128));
#111 = ORIENTED_EDGE('',*,*,#58,.T.);
#112 = ORIENTED_EDGE('',*,*,#113,.T.);
#113 = EDGE_CURVE('',#50,#114,#116,.T.);
#114 = VERTEX_POINT('',#115);
#115 = CARTESIAN_POINT('',(127.8375,-52.38299,1.51));
#116 = LINE('',#117,#118);
#117 = CARTESIAN_POINT('',(127.8375,-48.945,1.51));
#118 = VECTOR('',#119,1.);
#119 = DIRECTION('',(0.,-1.,0.));
#120 = ORIENTED_EDGE('',*,*,#121,.F.);
#121 = EDGE_CURVE('',#122,#114,#124,.T.);
#122 = VERTEX_POINT('',#123);
#123 = CARTESIAN_POINT('',(127.8375,-52.38299,0.));
#124 = LINE('',#125,#126);
#125 = CARTESIAN_POINT('',(127.8375,-52.38299,0.));
#126 = VECTOR('',#127,1.);
#127 = DIRECTION('',(0.,0.,1.));
#128 = ORIENTED_EDGE('',*,*,#129,.F.);
#129 = EDGE_CURVE('',#59,#122,#130,.T.);
#130 = LINE('',#131,#132);
#131 = CARTESIAN_POINT('',(127.8375,-48.945,0.));
#132 = VECTOR('',#133,1.);
#133 = DIRECTION('',(0.,-1.,0.));
#134 = PLANE('',#135);
#135 = AXIS2_PLACEMENT_3D('',#136,#137,#138);
#136 = CARTESIAN_POINT('',(127.8375,-48.945,0.));
#137 = DIRECTION('',(1.,0.,-0.));
#138 = DIRECTION('',(0.,-1.,0.));
#139 = ADVANCED_FACE('',(#140,#250,#261,#272,#446,#457,#468,#479,#490,
    #664,#675,#686,#860,#871,#882,#893,#1067,#1078,#1089,#1100,#1111,
    #1122,#1133,#1307,#1318,#1329,#1340,#1351,#1362,#1373,#1384,#1395,
    #1406,#1417,#1428,#1602,#1613,#1624,#1635,#1809,#1820,#1831,#1842,
    #1853,#2027,#2038,#2212,#2223,#2234,#2245,#2256,#2267,#2278,#2452,
    #2463,#2474,#2485,#2496,#2507,#2681,#2692,#2703,#2714,#2725,#2736,
    #2747,#2758,#2769,#2780,#2791,#2965,#2976,#2987,#2998,#3009,#3020,
    #3031,#3205,#3216,#3227,#3238,#3249,#3423,#3434,#3608,#3619,#3630,
    #3641,#3652,#3826,#3837,#3848,#3859,#3870,#3881,#3892,#3903,#3914,
    #3925,#3936,#3947,#3958,#3969,#3980,#3991,#4027,#4038,#4074,#4085,
    #4259,#4270,#4281,#4292,#4466,#4477,#4488,#4662,#4673,#4684,#4695,
    #4706,#4880,#4891,#4902,#4913,#4924,#4935,#4946,#4957,#4968,#5004,
    #5040,#5051,#5062,#5073,#5084,#5095),#5106,.F.);
#140 = FACE_BOUND('',#141,.F.);
#141 = EDGE_LOOP('',(#142,#143,#144,#152,#160,#169,#177,#185,#193,#202,
    #210,#218,#226,#235,#243,#249));
#142 = ORIENTED_EDGE('',*,*,#66,.F.);
#143 = ORIENTED_EDGE('',*,*,#98,.F.);
#144 = ORIENTED_EDGE('',*,*,#145,.F.);
#145 = EDGE_CURVE('',#146,#82,#148,.T.);
#146 = VERTEX_POINT('',#147);
#147 = CARTESIAN_POINT('',(41.577665,-43.945,0.));
#148 = LINE('',#149,#150);
#149 = CARTESIAN_POINT('',(41.577665,-43.945,0.));
#150 = VECTOR('',#151,1.);
#151 = DIRECTION('',(1.,0.,0.));
#152 = ORIENTED_EDGE('',*,*,#153,.F.);
#153 = EDGE_CURVE('',#154,#146,#156,.T.);
#154 = VERTEX_POINT('',#155);
#155 = CARTESIAN_POINT('',(40.5375,-43.945,0.));
#156 = LINE('',#157,#158);
#157 = CARTESIAN_POINT('',(40.5375,-43.945,0.));
#158 = VECTOR('',#159,1.);
#159 = DIRECTION('',(1.,0.,0.));
#160 = ORIENTED_EDGE('',*,*,#161,.F.);
#161 = EDGE_CURVE('',#162,#154,#164,.T.);
#162 = VERTEX_POINT('',#163);
#163 = CARTESIAN_POINT('',(35.5375,-48.945,0.));
#164 = CIRCLE('',#165,4.999999678834);
#165 = AXIS2_PLACEMENT_3D('',#166,#167,#168);
#166 = CARTESIAN_POINT('',(40.537499678834,-48.94499967883,0.));
#167 = DIRECTION('',(0.,0.,-1.));
#168 = DIRECTION('',(-1.,-6.423314275614E-08,-0.));
#169 = ORIENTED_EDGE('',*,*,#170,.F.);
#170 = EDGE_CURVE('',#171,#162,#173,.T.);
#171 = VERTEX_POINT('',#172);
#172 = CARTESIAN_POINT('',(35.5375,-52.38299,0.));
#173 = LINE('',#174,#175);
#174 = CARTESIAN_POINT('',(35.5375,-52.38299,0.));
#175 = VECTOR('',#176,1.);
#176 = DIRECTION('',(0.,1.,0.));
#177 = ORIENTED_EDGE('',*,*,#178,.F.);
#178 = EDGE_CURVE('',#179,#171,#181,.T.);
#179 = VERTEX_POINT('',#180);
#180 = CARTESIAN_POINT('',(35.5375,-150.85701,0.));
#181 = LINE('',#182,#183);
#182 = CARTESIAN_POINT('',(35.5375,-150.85701,0.));
#183 = VECTOR('',#184,1.);
#184 = DIRECTION('',(0.,1.,0.));
#185 = ORIENTED_EDGE('',*,*,#186,.F.);
#186 = EDGE_CURVE('',#187,#179,#189,.T.);
#187 = VERTEX_POINT('',#188);
#188 = CARTESIAN_POINT('',(35.5375,-154.295,0.));
#189 = LINE('',#190,#191);
#190 = CARTESIAN_POINT('',(35.5375,-154.295,0.));
#191 = VECTOR('',#192,1.);
#192 = DIRECTION('',(0.,1.,0.));
#193 = ORIENTED_EDGE('',*,*,#194,.F.);
#194 = EDGE_CURVE('',#195,#187,#197,.T.);
#195 = VERTEX_POINT('',#196);
#196 = CARTESIAN_POINT('',(40.5375,-159.295,0.));
#197 = CIRCLE('',#198,4.999999678834);
#198 = AXIS2_PLACEMENT_3D('',#199,#200,#201);
#199 = CARTESIAN_POINT('',(40.537499678834,-154.2950003211,0.));
#200 = DIRECTION('',(0.,0.,-1.));
#201 = DIRECTION('',(6.42331470194E-08,-1.,0.));
#202 = ORIENTED_EDGE('',*,*,#203,.F.);
#203 = EDGE_CURVE('',#204,#195,#206,.T.);
#204 = VERTEX_POINT('',#205);
#205 = CARTESIAN_POINT('',(41.577665,-159.295,0.));
#206 = LINE('',#207,#208);
#207 = CARTESIAN_POINT('',(41.577665,-159.295,0.));
#208 = VECTOR('',#209,1.);
#209 = DIRECTION('',(-1.,0.,0.));
#210 = ORIENTED_EDGE('',*,*,#211,.F.);
#211 = EDGE_CURVE('',#212,#204,#214,.T.);
#212 = VERTEX_POINT('',#213);
#213 = CARTESIAN_POINT('',(121.797335,-159.295,0.));
#214 = LINE('',#215,#216);
#215 = CARTESIAN_POINT('',(121.797335,-159.295,0.));
#216 = VECTOR('',#217,1.);
#217 = DIRECTION('',(-1.,0.,0.));
#218 = ORIENTED_EDGE('',*,*,#219,.F.);
#219 = EDGE_CURVE('',#220,#212,#222,.T.);
#220 = VERTEX_POINT('',#221);
#221 = CARTESIAN_POINT('',(122.8375,-159.295,0.));
#222 = LINE('',#223,#224);
#223 = CARTESIAN_POINT('',(122.8375,-159.295,0.));
#224 = VECTOR('',#225,1.);
#225 = DIRECTION('',(-1.,0.,0.));
#226 = ORIENTED_EDGE('',*,*,#227,.F.);
#227 = EDGE_CURVE('',#228,#220,#230,.T.);
#228 = VERTEX_POINT('',#229);
#229 = CARTESIAN_POINT('',(127.8375,-154.295,0.));
#230 = CIRCLE('',#231,4.999999678834);
#231 = AXIS2_PLACEMENT_3D('',#232,#233,#234);
#232 = CARTESIAN_POINT('',(122.83750032116,-154.2950003211,0.));
#233 = DIRECTION('',(0.,0.,-1.));
#234 = DIRECTION('',(1.,6.423315270374E-08,0.));
#235 = ORIENTED_EDGE('',*,*,#236,.F.);
#236 = EDGE_CURVE('',#237,#228,#239,.T.);
#237 = VERTEX_POINT('',#238);
#238 = CARTESIAN_POINT('',(127.8375,-150.85701,0.));
#239 = LINE('',#240,#241);
#240 = CARTESIAN_POINT('',(127.8375,-150.85701,0.));
#241 = VECTOR('',#242,1.);
#242 = DIRECTION('',(0.,-1.,0.));
#243 = ORIENTED_EDGE('',*,*,#244,.F.);
#244 = EDGE_CURVE('',#122,#237,#245,.T.);
#245 = LINE('',#246,#247);
#246 = CARTESIAN_POINT('',(127.8375,-52.38299,0.));
#247 = VECTOR('',#248,1.);
#248 = DIRECTION('',(0.,-1.,0.));
#249 = ORIENTED_EDGE('',*,*,#129,.F.);
#250 = FACE_BOUND('',#251,.F.);
#251 = EDGE_LOOP('',(#252));
#252 = ORIENTED_EDGE('',*,*,#253,.T.);
#253 = EDGE_CURVE('',#254,#254,#256,.T.);
#254 = VERTEX_POINT('',#255);
#255 = CARTESIAN_POINT('',(40.5375,-155.395,0.));
#256 = CIRCLE('',#257,1.1);
#257 = AXIS2_PLACEMENT_3D('',#258,#259,#260);
#258 = CARTESIAN_POINT('',(40.5375,-154.295,0.));
#259 = DIRECTION('',(-0.,0.,-1.));
#260 = DIRECTION('',(-0.,-1.,0.));
#261 = FACE_BOUND('',#262,.F.);
#262 = EDGE_LOOP('',(#263));
#263 = ORIENTED_EDGE('',*,*,#264,.T.);
#264 = EDGE_CURVE('',#265,#265,#267,.T.);
#265 = VERTEX_POINT('',#266);
#266 = CARTESIAN_POINT('',(48.0325,-145.595,0.));
#267 = CIRCLE('',#268,0.875);
#268 = AXIS2_PLACEMENT_3D('',#269,#270,#271);
#269 = CARTESIAN_POINT('',(48.0325,-144.72,0.));
#270 = DIRECTION('',(-0.,0.,-1.));
#271 = DIRECTION('',(-0.,-1.,0.));
#272 = FACE_BOUND('',#273,.F.);
#273 = EDGE_LOOP('',(#274,#285,#294,#302,#310,#319,#328,#337,#345,#353,
    #362,#371,#380,#388,#396,#405,#414,#423,#431,#439));
#274 = ORIENTED_EDGE('',*,*,#275,.F.);
#275 = EDGE_CURVE('',#276,#278,#280,.T.);
#276 = VERTEX_POINT('',#277);
#277 = CARTESIAN_POINT('',(54.856434,-148.943345,0.));
#278 = VERTEX_POINT('',#279);
#279 = CARTESIAN_POINT('',(54.169155,-148.256066,0.));
#280 = CIRCLE('',#281,0.499999603944);
#281 = AXIS2_PLACEMENT_3D('',#282,#283,#284);
#282 = CARTESIAN_POINT('',(54.42965788946,-148.6828421105,0.));
#283 = DIRECTION('',(0.,0.,1.));
#284 = DIRECTION('',(0.853552897188,-0.521006191616,0.));
#285 = ORIENTED_EDGE('',*,*,#286,.F.);
#286 = EDGE_CURVE('',#287,#276,#289,.T.);
#287 = VERTEX_POINT('',#288);
#288 = CARTESIAN_POINT('',(54.8125,-149.099647,0.));
#289 = CIRCLE('',#290,0.299683785035);
#290 = AXIS2_PLACEMENT_3D('',#291,#292,#293);
#291 = CARTESIAN_POINT('',(55.112183771747,-149.0995577564,0.));
#292 = DIRECTION('',(0.,0.,-1.));
#293 = DIRECTION('',(-0.99999995566,-2.977925315492E-04,-0.));
#294 = ORIENTED_EDGE('',*,*,#295,.F.);
#295 = EDGE_CURVE('',#296,#287,#298,.T.);
#296 = VERTEX_POINT('',#297);
#297 = CARTESIAN_POINT('',(54.8125,-149.8,0.));
#298 = LINE('',#299,#300);
#299 = CARTESIAN_POINT('',(54.8125,-149.8,0.));
#300 = VECTOR('',#301,1.);
#301 = DIRECTION('',(0.,1.,0.));
#302 = ORIENTED_EDGE('',*,*,#303,.F.);
#303 = EDGE_CURVE('',#304,#296,#306,.T.);
#304 = VERTEX_POINT('',#305);
#305 = CARTESIAN_POINT('',(54.8125,-150.500353,0.));
#306 = LINE('',#307,#308);
#307 = CARTESIAN_POINT('',(54.8125,-150.500353,0.));
#308 = VECTOR('',#309,1.);
#309 = DIRECTION('',(0.,1.,0.));
#310 = ORIENTED_EDGE('',*,*,#311,.F.);
#311 = EDGE_CURVE('',#312,#304,#314,.T.);
#312 = VERTEX_POINT('',#313);
#313 = CARTESIAN_POINT('',(54.856434,-150.656655,0.));
#314 = CIRCLE('',#315,0.299966762338);
#315 = AXIS2_PLACEMENT_3D('',#316,#317,#318);
#316 = CARTESIAN_POINT('',(55.112466762181,-150.5003626994,0.));
#317 = DIRECTION('',(0.,0.,-1.));
#318 = DIRECTION('',(-0.853537105863,-0.521032061311,-0.));
#319 = ORIENTED_EDGE('',*,*,#320,.F.);
#320 = EDGE_CURVE('',#321,#312,#323,.T.);
#321 = VERTEX_POINT('',#322);
#322 = CARTESIAN_POINT('',(54.169155,-151.343934,0.));
#323 = CIRCLE('',#324,0.499998734392);
#324 = AXIS2_PLACEMENT_3D('',#325,#326,#327);
#325 = CARTESIAN_POINT('',(54.429660504327,-150.9171605043,0.));
#326 = DIRECTION('',(0.,0.,1.));
#327 = DIRECTION('',(-0.521012327448,-0.853549151864,0.));
#328 = ORIENTED_EDGE('',*,*,#329,.F.);
#329 = EDGE_CURVE('',#330,#321,#332,.T.);
#330 = VERTEX_POINT('',#331);
#331 = CARTESIAN_POINT('',(54.012853,-151.3,0.));
#332 = CIRCLE('',#333,0.300023425677);
#333 = AXIS2_PLACEMENT_3D('',#334,#335,#336);
#334 = CARTESIAN_POINT('',(54.012846772307,-151.6000234256,0.));
#335 = DIRECTION('',(0.,0.,-1.));
#336 = DIRECTION('',(2.075735522261E-05,0.999999999785,0.));
#337 = ORIENTED_EDGE('',*,*,#338,.F.);
#338 = EDGE_CURVE('',#339,#330,#341,.T.);
#339 = VERTEX_POINT('',#340);
#340 = CARTESIAN_POINT('',(53.1125,-151.3,0.));
#341 = LINE('',#342,#343);
#342 = CARTESIAN_POINT('',(53.1125,-151.3,0.));
#343 = VECTOR('',#344,1.);
#344 = DIRECTION('',(1.,0.,0.));
#345 = ORIENTED_EDGE('',*,*,#346,.F.);
#346 = EDGE_CURVE('',#347,#339,#349,.T.);
#347 = VERTEX_POINT('',#348);
#348 = CARTESIAN_POINT('',(52.212147,-151.3,0.));
#349 = LINE('',#350,#351);
#350 = CARTESIAN_POINT('',(52.212147,-151.3,0.));
#351 = VECTOR('',#352,1.);
#352 = DIRECTION('',(1.,0.,0.));
#353 = ORIENTED_EDGE('',*,*,#354,.F.);
#354 = EDGE_CURVE('',#355,#347,#357,.T.);
#355 = VERTEX_POINT('',#356);
#356 = CARTESIAN_POINT('',(52.055845,-151.343934,0.));
#357 = CIRCLE('',#358,0.299991600078);
#358 = AXIS2_PLACEMENT_3D('',#359,#360,#361);
#359 = CARTESIAN_POINT('',(52.212144282039,-151.5999916,0.));
#360 = DIRECTION('',(0.,0.,-1.));
#361 = DIRECTION('',(-0.521012195003,0.853549232709,0.));
#362 = ORIENTED_EDGE('',*,*,#363,.F.);
#363 = EDGE_CURVE('',#364,#355,#366,.T.);
#364 = VERTEX_POINT('',#365);
#365 = CARTESIAN_POINT('',(51.368566,-150.656655,0.));
#366 = CIRCLE('',#367,0.499999603944);
#367 = AXIS2_PLACEMENT_3D('',#368,#369,#370);
#368 = CARTESIAN_POINT('',(51.79534211054,-150.9171578894,0.));
#369 = DIRECTION('',(0.,0.,1.));
#370 = DIRECTION('',(-0.853552897188,0.521006191616,0.));
#371 = ORIENTED_EDGE('',*,*,#372,.F.);
#372 = EDGE_CURVE('',#373,#364,#375,.T.);
#373 = VERTEX_POINT('',#374);
#374 = CARTESIAN_POINT('',(51.4125,-150.500353,0.));
#375 = CIRCLE('',#376,0.299991600078);
#376 = AXIS2_PLACEMENT_3D('',#377,#378,#379);
#377 = CARTESIAN_POINT('',(51.112508399935,-150.5003557179,0.));
#378 = DIRECTION('',(0.,0.,-1.));
#379 = DIRECTION('',(0.999999999959,9.060123477714E-06,0.));
#380 = ORIENTED_EDGE('',*,*,#381,.F.);
#381 = EDGE_CURVE('',#382,#373,#384,.T.);
#382 = VERTEX_POINT('',#383);
#383 = CARTESIAN_POINT('',(51.4125,-149.8,0.));
#384 = LINE('',#385,#386);
#385 = CARTESIAN_POINT('',(51.4125,-149.8,0.));
#386 = VECTOR('',#387,1.);
#387 = DIRECTION('',(0.,-1.,0.));
#388 = ORIENTED_EDGE('',*,*,#389,.F.);
#389 = EDGE_CURVE('',#390,#382,#392,.T.);
#390 = VERTEX_POINT('',#391);
#391 = CARTESIAN_POINT('',(51.4125,-149.099647,0.));
#392 = LINE('',#393,#394);
#393 = CARTESIAN_POINT('',(51.4125,-149.099647,0.));
#394 = VECTOR('',#395,1.);
#395 = DIRECTION('',(0.,-1.,0.));
#396 = ORIENTED_EDGE('',*,*,#397,.F.);
#397 = EDGE_CURVE('',#398,#390,#400,.T.);
#398 = VERTEX_POINT('',#399);
#399 = CARTESIAN_POINT('',(51.368566,-148.943345,0.));
#400 = CIRCLE('',#401,0.299991600078);
#401 = AXIS2_PLACEMENT_3D('',#402,#403,#404);
#402 = CARTESIAN_POINT('',(51.112508399935,-149.099644282,0.));
#403 = DIRECTION('',(0.,0.,-1.));
#404 = DIRECTION('',(0.853549232709,0.521012195004,0.));
#405 = ORIENTED_EDGE('',*,*,#406,.F.);
#406 = EDGE_CURVE('',#407,#398,#409,.T.);
#407 = VERTEX_POINT('',#408);
#408 = CARTESIAN_POINT('',(52.055845,-148.256066,0.));
#409 = CIRCLE('',#410,0.499999603944);
#410 = AXIS2_PLACEMENT_3D('',#411,#412,#413);
#411 = CARTESIAN_POINT('',(51.79534211054,-148.6828421105,0.));
#412 = DIRECTION('',(0.,0.,1.));
#413 = DIRECTION('',(0.521006191616,0.853552897188,-0.));
#414 = ORIENTED_EDGE('',*,*,#415,.F.);
#415 = EDGE_CURVE('',#416,#407,#418,.T.);
#416 = VERTEX_POINT('',#417);
#417 = CARTESIAN_POINT('',(52.212147,-148.3,0.));
#418 = CIRCLE('',#419,0.299991600078);
#419 = AXIS2_PLACEMENT_3D('',#420,#421,#422);
#420 = CARTESIAN_POINT('',(52.212144282039,-148.0000083999,0.));
#421 = DIRECTION('',(0.,0.,-1.));
#422 = DIRECTION('',(9.060123027678E-06,-0.999999999959,0.));
#423 = ORIENTED_EDGE('',*,*,#424,.F.);
#424 = EDGE_CURVE('',#425,#416,#427,.T.);
#425 = VERTEX_POINT('',#426);
#426 = CARTESIAN_POINT('',(53.1125,-148.3,0.));
#427 = LINE('',#428,#429);
#428 = CARTESIAN_POINT('',(53.1125,-148.3,0.));
#429 = VECTOR('',#430,1.);
#430 = DIRECTION('',(-1.,0.,0.));
#431 = ORIENTED_EDGE('',*,*,#432,.F.);
#432 = EDGE_CURVE('',#433,#425,#435,.T.);
#433 = VERTEX_POINT('',#434);
#434 = CARTESIAN_POINT('',(54.012853,-148.3,0.));
#435 = LINE('',#436,#437);
#436 = CARTESIAN_POINT('',(54.012853,-148.3,0.));
#437 = VECTOR('',#438,1.);
#438 = DIRECTION('',(-1.,0.,0.));
#439 = ORIENTED_EDGE('',*,*,#440,.F.);
#440 = EDGE_CURVE('',#278,#433,#441,.T.);
#441 = CIRCLE('',#442,0.299966762339);
#442 = AXIS2_PLACEMENT_3D('',#443,#444,#445);
#443 = CARTESIAN_POINT('',(54.012862699494,-148.0000332378,0.));
#444 = DIRECTION('',(0.,0.,-1.));
#445 = DIRECTION('',(0.521032061311,-0.853537105864,0.));
#446 = FACE_BOUND('',#447,.F.);
#447 = EDGE_LOOP('',(#448));
#448 = ORIENTED_EDGE('',*,*,#449,.T.);
#449 = EDGE_CURVE('',#450,#450,#452,.T.);
#450 = VERTEX_POINT('',#451);
#451 = CARTESIAN_POINT('',(49.3025,-143.705,0.));
#452 = CIRCLE('',#453,1.525);
#453 = AXIS2_PLACEMENT_3D('',#454,#455,#456);
#454 = CARTESIAN_POINT('',(49.3025,-142.18,0.));
#455 = DIRECTION('',(-0.,0.,-1.));
#456 = DIRECTION('',(-0.,-1.,0.));
#457 = FACE_BOUND('',#458,.F.);
#458 = EDGE_LOOP('',(#459));
#459 = ORIENTED_EDGE('',*,*,#460,.T.);
#460 = EDGE_CURVE('',#461,#461,#463,.T.);
#461 = VERTEX_POINT('',#462);
#462 = CARTESIAN_POINT('',(53.1125,-146.72,0.));
#463 = CIRCLE('',#464,2.);
#464 = AXIS2_PLACEMENT_3D('',#465,#466,#467);
#465 = CARTESIAN_POINT('',(53.1125,-144.72,0.));
#466 = DIRECTION('',(-0.,0.,-1.));
#467 = DIRECTION('',(-0.,-1.,0.));
#468 = FACE_BOUND('',#469,.F.);
#469 = EDGE_LOOP('',(#470));
#470 = ORIENTED_EDGE('',*,*,#471,.T.);
#471 = EDGE_CURVE('',#472,#472,#474,.T.);
#472 = VERTEX_POINT('',#473);
#473 = CARTESIAN_POINT('',(58.1925,-145.595,0.));
#474 = CIRCLE('',#475,0.875);
#475 = AXIS2_PLACEMENT_3D('',#476,#477,#478);
#476 = CARTESIAN_POINT('',(58.1925,-144.72,0.));
#477 = DIRECTION('',(-0.,0.,-1.));
#478 = DIRECTION('',(-0.,-1.,0.));
#479 = FACE_BOUND('',#480,.F.);
#480 = EDGE_LOOP('',(#481));
#481 = ORIENTED_EDGE('',*,*,#482,.T.);
#482 = EDGE_CURVE('',#483,#483,#485,.T.);
#483 = VERTEX_POINT('',#484);
#484 = CARTESIAN_POINT('',(55.6525,-141.165,0.));
#485 = CIRCLE('',#486,1.525);
#486 = AXIS2_PLACEMENT_3D('',#487,#488,#489);
#487 = CARTESIAN_POINT('',(55.6525,-139.64,0.));
#488 = DIRECTION('',(-0.,0.,-1.));
#489 = DIRECTION('',(-0.,-1.,0.));
#490 = FACE_BOUND('',#491,.F.);
#491 = EDGE_LOOP('',(#492,#503,#512,#520,#528,#537,#546,#555,#563,#571,
    #580,#589,#598,#606,#614,#623,#632,#641,#649,#657));
#492 = ORIENTED_EDGE('',*,*,#493,.F.);
#493 = EDGE_CURVE('',#494,#496,#498,.T.);
#494 = VERTEX_POINT('',#495);
#495 = CARTESIAN_POINT('',(54.856434,-129.893345,0.));
#496 = VERTEX_POINT('',#497);
#497 = CARTESIAN_POINT('',(54.169155,-129.206066,0.));
#498 = CIRCLE('',#499,0.499999603944);
#499 = AXIS2_PLACEMENT_3D('',#500,#501,#502);
#500 = CARTESIAN_POINT('',(54.42965788946,-129.6328421105,0.));
#501 = DIRECTION('',(0.,0.,1.));
#502 = DIRECTION('',(0.853552897188,-0.521006191616,0.));
#503 = ORIENTED_EDGE('',*,*,#504,.F.);
#504 = EDGE_CURVE('',#505,#494,#507,.T.);
#505 = VERTEX_POINT('',#506);
#506 = CARTESIAN_POINT('',(54.8125,-130.049647,0.));
#507 = CIRCLE('',#508,0.299683785035);
#508 = AXIS2_PLACEMENT_3D('',#509,#510,#511);
#509 = CARTESIAN_POINT('',(55.112183771747,-130.0495577564,0.));
#510 = DIRECTION('',(0.,0.,-1.));
#511 = DIRECTION('',(-0.99999995566,-2.977925316442E-04,-0.));
#512 = ORIENTED_EDGE('',*,*,#513,.F.);
#513 = EDGE_CURVE('',#514,#505,#516,.T.);
#514 = VERTEX_POINT('',#515);
#515 = CARTESIAN_POINT('',(54.8125,-130.75,0.));
#516 = LINE('',#517,#518);
#517 = CARTESIAN_POINT('',(54.8125,-130.75,0.));
#518 = VECTOR('',#519,1.);
#519 = DIRECTION('',(0.,1.,0.));
#520 = ORIENTED_EDGE('',*,*,#521,.F.);
#521 = EDGE_CURVE('',#522,#514,#524,.T.);
#522 = VERTEX_POINT('',#523);
#523 = CARTESIAN_POINT('',(54.8125,-131.450353,0.));
#524 = LINE('',#525,#526);
#525 = CARTESIAN_POINT('',(54.8125,-131.450353,0.));
#526 = VECTOR('',#527,1.);
#527 = DIRECTION('',(0.,1.,0.));
#528 = ORIENTED_EDGE('',*,*,#529,.F.);
#529 = EDGE_CURVE('',#530,#522,#532,.T.);
#530 = VERTEX_POINT('',#531);
#531 = CARTESIAN_POINT('',(54.856434,-131.606655,0.));
#532 = CIRCLE('',#533,0.299966762338);
#533 = AXIS2_PLACEMENT_3D('',#534,#535,#536);
#534 = CARTESIAN_POINT('',(55.112466762181,-131.4503626994,0.));
#535 = DIRECTION('',(0.,0.,-1.));
#536 = DIRECTION('',(-0.853537105863,-0.521032061311,-0.));
#537 = ORIENTED_EDGE('',*,*,#538,.F.);
#538 = EDGE_CURVE('',#539,#530,#541,.T.);
#539 = VERTEX_POINT('',#540);
#540 = CARTESIAN_POINT('',(54.169155,-132.293934,0.));
#541 = CIRCLE('',#542,0.499998734392);
#542 = AXIS2_PLACEMENT_3D('',#543,#544,#545);
#543 = CARTESIAN_POINT('',(54.429660504327,-131.8671605043,0.));
#544 = DIRECTION('',(0.,0.,1.));
#545 = DIRECTION('',(-0.521012327448,-0.853549151864,0.));
#546 = ORIENTED_EDGE('',*,*,#547,.F.);
#547 = EDGE_CURVE('',#548,#539,#550,.T.);
#548 = VERTEX_POINT('',#549);
#549 = CARTESIAN_POINT('',(54.012853,-132.25,0.));
#550 = CIRCLE('',#551,0.300023425677);
#551 = AXIS2_PLACEMENT_3D('',#552,#553,#554);
#552 = CARTESIAN_POINT('',(54.012846772307,-132.5500234256,0.));
#553 = DIRECTION('',(0.,0.,-1.));
#554 = DIRECTION('',(2.075735505686E-05,0.999999999785,0.));
#555 = ORIENTED_EDGE('',*,*,#556,.F.);
#556 = EDGE_CURVE('',#557,#548,#559,.T.);
#557 = VERTEX_POINT('',#558);
#558 = CARTESIAN_POINT('',(53.1125,-132.25,0.));
#559 = LINE('',#560,#561);
#560 = CARTESIAN_POINT('',(53.1125,-132.25,0.));
#561 = VECTOR('',#562,1.);
#562 = DIRECTION('',(1.,0.,0.));
#563 = ORIENTED_EDGE('',*,*,#564,.F.);
#564 = EDGE_CURVE('',#565,#557,#567,.T.);
#565 = VERTEX_POINT('',#566);
#566 = CARTESIAN_POINT('',(52.212147,-132.25,0.));
#567 = LINE('',#568,#569);
#568 = CARTESIAN_POINT('',(52.212147,-132.25,0.));
#569 = VECTOR('',#570,1.);
#570 = DIRECTION('',(1.,0.,0.));
#571 = ORIENTED_EDGE('',*,*,#572,.F.);
#572 = EDGE_CURVE('',#573,#565,#575,.T.);
#573 = VERTEX_POINT('',#574);
#574 = CARTESIAN_POINT('',(52.055845,-132.293934,0.));
#575 = CIRCLE('',#576,0.299991600077);
#576 = AXIS2_PLACEMENT_3D('',#577,#578,#579);
#577 = CARTESIAN_POINT('',(52.212144282039,-132.5499916,0.));
#578 = DIRECTION('',(0.,0.,-1.));
#579 = DIRECTION('',(-0.521012195004,0.853549232709,0.));
#580 = ORIENTED_EDGE('',*,*,#581,.F.);
#581 = EDGE_CURVE('',#582,#573,#584,.T.);
#582 = VERTEX_POINT('',#583);
#583 = CARTESIAN_POINT('',(51.368566,-131.606655,0.));
#584 = CIRCLE('',#585,0.499999603944);
#585 = AXIS2_PLACEMENT_3D('',#586,#587,#588);
#586 = CARTESIAN_POINT('',(51.79534211054,-131.8671578894,0.));
#587 = DIRECTION('',(0.,0.,1.));
#588 = DIRECTION('',(-0.853552897188,0.521006191615,0.));
#589 = ORIENTED_EDGE('',*,*,#590,.F.);
#590 = EDGE_CURVE('',#591,#582,#593,.T.);
#591 = VERTEX_POINT('',#592);
#592 = CARTESIAN_POINT('',(51.4125,-131.450353,0.));
#593 = CIRCLE('',#594,0.299991600078);
#594 = AXIS2_PLACEMENT_3D('',#595,#596,#597);
#595 = CARTESIAN_POINT('',(51.112508399935,-131.4503557179,0.));
#596 = DIRECTION('',(0.,0.,-1.));
#597 = DIRECTION('',(0.999999999959,9.060123477716E-06,0.));
#598 = ORIENTED_EDGE('',*,*,#599,.F.);
#599 = EDGE_CURVE('',#600,#591,#602,.T.);
#600 = VERTEX_POINT('',#601);
#601 = CARTESIAN_POINT('',(51.4125,-130.75,0.));
#602 = LINE('',#603,#604);
#603 = CARTESIAN_POINT('',(51.4125,-130.75,0.));
#604 = VECTOR('',#605,1.);
#605 = DIRECTION('',(0.,-1.,0.));
#606 = ORIENTED_EDGE('',*,*,#607,.F.);
#607 = EDGE_CURVE('',#608,#600,#610,.T.);
#608 = VERTEX_POINT('',#609);
#609 = CARTESIAN_POINT('',(51.4125,-130.049647,0.));
#610 = LINE('',#611,#612);
#611 = CARTESIAN_POINT('',(51.4125,-130.049647,0.));
#612 = VECTOR('',#613,1.);
#613 = DIRECTION('',(0.,-1.,0.));
#614 = ORIENTED_EDGE('',*,*,#615,.F.);
#615 = EDGE_CURVE('',#616,#608,#618,.T.);
#616 = VERTEX_POINT('',#617);
#617 = CARTESIAN_POINT('',(51.368566,-129.893345,0.));
#618 = CIRCLE('',#619,0.299991600078);
#619 = AXIS2_PLACEMENT_3D('',#620,#621,#622);
#620 = CARTESIAN_POINT('',(51.112508399935,-130.049644282,0.));
#621 = DIRECTION('',(0.,0.,-1.));
#622 = DIRECTION('',(0.853549232709,0.521012195004,0.));
#623 = ORIENTED_EDGE('',*,*,#624,.F.);
#624 = EDGE_CURVE('',#625,#616,#627,.T.);
#625 = VERTEX_POINT('',#626);
#626 = CARTESIAN_POINT('',(52.055845,-129.206066,0.));
#627 = CIRCLE('',#628,0.499999603944);
#628 = AXIS2_PLACEMENT_3D('',#629,#630,#631);
#629 = CARTESIAN_POINT('',(51.79534211054,-129.6328421105,0.));
#630 = DIRECTION('',(0.,0.,1.));
#631 = DIRECTION('',(0.521006191615,0.853552897188,-0.));
#632 = ORIENTED_EDGE('',*,*,#633,.F.);
#633 = EDGE_CURVE('',#634,#625,#636,.T.);
#634 = VERTEX_POINT('',#635);
#635 = CARTESIAN_POINT('',(52.212147,-129.25,0.));
#636 = CIRCLE('',#637,0.299991600077);
#637 = AXIS2_PLACEMENT_3D('',#638,#639,#640);
#638 = CARTESIAN_POINT('',(52.212144282039,-128.9500083999,0.));
#639 = DIRECTION('',(0.,0.,-1.));
#640 = DIRECTION('',(9.060123690891E-06,-0.999999999959,0.));
#641 = ORIENTED_EDGE('',*,*,#642,.F.);
#642 = EDGE_CURVE('',#643,#634,#645,.T.);
#643 = VERTEX_POINT('',#644);
#644 = CARTESIAN_POINT('',(53.1125,-129.25,0.));
#645 = LINE('',#646,#647);
#646 = CARTESIAN_POINT('',(53.1125,-129.25,0.));
#647 = VECTOR('',#648,1.);
#648 = DIRECTION('',(-1.,0.,0.));
#649 = ORIENTED_EDGE('',*,*,#650,.F.);
#650 = EDGE_CURVE('',#651,#643,#653,.T.);
#651 = VERTEX_POINT('',#652);
#652 = CARTESIAN_POINT('',(54.012853,-129.25,0.));
#653 = LINE('',#654,#655);
#654 = CARTESIAN_POINT('',(54.012853,-129.25,0.));
#655 = VECTOR('',#656,1.);
#656 = DIRECTION('',(-1.,0.,0.));
#657 = ORIENTED_EDGE('',*,*,#658,.F.);
#658 = EDGE_CURVE('',#496,#651,#659,.T.);
#659 = CIRCLE('',#660,0.299966762338);
#660 = AXIS2_PLACEMENT_3D('',#661,#662,#663);
#661 = CARTESIAN_POINT('',(54.012862699494,-128.9500332378,0.));
#662 = DIRECTION('',(0.,0.,-1.));
#663 = DIRECTION('',(0.521032061311,-0.853537105863,0.));
#664 = FACE_BOUND('',#665,.F.);
#665 = EDGE_LOOP('',(#666));
#666 = ORIENTED_EDGE('',*,*,#667,.T.);
#667 = EDGE_CURVE('',#668,#668,#670,.T.);
#668 = VERTEX_POINT('',#669);
#669 = CARTESIAN_POINT('',(67.0825,-145.595,0.));
#670 = CIRCLE('',#671,0.875);
#671 = AXIS2_PLACEMENT_3D('',#672,#673,#674);
#672 = CARTESIAN_POINT('',(67.0825,-144.72,0.));
#673 = DIRECTION('',(-0.,0.,-1.));
#674 = DIRECTION('',(-0.,-1.,0.));
#675 = FACE_BOUND('',#676,.F.);
#676 = EDGE_LOOP('',(#677));
#677 = ORIENTED_EDGE('',*,*,#678,.T.);
#678 = EDGE_CURVE('',#679,#679,#681,.T.);
#679 = VERTEX_POINT('',#680);
#680 = CARTESIAN_POINT('',(68.3525,-143.705,0.));
#681 = CIRCLE('',#682,1.525);
#682 = AXIS2_PLACEMENT_3D('',#683,#684,#685);
#683 = CARTESIAN_POINT('',(68.3525,-142.18,0.));
#684 = DIRECTION('',(-0.,0.,-1.));
#685 = DIRECTION('',(9.31859325587E-15,-1.,-0.));
#686 = FACE_BOUND('',#687,.F.);
#687 = EDGE_LOOP('',(#688,#699,#708,#716,#724,#733,#742,#751,#759,#767,
    #776,#785,#794,#802,#810,#819,#828,#837,#845,#853));
#688 = ORIENTED_EDGE('',*,*,#689,.F.);
#689 = EDGE_CURVE('',#690,#692,#694,.T.);
#690 = VERTEX_POINT('',#691);
#691 = CARTESIAN_POINT('',(73.906434,-148.943345,0.));
#692 = VERTEX_POINT('',#693);
#693 = CARTESIAN_POINT('',(73.219155,-148.256066,0.));
#694 = CIRCLE('',#695,0.499999603944);
#695 = AXIS2_PLACEMENT_3D('',#696,#697,#698);
#696 = CARTESIAN_POINT('',(73.47965788946,-148.6828421105,0.));
#697 = DIRECTION('',(0.,0.,1.));
#698 = DIRECTION('',(0.853552897188,-0.521006191616,0.));
#699 = ORIENTED_EDGE('',*,*,#700,.F.);
#700 = EDGE_CURVE('',#701,#690,#703,.T.);
#701 = VERTEX_POINT('',#702);
#702 = CARTESIAN_POINT('',(73.8625,-149.099647,0.));
#703 = CIRCLE('',#704,0.299683785035);
#704 = AXIS2_PLACEMENT_3D('',#705,#706,#707);
#705 = CARTESIAN_POINT('',(74.162183771747,-149.0995577564,0.));
#706 = DIRECTION('',(0.,0.,-1.));
#707 = DIRECTION('',(-0.99999995566,-2.977925314542E-04,-0.));
#708 = ORIENTED_EDGE('',*,*,#709,.F.);
#709 = EDGE_CURVE('',#710,#701,#712,.T.);
#710 = VERTEX_POINT('',#711);
#711 = CARTESIAN_POINT('',(73.8625,-149.8,0.));
#712 = LINE('',#713,#714);
#713 = CARTESIAN_POINT('',(73.8625,-149.8,0.));
#714 = VECTOR('',#715,1.);
#715 = DIRECTION('',(0.,1.,0.));
#716 = ORIENTED_EDGE('',*,*,#717,.F.);
#717 = EDGE_CURVE('',#718,#710,#720,.T.);
#718 = VERTEX_POINT('',#719);
#719 = CARTESIAN_POINT('',(73.8625,-150.500353,0.));
#720 = LINE('',#721,#722);
#721 = CARTESIAN_POINT('',(73.8625,-150.500353,0.));
#722 = VECTOR('',#723,1.);
#723 = DIRECTION('',(0.,1.,0.));
#724 = ORIENTED_EDGE('',*,*,#725,.F.);
#725 = EDGE_CURVE('',#726,#718,#728,.T.);
#726 = VERTEX_POINT('',#727);
#727 = CARTESIAN_POINT('',(73.906434,-150.656655,0.));
#728 = CIRCLE('',#729,0.299966762338);
#729 = AXIS2_PLACEMENT_3D('',#730,#731,#732);
#730 = CARTESIAN_POINT('',(74.162466762181,-150.5003626994,0.));
#731 = DIRECTION('',(0.,0.,-1.));
#732 = DIRECTION('',(-0.853537105863,-0.521032061311,-0.));
#733 = ORIENTED_EDGE('',*,*,#734,.F.);
#734 = EDGE_CURVE('',#735,#726,#737,.T.);
#735 = VERTEX_POINT('',#736);
#736 = CARTESIAN_POINT('',(73.219155,-151.343934,0.));
#737 = CIRCLE('',#738,0.499998734392);
#738 = AXIS2_PLACEMENT_3D('',#739,#740,#741);
#739 = CARTESIAN_POINT('',(73.479660504327,-150.9171605043,0.));
#740 = DIRECTION('',(0.,0.,1.));
#741 = DIRECTION('',(-0.521012327448,-0.853549151864,0.));
#742 = ORIENTED_EDGE('',*,*,#743,.F.);
#743 = EDGE_CURVE('',#744,#735,#746,.T.);
#744 = VERTEX_POINT('',#745);
#745 = CARTESIAN_POINT('',(73.062853,-151.3,0.));
#746 = CIRCLE('',#747,0.300023425677);
#747 = AXIS2_PLACEMENT_3D('',#748,#749,#750);
#748 = CARTESIAN_POINT('',(73.062846772307,-151.6000234256,0.));
#749 = DIRECTION('',(0.,0.,-1.));
#750 = DIRECTION('',(2.075735526998E-05,0.999999999785,0.));
#751 = ORIENTED_EDGE('',*,*,#752,.F.);
#752 = EDGE_CURVE('',#753,#744,#755,.T.);
#753 = VERTEX_POINT('',#754);
#754 = CARTESIAN_POINT('',(72.1625,-151.3,0.));
#755 = LINE('',#756,#757);
#756 = CARTESIAN_POINT('',(72.1625,-151.3,0.));
#757 = VECTOR('',#758,1.);
#758 = DIRECTION('',(1.,0.,0.));
#759 = ORIENTED_EDGE('',*,*,#760,.F.);
#760 = EDGE_CURVE('',#761,#753,#763,.T.);
#761 = VERTEX_POINT('',#762);
#762 = CARTESIAN_POINT('',(71.262147,-151.3,0.));
#763 = LINE('',#764,#765);
#764 = CARTESIAN_POINT('',(71.262147,-151.3,0.));
#765 = VECTOR('',#766,1.);
#766 = DIRECTION('',(1.,0.,0.));
#767 = ORIENTED_EDGE('',*,*,#768,.F.);
#768 = EDGE_CURVE('',#769,#761,#771,.T.);
#769 = VERTEX_POINT('',#770);
#770 = CARTESIAN_POINT('',(71.105845,-151.343934,0.));
#771 = CIRCLE('',#772,0.299991600078);
#772 = AXIS2_PLACEMENT_3D('',#773,#774,#775);
#773 = CARTESIAN_POINT('',(71.262144282039,-151.5999916,0.));
#774 = DIRECTION('',(0.,0.,-1.));
#775 = DIRECTION('',(-0.521012195003,0.853549232709,0.));
#776 = ORIENTED_EDGE('',*,*,#777,.F.);
#777 = EDGE_CURVE('',#778,#769,#780,.T.);
#778 = VERTEX_POINT('',#779);
#779 = CARTESIAN_POINT('',(70.418566,-150.656655,0.));
#780 = CIRCLE('',#781,0.499999603944);
#781 = AXIS2_PLACEMENT_3D('',#782,#783,#784);
#782 = CARTESIAN_POINT('',(70.84534211054,-150.9171578894,0.));
#783 = DIRECTION('',(0.,0.,1.));
#784 = DIRECTION('',(-0.853552897188,0.521006191616,0.));
#785 = ORIENTED_EDGE('',*,*,#786,.F.);
#786 = EDGE_CURVE('',#787,#778,#789,.T.);
#787 = VERTEX_POINT('',#788);
#788 = CARTESIAN_POINT('',(70.4625,-150.500353,0.));
#789 = CIRCLE('',#790,0.299991600078);
#790 = AXIS2_PLACEMENT_3D('',#791,#792,#793);
#791 = CARTESIAN_POINT('',(70.162508399935,-150.5003557179,0.));
#792 = DIRECTION('',(0.,0.,-1.));
#793 = DIRECTION('',(0.999999999959,9.060123382969E-06,0.));
#794 = ORIENTED_EDGE('',*,*,#795,.F.);
#795 = EDGE_CURVE('',#796,#787,#798,.T.);
#796 = VERTEX_POINT('',#797);
#797 = CARTESIAN_POINT('',(70.4625,-149.8,0.));
#798 = LINE('',#799,#800);
#799 = CARTESIAN_POINT('',(70.4625,-149.8,0.));
#800 = VECTOR('',#801,1.);
#801 = DIRECTION('',(0.,-1.,0.));
#802 = ORIENTED_EDGE('',*,*,#803,.F.);
#803 = EDGE_CURVE('',#804,#796,#806,.T.);
#804 = VERTEX_POINT('',#805);
#805 = CARTESIAN_POINT('',(70.4625,-149.099647,0.));
#806 = LINE('',#807,#808);
#807 = CARTESIAN_POINT('',(70.4625,-149.099647,0.));
#808 = VECTOR('',#809,1.);
#809 = DIRECTION('',(0.,-1.,0.));
#810 = ORIENTED_EDGE('',*,*,#811,.F.);
#811 = EDGE_CURVE('',#812,#804,#814,.T.);
#812 = VERTEX_POINT('',#813);
#813 = CARTESIAN_POINT('',(70.418566,-148.943345,0.));
#814 = CIRCLE('',#815,0.299991600078);
#815 = AXIS2_PLACEMENT_3D('',#816,#817,#818);
#816 = CARTESIAN_POINT('',(70.162508399935,-149.099644282,0.));
#817 = DIRECTION('',(0.,0.,-1.));
#818 = DIRECTION('',(0.853549232709,0.521012195004,0.));
#819 = ORIENTED_EDGE('',*,*,#820,.F.);
#820 = EDGE_CURVE('',#821,#812,#823,.T.);
#821 = VERTEX_POINT('',#822);
#822 = CARTESIAN_POINT('',(71.105845,-148.256066,0.));
#823 = CIRCLE('',#824,0.499999603944);
#824 = AXIS2_PLACEMENT_3D('',#825,#826,#827);
#825 = CARTESIAN_POINT('',(70.84534211054,-148.6828421105,0.));
#826 = DIRECTION('',(0.,0.,1.));
#827 = DIRECTION('',(0.521006191616,0.853552897188,-0.));
#828 = ORIENTED_EDGE('',*,*,#829,.F.);
#829 = EDGE_CURVE('',#830,#821,#832,.T.);
#830 = VERTEX_POINT('',#831);
#831 = CARTESIAN_POINT('',(71.262147,-148.3,0.));
#832 = CIRCLE('',#833,0.299991600078);
#833 = AXIS2_PLACEMENT_3D('',#834,#835,#836);
#834 = CARTESIAN_POINT('',(71.262144282039,-148.0000083999,0.));
#835 = DIRECTION('',(0.,0.,-1.));
#836 = DIRECTION('',(9.060123051365E-06,-0.999999999959,0.));
#837 = ORIENTED_EDGE('',*,*,#838,.F.);
#838 = EDGE_CURVE('',#839,#830,#841,.T.);
#839 = VERTEX_POINT('',#840);
#840 = CARTESIAN_POINT('',(72.1625,-148.3,0.));
#841 = LINE('',#842,#843);
#842 = CARTESIAN_POINT('',(72.1625,-148.3,0.));
#843 = VECTOR('',#844,1.);
#844 = DIRECTION('',(-1.,0.,0.));
#845 = ORIENTED_EDGE('',*,*,#846,.F.);
#846 = EDGE_CURVE('',#847,#839,#849,.T.);
#847 = VERTEX_POINT('',#848);
#848 = CARTESIAN_POINT('',(73.062853,-148.3,0.));
#849 = LINE('',#850,#851);
#850 = CARTESIAN_POINT('',(73.062853,-148.3,0.));
#851 = VECTOR('',#852,1.);
#852 = DIRECTION('',(-1.,0.,0.));
#853 = ORIENTED_EDGE('',*,*,#854,.F.);
#854 = EDGE_CURVE('',#692,#847,#855,.T.);
#855 = CIRCLE('',#856,0.299966762339);
#856 = AXIS2_PLACEMENT_3D('',#857,#858,#859);
#857 = CARTESIAN_POINT('',(73.062862699494,-148.0000332378,0.));
#858 = DIRECTION('',(0.,0.,-1.));
#859 = DIRECTION('',(0.521032061311,-0.853537105864,0.));
#860 = FACE_BOUND('',#861,.F.);
#861 = EDGE_LOOP('',(#862));
#862 = ORIENTED_EDGE('',*,*,#863,.T.);
#863 = EDGE_CURVE('',#864,#864,#866,.T.);
#864 = VERTEX_POINT('',#865);
#865 = CARTESIAN_POINT('',(72.1625,-146.72,0.));
#866 = CIRCLE('',#867,2.);
#867 = AXIS2_PLACEMENT_3D('',#868,#869,#870);
#868 = CARTESIAN_POINT('',(72.1625,-144.72,0.));
#869 = DIRECTION('',(-0.,0.,-1.));
#870 = DIRECTION('',(-0.,-1.,0.));
#871 = FACE_BOUND('',#872,.F.);
#872 = EDGE_LOOP('',(#873));
#873 = ORIENTED_EDGE('',*,*,#874,.T.);
#874 = EDGE_CURVE('',#875,#875,#877,.T.);
#875 = VERTEX_POINT('',#876);
#876 = CARTESIAN_POINT('',(77.2425,-145.595,0.));
#877 = CIRCLE('',#878,0.875);
#878 = AXIS2_PLACEMENT_3D('',#879,#880,#881);
#879 = CARTESIAN_POINT('',(77.2425,-144.72,0.));
#880 = DIRECTION('',(-0.,0.,-1.));
#881 = DIRECTION('',(-0.,-1.,0.));
#882 = FACE_BOUND('',#883,.F.);
#883 = EDGE_LOOP('',(#884));
#884 = ORIENTED_EDGE('',*,*,#885,.T.);
#885 = EDGE_CURVE('',#886,#886,#888,.T.);
#886 = VERTEX_POINT('',#887);
#887 = CARTESIAN_POINT('',(74.7025,-141.165,0.));
#888 = CIRCLE('',#889,1.525);
#889 = AXIS2_PLACEMENT_3D('',#890,#891,#892);
#890 = CARTESIAN_POINT('',(74.7025,-139.64,0.));
#891 = DIRECTION('',(-0.,0.,-1.));
#892 = DIRECTION('',(-0.,-1.,0.));
#893 = FACE_BOUND('',#894,.F.);
#894 = EDGE_LOOP('',(#895,#906,#915,#923,#931,#940,#949,#958,#966,#974,
    #983,#992,#1001,#1009,#1017,#1026,#1035,#1044,#1052,#1060));
#895 = ORIENTED_EDGE('',*,*,#896,.F.);
#896 = EDGE_CURVE('',#897,#899,#901,.T.);
#897 = VERTEX_POINT('',#898);
#898 = CARTESIAN_POINT('',(73.906434,-129.893345,0.));
#899 = VERTEX_POINT('',#900);
#900 = CARTESIAN_POINT('',(73.219155,-129.206066,0.));
#901 = CIRCLE('',#902,0.499999603944);
#902 = AXIS2_PLACEMENT_3D('',#903,#904,#905);
#903 = CARTESIAN_POINT('',(73.47965788946,-129.6328421105,0.));
#904 = DIRECTION('',(0.,0.,1.));
#905 = DIRECTION('',(0.853552897188,-0.521006191615,0.));
#906 = ORIENTED_EDGE('',*,*,#907,.F.);
#907 = EDGE_CURVE('',#908,#897,#910,.T.);
#908 = VERTEX_POINT('',#909);
#909 = CARTESIAN_POINT('',(73.8625,-130.049647,0.));
#910 = CIRCLE('',#911,0.299683785035);
#911 = AXIS2_PLACEMENT_3D('',#912,#913,#914);
#912 = CARTESIAN_POINT('',(74.162183771747,-130.0495577564,0.));
#913 = DIRECTION('',(0.,0.,-1.));
#914 = DIRECTION('',(-0.99999995566,-2.977925314544E-04,-0.));
#915 = ORIENTED_EDGE('',*,*,#916,.F.);
#916 = EDGE_CURVE('',#917,#908,#919,.T.);
#917 = VERTEX_POINT('',#918);
#918 = CARTESIAN_POINT('',(73.8625,-130.75,0.));
#919 = LINE('',#920,#921);
#920 = CARTESIAN_POINT('',(73.8625,-130.75,0.));
#921 = VECTOR('',#922,1.);
#922 = DIRECTION('',(0.,1.,0.));
#923 = ORIENTED_EDGE('',*,*,#924,.F.);
#924 = EDGE_CURVE('',#925,#917,#927,.T.);
#925 = VERTEX_POINT('',#926);
#926 = CARTESIAN_POINT('',(73.8625,-131.450353,0.));
#927 = LINE('',#928,#929);
#928 = CARTESIAN_POINT('',(73.8625,-131.450353,0.));
#929 = VECTOR('',#930,1.);
#930 = DIRECTION('',(0.,1.,0.));
#931 = ORIENTED_EDGE('',*,*,#932,.F.);
#932 = EDGE_CURVE('',#933,#925,#935,.T.);
#933 = VERTEX_POINT('',#934);
#934 = CARTESIAN_POINT('',(73.906434,-131.606655,0.));
#935 = CIRCLE('',#936,0.299966762338);
#936 = AXIS2_PLACEMENT_3D('',#937,#938,#939);
#937 = CARTESIAN_POINT('',(74.162466762181,-131.4503626994,0.));
#938 = DIRECTION('',(0.,0.,-1.));
#939 = DIRECTION('',(-0.853537105863,-0.521032061311,-0.));
#940 = ORIENTED_EDGE('',*,*,#941,.F.);
#941 = EDGE_CURVE('',#942,#933,#944,.T.);
#942 = VERTEX_POINT('',#943);
#943 = CARTESIAN_POINT('',(73.219155,-132.293934,0.));
#944 = CIRCLE('',#945,0.499998734392);
#945 = AXIS2_PLACEMENT_3D('',#946,#947,#948);
#946 = CARTESIAN_POINT('',(73.479660504327,-131.8671605043,0.));
#947 = DIRECTION('',(0.,0.,1.));
#948 = DIRECTION('',(-0.521012327448,-0.853549151864,0.));
#949 = ORIENTED_EDGE('',*,*,#950,.F.);
#950 = EDGE_CURVE('',#951,#942,#953,.T.);
#951 = VERTEX_POINT('',#952);
#952 = CARTESIAN_POINT('',(73.062853,-132.25,0.));
#953 = CIRCLE('',#954,0.300023425677);
#954 = AXIS2_PLACEMENT_3D('',#955,#956,#957);
#955 = CARTESIAN_POINT('',(73.062846772307,-132.5500234256,0.));
#956 = DIRECTION('',(0.,0.,-1.));
#957 = DIRECTION('',(2.075735508054E-05,0.999999999785,0.));
#958 = ORIENTED_EDGE('',*,*,#959,.F.);
#959 = EDGE_CURVE('',#960,#951,#962,.T.);
#960 = VERTEX_POINT('',#961);
#961 = CARTESIAN_POINT('',(72.1625,-132.25,0.));
#962 = LINE('',#963,#964);
#963 = CARTESIAN_POINT('',(72.1625,-132.25,0.));
#964 = VECTOR('',#965,1.);
#965 = DIRECTION('',(1.,0.,0.));
#966 = ORIENTED_EDGE('',*,*,#967,.F.);
#967 = EDGE_CURVE('',#968,#960,#970,.T.);
#968 = VERTEX_POINT('',#969);
#969 = CARTESIAN_POINT('',(71.262147,-132.25,0.));
#970 = LINE('',#971,#972);
#971 = CARTESIAN_POINT('',(71.262147,-132.25,0.));
#972 = VECTOR('',#973,1.);
#973 = DIRECTION('',(1.,0.,0.));
#974 = ORIENTED_EDGE('',*,*,#975,.F.);
#975 = EDGE_CURVE('',#976,#968,#978,.T.);
#976 = VERTEX_POINT('',#977);
#977 = CARTESIAN_POINT('',(71.105845,-132.293934,0.));
#978 = CIRCLE('',#979,0.299991600077);
#979 = AXIS2_PLACEMENT_3D('',#980,#981,#982);
#980 = CARTESIAN_POINT('',(71.262144282039,-132.5499916,0.));
#981 = DIRECTION('',(0.,0.,-1.));
#982 = DIRECTION('',(-0.521012195004,0.853549232709,0.));
#983 = ORIENTED_EDGE('',*,*,#984,.F.);
#984 = EDGE_CURVE('',#985,#976,#987,.T.);
#985 = VERTEX_POINT('',#986);
#986 = CARTESIAN_POINT('',(70.418566,-131.606655,0.));
#987 = CIRCLE('',#988,0.499999603944);
#988 = AXIS2_PLACEMENT_3D('',#989,#990,#991);
#989 = CARTESIAN_POINT('',(70.84534211054,-131.8671578894,0.));
#990 = DIRECTION('',(0.,0.,1.));
#991 = DIRECTION('',(-0.853552897188,0.521006191615,0.));
#992 = ORIENTED_EDGE('',*,*,#993,.F.);
#993 = EDGE_CURVE('',#994,#985,#996,.T.);
#994 = VERTEX_POINT('',#995);
#995 = CARTESIAN_POINT('',(70.4625,-131.450353,0.));
#996 = CIRCLE('',#997,0.299991600078);
#997 = AXIS2_PLACEMENT_3D('',#998,#999,#1000);
#998 = CARTESIAN_POINT('',(70.162508399935,-131.4503557179,0.));
#999 = DIRECTION('',(0.,0.,-1.));
#1000 = DIRECTION('',(0.999999999959,9.06012338297E-06,0.));
#1001 = ORIENTED_EDGE('',*,*,#1002,.F.);
#1002 = EDGE_CURVE('',#1003,#994,#1005,.T.);
#1003 = VERTEX_POINT('',#1004);
#1004 = CARTESIAN_POINT('',(70.4625,-130.75,0.));
#1005 = LINE('',#1006,#1007);
#1006 = CARTESIAN_POINT('',(70.4625,-130.75,0.));
#1007 = VECTOR('',#1008,1.);
#1008 = DIRECTION('',(0.,-1.,0.));
#1009 = ORIENTED_EDGE('',*,*,#1010,.F.);
#1010 = EDGE_CURVE('',#1011,#1003,#1013,.T.);
#1011 = VERTEX_POINT('',#1012);
#1012 = CARTESIAN_POINT('',(70.4625,-130.049647,0.));
#1013 = LINE('',#1014,#1015);
#1014 = CARTESIAN_POINT('',(70.4625,-130.049647,0.));
#1015 = VECTOR('',#1016,1.);
#1016 = DIRECTION('',(0.,-1.,0.));
#1017 = ORIENTED_EDGE('',*,*,#1018,.F.);
#1018 = EDGE_CURVE('',#1019,#1011,#1021,.T.);
#1019 = VERTEX_POINT('',#1020);
#1020 = CARTESIAN_POINT('',(70.418566,-129.893345,0.));
#1021 = CIRCLE('',#1022,0.299991600078);
#1022 = AXIS2_PLACEMENT_3D('',#1023,#1024,#1025);
#1023 = CARTESIAN_POINT('',(70.162508399935,-130.049644282,0.));
#1024 = DIRECTION('',(0.,0.,-1.));
#1025 = DIRECTION('',(0.853549232709,0.521012195003,0.));
#1026 = ORIENTED_EDGE('',*,*,#1027,.F.);
#1027 = EDGE_CURVE('',#1028,#1019,#1030,.T.);
#1028 = VERTEX_POINT('',#1029);
#1029 = CARTESIAN_POINT('',(71.105845,-129.206066,0.));
#1030 = CIRCLE('',#1031,0.499999603944);
#1031 = AXIS2_PLACEMENT_3D('',#1032,#1033,#1034);
#1032 = CARTESIAN_POINT('',(70.84534211054,-129.6328421105,0.));
#1033 = DIRECTION('',(0.,0.,1.));
#1034 = DIRECTION('',(0.521006191615,0.853552897188,-0.));
#1035 = ORIENTED_EDGE('',*,*,#1036,.F.);
#1036 = EDGE_CURVE('',#1037,#1028,#1039,.T.);
#1037 = VERTEX_POINT('',#1038);
#1038 = CARTESIAN_POINT('',(71.262147,-129.25,0.));
#1039 = CIRCLE('',#1040,0.299991600077);
#1040 = AXIS2_PLACEMENT_3D('',#1041,#1042,#1043);
#1041 = CARTESIAN_POINT('',(71.262144282039,-128.9500083999,0.));
#1042 = DIRECTION('',(0.,0.,-1.));
#1043 = DIRECTION('',(9.060123714578E-06,-0.999999999959,0.));
#1044 = ORIENTED_EDGE('',*,*,#1045,.F.);
#1045 = EDGE_CURVE('',#1046,#1037,#1048,.T.);
#1046 = VERTEX_POINT('',#1047);
#1047 = CARTESIAN_POINT('',(72.1625,-129.25,0.));
#1048 = LINE('',#1049,#1050);
#1049 = CARTESIAN_POINT('',(72.1625,-129.25,0.));
#1050 = VECTOR('',#1051,1.);
#1051 = DIRECTION('',(-1.,0.,0.));
#1052 = ORIENTED_EDGE('',*,*,#1053,.F.);
#1053 = EDGE_CURVE('',#1054,#1046,#1056,.T.);
#1054 = VERTEX_POINT('',#1055);
#1055 = CARTESIAN_POINT('',(73.062853,-129.25,0.));
#1056 = LINE('',#1057,#1058);
#1057 = CARTESIAN_POINT('',(73.062853,-129.25,0.));
#1058 = VECTOR('',#1059,1.);
#1059 = DIRECTION('',(-1.,0.,0.));
#1060 = ORIENTED_EDGE('',*,*,#1061,.F.);
#1061 = EDGE_CURVE('',#899,#1054,#1062,.T.);
#1062 = CIRCLE('',#1063,0.299966762338);
#1063 = AXIS2_PLACEMENT_3D('',#1064,#1065,#1066);
#1064 = CARTESIAN_POINT('',(73.062862699494,-128.9500332378,0.));
#1065 = DIRECTION('',(0.,0.,-1.));
#1066 = DIRECTION('',(0.521032061311,-0.853537105863,0.));
#1067 = FACE_BOUND('',#1068,.F.);
#1068 = EDGE_LOOP('',(#1069));
#1069 = ORIENTED_EDGE('',*,*,#1070,.T.);
#1070 = EDGE_CURVE('',#1071,#1071,#1073,.T.);
#1071 = VERTEX_POINT('',#1072);
#1072 = CARTESIAN_POINT('',(48.0325,-126.545,0.));
#1073 = CIRCLE('',#1074,0.875);
#1074 = AXIS2_PLACEMENT_3D('',#1075,#1076,#1077);
#1075 = CARTESIAN_POINT('',(48.0325,-125.67,0.));
#1076 = DIRECTION('',(-0.,0.,-1.));
#1077 = DIRECTION('',(-0.,-1.,0.));
#1078 = FACE_BOUND('',#1079,.F.);
#1079 = EDGE_LOOP('',(#1080));
#1080 = ORIENTED_EDGE('',*,*,#1081,.T.);
#1081 = EDGE_CURVE('',#1082,#1082,#1084,.T.);
#1082 = VERTEX_POINT('',#1083);
#1083 = CARTESIAN_POINT('',(53.1125,-127.67,0.));
#1084 = CIRCLE('',#1085,2.);
#1085 = AXIS2_PLACEMENT_3D('',#1086,#1087,#1088);
#1086 = CARTESIAN_POINT('',(53.1125,-125.67,0.));
#1087 = DIRECTION('',(-0.,0.,-1.));
#1088 = DIRECTION('',(-0.,-1.,0.));
#1089 = FACE_BOUND('',#1090,.F.);
#1090 = EDGE_LOOP('',(#1091));
#1091 = ORIENTED_EDGE('',*,*,#1092,.T.);
#1092 = EDGE_CURVE('',#1093,#1093,#1095,.T.);
#1093 = VERTEX_POINT('',#1094);
#1094 = CARTESIAN_POINT('',(49.3025,-124.655,0.));
#1095 = CIRCLE('',#1096,1.525);
#1096 = AXIS2_PLACEMENT_3D('',#1097,#1098,#1099);
#1097 = CARTESIAN_POINT('',(49.3025,-123.13,0.));
#1098 = DIRECTION('',(-0.,0.,-1.));
#1099 = DIRECTION('',(-0.,-1.,0.));
#1100 = FACE_BOUND('',#1101,.F.);
#1101 = EDGE_LOOP('',(#1102));
#1102 = ORIENTED_EDGE('',*,*,#1103,.T.);
#1103 = EDGE_CURVE('',#1104,#1104,#1106,.T.);
#1104 = VERTEX_POINT('',#1105);
#1105 = CARTESIAN_POINT('',(58.1925,-126.545,0.));
#1106 = CIRCLE('',#1107,0.875);
#1107 = AXIS2_PLACEMENT_3D('',#1108,#1109,#1110);
#1108 = CARTESIAN_POINT('',(58.1925,-125.67,0.));
#1109 = DIRECTION('',(-0.,0.,-1.));
#1110 = DIRECTION('',(-0.,-1.,0.));
#1111 = FACE_BOUND('',#1112,.F.);
#1112 = EDGE_LOOP('',(#1113));
#1113 = ORIENTED_EDGE('',*,*,#1114,.T.);
#1114 = EDGE_CURVE('',#1115,#1115,#1117,.T.);
#1115 = VERTEX_POINT('',#1116);
#1116 = CARTESIAN_POINT('',(55.6525,-122.115,0.));
#1117 = CIRCLE('',#1118,1.525);
#1118 = AXIS2_PLACEMENT_3D('',#1119,#1120,#1121);
#1119 = CARTESIAN_POINT('',(55.6525,-120.59,0.));
#1120 = DIRECTION('',(-0.,0.,-1.));
#1121 = DIRECTION('',(-0.,-1.,0.));
#1122 = FACE_BOUND('',#1123,.F.);
#1123 = EDGE_LOOP('',(#1124));
#1124 = ORIENTED_EDGE('',*,*,#1125,.T.);
#1125 = EDGE_CURVE('',#1126,#1126,#1128,.T.);
#1126 = VERTEX_POINT('',#1127);
#1127 = CARTESIAN_POINT('',(48.0325,-107.495,0.));
#1128 = CIRCLE('',#1129,0.875);
#1129 = AXIS2_PLACEMENT_3D('',#1130,#1131,#1132);
#1130 = CARTESIAN_POINT('',(48.0325,-106.62,0.));
#1131 = DIRECTION('',(-0.,0.,-1.));
#1132 = DIRECTION('',(-0.,-1.,0.));
#1133 = FACE_BOUND('',#1134,.F.);
#1134 = EDGE_LOOP('',(#1135,#1146,#1155,#1163,#1171,#1180,#1189,#1198,
    #1206,#1214,#1223,#1232,#1241,#1249,#1257,#1266,#1275,#1284,#1292,
    #1300));
#1135 = ORIENTED_EDGE('',*,*,#1136,.F.);
#1136 = EDGE_CURVE('',#1137,#1139,#1141,.T.);
#1137 = VERTEX_POINT('',#1138);
#1138 = CARTESIAN_POINT('',(54.856434,-110.843345,0.));
#1139 = VERTEX_POINT('',#1140);
#1140 = CARTESIAN_POINT('',(54.169155,-110.156066,0.));
#1141 = CIRCLE('',#1142,0.499999603944);
#1142 = AXIS2_PLACEMENT_3D('',#1143,#1144,#1145);
#1143 = CARTESIAN_POINT('',(54.42965788946,-110.5828421105,0.));
#1144 = DIRECTION('',(0.,0.,1.));
#1145 = DIRECTION('',(0.853552897188,-0.521006191616,0.));
#1146 = ORIENTED_EDGE('',*,*,#1147,.F.);
#1147 = EDGE_CURVE('',#1148,#1137,#1150,.T.);
#1148 = VERTEX_POINT('',#1149);
#1149 = CARTESIAN_POINT('',(54.8125,-110.999647,0.));
#1150 = CIRCLE('',#1151,0.299683785035);
#1151 = AXIS2_PLACEMENT_3D('',#1152,#1153,#1154);
#1152 = CARTESIAN_POINT('',(55.112183771747,-110.9995577564,0.));
#1153 = DIRECTION('',(0.,0.,-1.));
#1154 = DIRECTION('',(-0.99999995566,-2.977925314543E-04,-0.));
#1155 = ORIENTED_EDGE('',*,*,#1156,.F.);
#1156 = EDGE_CURVE('',#1157,#1148,#1159,.T.);
#1157 = VERTEX_POINT('',#1158);
#1158 = CARTESIAN_POINT('',(54.8125,-111.7,0.));
#1159 = LINE('',#1160,#1161);
#1160 = CARTESIAN_POINT('',(54.8125,-111.7,0.));
#1161 = VECTOR('',#1162,1.);
#1162 = DIRECTION('',(0.,1.,0.));
#1163 = ORIENTED_EDGE('',*,*,#1164,.F.);
#1164 = EDGE_CURVE('',#1165,#1157,#1167,.T.);
#1165 = VERTEX_POINT('',#1166);
#1166 = CARTESIAN_POINT('',(54.8125,-112.400353,0.));
#1167 = LINE('',#1168,#1169);
#1168 = CARTESIAN_POINT('',(54.8125,-112.400353,0.));
#1169 = VECTOR('',#1170,1.);
#1170 = DIRECTION('',(0.,1.,0.));
#1171 = ORIENTED_EDGE('',*,*,#1172,.F.);
#1172 = EDGE_CURVE('',#1173,#1165,#1175,.T.);
#1173 = VERTEX_POINT('',#1174);
#1174 = CARTESIAN_POINT('',(54.856434,-112.556655,0.));
#1175 = CIRCLE('',#1176,0.299966762338);
#1176 = AXIS2_PLACEMENT_3D('',#1177,#1178,#1179);
#1177 = CARTESIAN_POINT('',(55.112466762181,-112.4003626994,0.));
#1178 = DIRECTION('',(0.,0.,-1.));
#1179 = DIRECTION('',(-0.853537105863,-0.521032061311,-0.));
#1180 = ORIENTED_EDGE('',*,*,#1181,.F.);
#1181 = EDGE_CURVE('',#1182,#1173,#1184,.T.);
#1182 = VERTEX_POINT('',#1183);
#1183 = CARTESIAN_POINT('',(54.169155,-113.243934,0.));
#1184 = CIRCLE('',#1185,0.499998734392);
#1185 = AXIS2_PLACEMENT_3D('',#1186,#1187,#1188);
#1186 = CARTESIAN_POINT('',(54.429660504327,-112.8171605043,0.));
#1187 = DIRECTION('',(0.,0.,1.));
#1188 = DIRECTION('',(-0.521012327448,-0.853549151864,0.));
#1189 = ORIENTED_EDGE('',*,*,#1190,.F.);
#1190 = EDGE_CURVE('',#1191,#1182,#1193,.T.);
#1191 = VERTEX_POINT('',#1192);
#1192 = CARTESIAN_POINT('',(54.012853,-113.2,0.));
#1193 = CIRCLE('',#1194,0.300023425677);
#1194 = AXIS2_PLACEMENT_3D('',#1195,#1196,#1197);
#1195 = CARTESIAN_POINT('',(54.012846772307,-113.5000234256,0.));
#1196 = DIRECTION('',(0.,0.,-1.));
#1197 = DIRECTION('',(2.075735515157E-05,0.999999999785,0.));
#1198 = ORIENTED_EDGE('',*,*,#1199,.F.);
#1199 = EDGE_CURVE('',#1200,#1191,#1202,.T.);
#1200 = VERTEX_POINT('',#1201);
#1201 = CARTESIAN_POINT('',(53.1125,-113.2,0.));
#1202 = LINE('',#1203,#1204);
#1203 = CARTESIAN_POINT('',(53.1125,-113.2,0.));
#1204 = VECTOR('',#1205,1.);
#1205 = DIRECTION('',(1.,0.,0.));
#1206 = ORIENTED_EDGE('',*,*,#1207,.F.);
#1207 = EDGE_CURVE('',#1208,#1200,#1210,.T.);
#1208 = VERTEX_POINT('',#1209);
#1209 = CARTESIAN_POINT('',(52.212147,-113.2,0.));
#1210 = LINE('',#1211,#1212);
#1211 = CARTESIAN_POINT('',(52.212147,-113.2,0.));
#1212 = VECTOR('',#1213,1.);
#1213 = DIRECTION('',(1.,0.,0.));
#1214 = ORIENTED_EDGE('',*,*,#1215,.F.);
#1215 = EDGE_CURVE('',#1216,#1208,#1218,.T.);
#1216 = VERTEX_POINT('',#1217);
#1217 = CARTESIAN_POINT('',(52.055845,-113.243934,0.));
#1218 = CIRCLE('',#1219,0.299991600078);
#1219 = AXIS2_PLACEMENT_3D('',#1220,#1221,#1222);
#1220 = CARTESIAN_POINT('',(52.212144282039,-113.4999916,0.));
#1221 = DIRECTION('',(0.,0.,-1.));
#1222 = DIRECTION('',(-0.521012195004,0.853549232709,0.));
#1223 = ORIENTED_EDGE('',*,*,#1224,.F.);
#1224 = EDGE_CURVE('',#1225,#1216,#1227,.T.);
#1225 = VERTEX_POINT('',#1226);
#1226 = CARTESIAN_POINT('',(51.368566,-112.556655,0.));
#1227 = CIRCLE('',#1228,0.499999603944);
#1228 = AXIS2_PLACEMENT_3D('',#1229,#1230,#1231);
#1229 = CARTESIAN_POINT('',(51.79534211054,-112.8171578894,0.));
#1230 = DIRECTION('',(0.,0.,1.));
#1231 = DIRECTION('',(-0.853552897188,0.521006191616,0.));
#1232 = ORIENTED_EDGE('',*,*,#1233,.F.);
#1233 = EDGE_CURVE('',#1234,#1225,#1236,.T.);
#1234 = VERTEX_POINT('',#1235);
#1235 = CARTESIAN_POINT('',(51.4125,-112.400353,0.));
#1236 = CIRCLE('',#1237,0.299991600078);
#1237 = AXIS2_PLACEMENT_3D('',#1238,#1239,#1240);
#1238 = CARTESIAN_POINT('',(51.112508399935,-112.4003557179,0.));
#1239 = DIRECTION('',(0.,0.,-1.));
#1240 = DIRECTION('',(0.999999999959,9.060123477714E-06,0.));
#1241 = ORIENTED_EDGE('',*,*,#1242,.F.);
#1242 = EDGE_CURVE('',#1243,#1234,#1245,.T.);
#1243 = VERTEX_POINT('',#1244);
#1244 = CARTESIAN_POINT('',(51.4125,-111.7,0.));
#1245 = LINE('',#1246,#1247);
#1246 = CARTESIAN_POINT('',(51.4125,-111.7,0.));
#1247 = VECTOR('',#1248,1.);
#1248 = DIRECTION('',(0.,-1.,0.));
#1249 = ORIENTED_EDGE('',*,*,#1250,.F.);
#1250 = EDGE_CURVE('',#1251,#1243,#1253,.T.);
#1251 = VERTEX_POINT('',#1252);
#1252 = CARTESIAN_POINT('',(51.4125,-110.999647,0.));
#1253 = LINE('',#1254,#1255);
#1254 = CARTESIAN_POINT('',(51.4125,-110.999647,0.));
#1255 = VECTOR('',#1256,1.);
#1256 = DIRECTION('',(0.,-1.,0.));
#1257 = ORIENTED_EDGE('',*,*,#1258,.F.);
#1258 = EDGE_CURVE('',#1259,#1251,#1261,.T.);
#1259 = VERTEX_POINT('',#1260);
#1260 = CARTESIAN_POINT('',(51.368566,-110.843345,0.));
#1261 = CIRCLE('',#1262,0.299991600078);
#1262 = AXIS2_PLACEMENT_3D('',#1263,#1264,#1265);
#1263 = CARTESIAN_POINT('',(51.112508399935,-110.999644282,0.));
#1264 = DIRECTION('',(0.,0.,-1.));
#1265 = DIRECTION('',(0.853549232709,0.521012195004,0.));
#1266 = ORIENTED_EDGE('',*,*,#1267,.F.);
#1267 = EDGE_CURVE('',#1268,#1259,#1270,.T.);
#1268 = VERTEX_POINT('',#1269);
#1269 = CARTESIAN_POINT('',(52.055845,-110.156066,0.));
#1270 = CIRCLE('',#1271,0.499999603944);
#1271 = AXIS2_PLACEMENT_3D('',#1272,#1273,#1274);
#1272 = CARTESIAN_POINT('',(51.79534211054,-110.5828421105,0.));
#1273 = DIRECTION('',(0.,0.,1.));
#1274 = DIRECTION('',(0.521006191616,0.853552897188,-0.));
#1275 = ORIENTED_EDGE('',*,*,#1276,.F.);
#1276 = EDGE_CURVE('',#1277,#1268,#1279,.T.);
#1277 = VERTEX_POINT('',#1278);
#1278 = CARTESIAN_POINT('',(52.212147,-110.2,0.));
#1279 = CIRCLE('',#1280,0.299991600078);
#1280 = AXIS2_PLACEMENT_3D('',#1281,#1282,#1283);
#1281 = CARTESIAN_POINT('',(52.212144282039,-109.9000083999,0.));
#1282 = DIRECTION('',(0.,0.,-1.));
#1283 = DIRECTION('',(9.060123359285E-06,-0.999999999959,0.));
#1284 = ORIENTED_EDGE('',*,*,#1285,.F.);
#1285 = EDGE_CURVE('',#1286,#1277,#1288,.T.);
#1286 = VERTEX_POINT('',#1287);
#1287 = CARTESIAN_POINT('',(53.1125,-110.2,0.));
#1288 = LINE('',#1289,#1290);
#1289 = CARTESIAN_POINT('',(53.1125,-110.2,0.));
#1290 = VECTOR('',#1291,1.);
#1291 = DIRECTION('',(-1.,0.,0.));
#1292 = ORIENTED_EDGE('',*,*,#1293,.F.);
#1293 = EDGE_CURVE('',#1294,#1286,#1296,.T.);
#1294 = VERTEX_POINT('',#1295);
#1295 = CARTESIAN_POINT('',(54.012853,-110.2,0.));
#1296 = LINE('',#1297,#1298);
#1297 = CARTESIAN_POINT('',(54.012853,-110.2,0.));
#1298 = VECTOR('',#1299,1.);
#1299 = DIRECTION('',(-1.,0.,0.));
#1300 = ORIENTED_EDGE('',*,*,#1301,.F.);
#1301 = EDGE_CURVE('',#1139,#1294,#1302,.T.);
#1302 = CIRCLE('',#1303,0.299966762338);
#1303 = AXIS2_PLACEMENT_3D('',#1304,#1305,#1306);
#1304 = CARTESIAN_POINT('',(54.012862699494,-109.9000332378,0.));
#1305 = DIRECTION('',(0.,0.,-1.));
#1306 = DIRECTION('',(0.521032061311,-0.853537105863,0.));
#1307 = FACE_BOUND('',#1308,.F.);
#1308 = EDGE_LOOP('',(#1309));
#1309 = ORIENTED_EDGE('',*,*,#1310,.T.);
#1310 = EDGE_CURVE('',#1311,#1311,#1313,.T.);
#1311 = VERTEX_POINT('',#1312);
#1312 = CARTESIAN_POINT('',(49.3025,-105.605,0.));
#1313 = CIRCLE('',#1314,1.525);
#1314 = AXIS2_PLACEMENT_3D('',#1315,#1316,#1317);
#1315 = CARTESIAN_POINT('',(49.3025,-104.08,0.));
#1316 = DIRECTION('',(-0.,0.,-1.));
#1317 = DIRECTION('',(-0.,-1.,0.));
#1318 = FACE_BOUND('',#1319,.F.);
#1319 = EDGE_LOOP('',(#1320));
#1320 = ORIENTED_EDGE('',*,*,#1321,.T.);
#1321 = EDGE_CURVE('',#1322,#1322,#1324,.T.);
#1322 = VERTEX_POINT('',#1323);
#1323 = CARTESIAN_POINT('',(53.1125,-108.62,0.));
#1324 = CIRCLE('',#1325,2.);
#1325 = AXIS2_PLACEMENT_3D('',#1326,#1327,#1328);
#1326 = CARTESIAN_POINT('',(53.1125,-106.62,0.));
#1327 = DIRECTION('',(-0.,0.,-1.));
#1328 = DIRECTION('',(-0.,-1.,0.));
#1329 = FACE_BOUND('',#1330,.F.);
#1330 = EDGE_LOOP('',(#1331));
#1331 = ORIENTED_EDGE('',*,*,#1332,.T.);
#1332 = EDGE_CURVE('',#1333,#1333,#1335,.T.);
#1333 = VERTEX_POINT('',#1334);
#1334 = CARTESIAN_POINT('',(58.1925,-107.495,0.));
#1335 = CIRCLE('',#1336,0.875);
#1336 = AXIS2_PLACEMENT_3D('',#1337,#1338,#1339);
#1337 = CARTESIAN_POINT('',(58.1925,-106.62,0.));
#1338 = DIRECTION('',(-0.,0.,-1.));
#1339 = DIRECTION('',(-0.,-1.,0.));
#1340 = FACE_BOUND('',#1341,.F.);
#1341 = EDGE_LOOP('',(#1342));
#1342 = ORIENTED_EDGE('',*,*,#1343,.T.);
#1343 = EDGE_CURVE('',#1344,#1344,#1346,.T.);
#1344 = VERTEX_POINT('',#1345);
#1345 = CARTESIAN_POINT('',(55.6525,-103.065,0.));
#1346 = CIRCLE('',#1347,1.525);
#1347 = AXIS2_PLACEMENT_3D('',#1348,#1349,#1350);
#1348 = CARTESIAN_POINT('',(55.6525,-101.54,0.));
#1349 = DIRECTION('',(-0.,0.,-1.));
#1350 = DIRECTION('',(-0.,-1.,0.));
#1351 = FACE_BOUND('',#1352,.F.);
#1352 = EDGE_LOOP('',(#1353));
#1353 = ORIENTED_EDGE('',*,*,#1354,.T.);
#1354 = EDGE_CURVE('',#1355,#1355,#1357,.T.);
#1355 = VERTEX_POINT('',#1356);
#1356 = CARTESIAN_POINT('',(67.0825,-126.545,0.));
#1357 = CIRCLE('',#1358,0.875);
#1358 = AXIS2_PLACEMENT_3D('',#1359,#1360,#1361);
#1359 = CARTESIAN_POINT('',(67.0825,-125.67,0.));
#1360 = DIRECTION('',(-0.,0.,-1.));
#1361 = DIRECTION('',(-0.,-1.,0.));
#1362 = FACE_BOUND('',#1363,.F.);
#1363 = EDGE_LOOP('',(#1364));
#1364 = ORIENTED_EDGE('',*,*,#1365,.T.);
#1365 = EDGE_CURVE('',#1366,#1366,#1368,.T.);
#1366 = VERTEX_POINT('',#1367);
#1367 = CARTESIAN_POINT('',(68.3525,-124.655,0.));
#1368 = CIRCLE('',#1369,1.525);
#1369 = AXIS2_PLACEMENT_3D('',#1370,#1371,#1372);
#1370 = CARTESIAN_POINT('',(68.3525,-123.13,0.));
#1371 = DIRECTION('',(-0.,0.,-1.));
#1372 = DIRECTION('',(9.31859325587E-15,-1.,-0.));
#1373 = FACE_BOUND('',#1374,.F.);
#1374 = EDGE_LOOP('',(#1375));
#1375 = ORIENTED_EDGE('',*,*,#1376,.T.);
#1376 = EDGE_CURVE('',#1377,#1377,#1379,.T.);
#1377 = VERTEX_POINT('',#1378);
#1378 = CARTESIAN_POINT('',(72.1625,-127.67,0.));
#1379 = CIRCLE('',#1380,2.);
#1380 = AXIS2_PLACEMENT_3D('',#1381,#1382,#1383);
#1381 = CARTESIAN_POINT('',(72.1625,-125.67,0.));
#1382 = DIRECTION('',(-0.,0.,-1.));
#1383 = DIRECTION('',(-0.,-1.,0.));
#1384 = FACE_BOUND('',#1385,.F.);
#1385 = EDGE_LOOP('',(#1386));
#1386 = ORIENTED_EDGE('',*,*,#1387,.T.);
#1387 = EDGE_CURVE('',#1388,#1388,#1390,.T.);
#1388 = VERTEX_POINT('',#1389);
#1389 = CARTESIAN_POINT('',(77.2425,-126.545,0.));
#1390 = CIRCLE('',#1391,0.875);
#1391 = AXIS2_PLACEMENT_3D('',#1392,#1393,#1394);
#1392 = CARTESIAN_POINT('',(77.2425,-125.67,0.));
#1393 = DIRECTION('',(-0.,0.,-1.));
#1394 = DIRECTION('',(-0.,-1.,0.));
#1395 = FACE_BOUND('',#1396,.F.);
#1396 = EDGE_LOOP('',(#1397));
#1397 = ORIENTED_EDGE('',*,*,#1398,.T.);
#1398 = EDGE_CURVE('',#1399,#1399,#1401,.T.);
#1399 = VERTEX_POINT('',#1400);
#1400 = CARTESIAN_POINT('',(74.7025,-122.115,0.));
#1401 = CIRCLE('',#1402,1.525);
#1402 = AXIS2_PLACEMENT_3D('',#1403,#1404,#1405);
#1403 = CARTESIAN_POINT('',(74.7025,-120.59,0.));
#1404 = DIRECTION('',(-0.,0.,-1.));
#1405 = DIRECTION('',(-0.,-1.,0.));
#1406 = FACE_BOUND('',#1407,.F.);
#1407 = EDGE_LOOP('',(#1408));
#1408 = ORIENTED_EDGE('',*,*,#1409,.T.);
#1409 = EDGE_CURVE('',#1410,#1410,#1412,.T.);
#1410 = VERTEX_POINT('',#1411);
#1411 = CARTESIAN_POINT('',(67.0825,-107.495,0.));
#1412 = CIRCLE('',#1413,0.875);
#1413 = AXIS2_PLACEMENT_3D('',#1414,#1415,#1416);
#1414 = CARTESIAN_POINT('',(67.0825,-106.62,0.));
#1415 = DIRECTION('',(-0.,0.,-1.));
#1416 = DIRECTION('',(-0.,-1.,0.));
#1417 = FACE_BOUND('',#1418,.F.);
#1418 = EDGE_LOOP('',(#1419));
#1419 = ORIENTED_EDGE('',*,*,#1420,.T.);
#1420 = EDGE_CURVE('',#1421,#1421,#1423,.T.);
#1421 = VERTEX_POINT('',#1422);
#1422 = CARTESIAN_POINT('',(68.3525,-105.605,0.));
#1423 = CIRCLE('',#1424,1.525);
#1424 = AXIS2_PLACEMENT_3D('',#1425,#1426,#1427);
#1425 = CARTESIAN_POINT('',(68.3525,-104.08,0.));
#1426 = DIRECTION('',(-0.,0.,-1.));
#1427 = DIRECTION('',(9.31859325587E-15,-1.,-0.));
#1428 = FACE_BOUND('',#1429,.F.);
#1429 = EDGE_LOOP('',(#1430,#1441,#1450,#1458,#1466,#1475,#1484,#1493,
    #1501,#1509,#1518,#1527,#1536,#1544,#1552,#1561,#1570,#1579,#1587,
    #1595));
#1430 = ORIENTED_EDGE('',*,*,#1431,.F.);
#1431 = EDGE_CURVE('',#1432,#1434,#1436,.T.);
#1432 = VERTEX_POINT('',#1433);
#1433 = CARTESIAN_POINT('',(73.906434,-110.843345,0.));
#1434 = VERTEX_POINT('',#1435);
#1435 = CARTESIAN_POINT('',(73.219155,-110.156066,0.));
#1436 = CIRCLE('',#1437,0.499999603944);
#1437 = AXIS2_PLACEMENT_3D('',#1438,#1439,#1440);
#1438 = CARTESIAN_POINT('',(73.47965788946,-110.5828421105,0.));
#1439 = DIRECTION('',(0.,0.,1.));
#1440 = DIRECTION('',(0.853552897188,-0.521006191616,0.));
#1441 = ORIENTED_EDGE('',*,*,#1442,.F.);
#1442 = EDGE_CURVE('',#1443,#1432,#1445,.T.);
#1443 = VERTEX_POINT('',#1444);
#1444 = CARTESIAN_POINT('',(73.8625,-110.999647,0.));
#1445 = CIRCLE('',#1446,0.299683785035);
#1446 = AXIS2_PLACEMENT_3D('',#1447,#1448,#1449);
#1447 = CARTESIAN_POINT('',(74.162183771747,-110.9995577564,0.));
#1448 = DIRECTION('',(0.,0.,-1.));
#1449 = DIRECTION('',(-0.99999995566,-2.977925313119E-04,-0.));
#1450 = ORIENTED_EDGE('',*,*,#1451,.F.);
#1451 = EDGE_CURVE('',#1452,#1443,#1454,.T.);
#1452 = VERTEX_POINT('',#1453);
#1453 = CARTESIAN_POINT('',(73.8625,-111.7,0.));
#1454 = LINE('',#1455,#1456);
#1455 = CARTESIAN_POINT('',(73.8625,-111.7,0.));
#1456 = VECTOR('',#1457,1.);
#1457 = DIRECTION('',(0.,1.,0.));
#1458 = ORIENTED_EDGE('',*,*,#1459,.F.);
#1459 = EDGE_CURVE('',#1460,#1452,#1462,.T.);
#1460 = VERTEX_POINT('',#1461);
#1461 = CARTESIAN_POINT('',(73.8625,-112.400353,0.));
#1462 = LINE('',#1463,#1464);
#1463 = CARTESIAN_POINT('',(73.8625,-112.400353,0.));
#1464 = VECTOR('',#1465,1.);
#1465 = DIRECTION('',(0.,1.,0.));
#1466 = ORIENTED_EDGE('',*,*,#1467,.F.);
#1467 = EDGE_CURVE('',#1468,#1460,#1470,.T.);
#1468 = VERTEX_POINT('',#1469);
#1469 = CARTESIAN_POINT('',(73.906434,-112.556655,0.));
#1470 = CIRCLE('',#1471,0.299966762338);
#1471 = AXIS2_PLACEMENT_3D('',#1472,#1473,#1474);
#1472 = CARTESIAN_POINT('',(74.162466762181,-112.4003626994,0.));
#1473 = DIRECTION('',(0.,0.,-1.));
#1474 = DIRECTION('',(-0.853537105863,-0.521032061311,-0.));
#1475 = ORIENTED_EDGE('',*,*,#1476,.F.);
#1476 = EDGE_CURVE('',#1477,#1468,#1479,.T.);
#1477 = VERTEX_POINT('',#1478);
#1478 = CARTESIAN_POINT('',(73.219155,-113.243934,0.));
#1479 = CIRCLE('',#1480,0.499998734392);
#1480 = AXIS2_PLACEMENT_3D('',#1481,#1482,#1483);
#1481 = CARTESIAN_POINT('',(73.479660504327,-112.8171605043,0.));
#1482 = DIRECTION('',(0.,0.,1.));
#1483 = DIRECTION('',(-0.521012327448,-0.853549151864,0.));
#1484 = ORIENTED_EDGE('',*,*,#1485,.F.);
#1485 = EDGE_CURVE('',#1486,#1477,#1488,.T.);
#1486 = VERTEX_POINT('',#1487);
#1487 = CARTESIAN_POINT('',(73.062853,-113.2,0.));
#1488 = CIRCLE('',#1489,0.300023425677);
#1489 = AXIS2_PLACEMENT_3D('',#1490,#1491,#1492);
#1490 = CARTESIAN_POINT('',(73.062846772307,-113.5000234256,0.));
#1491 = DIRECTION('',(0.,0.,-1.));
#1492 = DIRECTION('',(2.075735517526E-05,0.999999999785,0.));
#1493 = ORIENTED_EDGE('',*,*,#1494,.F.);
#1494 = EDGE_CURVE('',#1495,#1486,#1497,.T.);
#1495 = VERTEX_POINT('',#1496);
#1496 = CARTESIAN_POINT('',(72.1625,-113.2,0.));
#1497 = LINE('',#1498,#1499);
#1498 = CARTESIAN_POINT('',(72.1625,-113.2,0.));
#1499 = VECTOR('',#1500,1.);
#1500 = DIRECTION('',(1.,0.,0.));
#1501 = ORIENTED_EDGE('',*,*,#1502,.F.);
#1502 = EDGE_CURVE('',#1503,#1495,#1505,.T.);
#1503 = VERTEX_POINT('',#1504);
#1504 = CARTESIAN_POINT('',(71.262147,-113.2,0.));
#1505 = LINE('',#1506,#1507);
#1506 = CARTESIAN_POINT('',(71.262147,-113.2,0.));
#1507 = VECTOR('',#1508,1.);
#1508 = DIRECTION('',(1.,0.,0.));
#1509 = ORIENTED_EDGE('',*,*,#1510,.F.);
#1510 = EDGE_CURVE('',#1511,#1503,#1513,.T.);
#1511 = VERTEX_POINT('',#1512);
#1512 = CARTESIAN_POINT('',(71.105845,-113.243934,0.));
#1513 = CIRCLE('',#1514,0.299991600077);
#1514 = AXIS2_PLACEMENT_3D('',#1515,#1516,#1517);
#1515 = CARTESIAN_POINT('',(71.262144282039,-113.4999916,0.));
#1516 = DIRECTION('',(0.,0.,-1.));
#1517 = DIRECTION('',(-0.521012195004,0.853549232709,0.));
#1518 = ORIENTED_EDGE('',*,*,#1519,.F.);
#1519 = EDGE_CURVE('',#1520,#1511,#1522,.T.);
#1520 = VERTEX_POINT('',#1521);
#1521 = CARTESIAN_POINT('',(70.418566,-112.556655,0.));
#1522 = CIRCLE('',#1523,0.499999603944);
#1523 = AXIS2_PLACEMENT_3D('',#1524,#1525,#1526);
#1524 = CARTESIAN_POINT('',(70.84534211054,-112.8171578894,0.));
#1525 = DIRECTION('',(0.,0.,1.));
#1526 = DIRECTION('',(-0.853552897188,0.521006191616,0.));
#1527 = ORIENTED_EDGE('',*,*,#1528,.F.);
#1528 = EDGE_CURVE('',#1529,#1520,#1531,.T.);
#1529 = VERTEX_POINT('',#1530);
#1530 = CARTESIAN_POINT('',(70.4625,-112.400353,0.));
#1531 = CIRCLE('',#1532,0.299991600078);
#1532 = AXIS2_PLACEMENT_3D('',#1533,#1534,#1535);
#1533 = CARTESIAN_POINT('',(70.162508399935,-112.4003557179,0.));
#1534 = DIRECTION('',(0.,0.,-1.));
#1535 = DIRECTION('',(0.999999999959,9.060123335598E-06,0.));
#1536 = ORIENTED_EDGE('',*,*,#1537,.F.);
#1537 = EDGE_CURVE('',#1538,#1529,#1540,.T.);
#1538 = VERTEX_POINT('',#1539);
#1539 = CARTESIAN_POINT('',(70.4625,-111.7,0.));
#1540 = LINE('',#1541,#1542);
#1541 = CARTESIAN_POINT('',(70.4625,-111.7,0.));
#1542 = VECTOR('',#1543,1.);
#1543 = DIRECTION('',(0.,-1.,0.));
#1544 = ORIENTED_EDGE('',*,*,#1545,.F.);
#1545 = EDGE_CURVE('',#1546,#1538,#1548,.T.);
#1546 = VERTEX_POINT('',#1547);
#1547 = CARTESIAN_POINT('',(70.4625,-110.999647,0.));
#1548 = LINE('',#1549,#1550);
#1549 = CARTESIAN_POINT('',(70.4625,-110.999647,0.));
#1550 = VECTOR('',#1551,1.);
#1551 = DIRECTION('',(0.,-1.,0.));
#1552 = ORIENTED_EDGE('',*,*,#1553,.F.);
#1553 = EDGE_CURVE('',#1554,#1546,#1556,.T.);
#1554 = VERTEX_POINT('',#1555);
#1555 = CARTESIAN_POINT('',(70.418566,-110.843345,0.));
#1556 = CIRCLE('',#1557,0.299991600078);
#1557 = AXIS2_PLACEMENT_3D('',#1558,#1559,#1560);
#1558 = CARTESIAN_POINT('',(70.162508399935,-110.999644282,0.));
#1559 = DIRECTION('',(0.,0.,-1.));
#1560 = DIRECTION('',(0.853549232709,0.521012195003,0.));
#1561 = ORIENTED_EDGE('',*,*,#1562,.F.);
#1562 = EDGE_CURVE('',#1563,#1554,#1565,.T.);
#1563 = VERTEX_POINT('',#1564);
#1564 = CARTESIAN_POINT('',(71.105845,-110.156066,0.));
#1565 = CIRCLE('',#1566,0.499999603944);
#1566 = AXIS2_PLACEMENT_3D('',#1567,#1568,#1569);
#1567 = CARTESIAN_POINT('',(70.84534211054,-110.5828421105,0.));
#1568 = DIRECTION('',(0.,0.,1.));
#1569 = DIRECTION('',(0.521006191616,0.853552897188,-0.));
#1570 = ORIENTED_EDGE('',*,*,#1571,.F.);
#1571 = EDGE_CURVE('',#1572,#1563,#1574,.T.);
#1572 = VERTEX_POINT('',#1573);
#1573 = CARTESIAN_POINT('',(71.262147,-110.2,0.));
#1574 = CIRCLE('',#1575,0.299991600078);
#1575 = AXIS2_PLACEMENT_3D('',#1576,#1577,#1578);
#1576 = CARTESIAN_POINT('',(71.262144282039,-109.9000083999,0.));
#1577 = DIRECTION('',(0.,0.,-1.));
#1578 = DIRECTION('',(9.060123382972E-06,-0.999999999959,0.));
#1579 = ORIENTED_EDGE('',*,*,#1580,.F.);
#1580 = EDGE_CURVE('',#1581,#1572,#1583,.T.);
#1581 = VERTEX_POINT('',#1582);
#1582 = CARTESIAN_POINT('',(72.1625,-110.2,0.));
#1583 = LINE('',#1584,#1585);
#1584 = CARTESIAN_POINT('',(72.1625,-110.2,0.));
#1585 = VECTOR('',#1586,1.);
#1586 = DIRECTION('',(-1.,0.,0.));
#1587 = ORIENTED_EDGE('',*,*,#1588,.F.);
#1588 = EDGE_CURVE('',#1589,#1581,#1591,.T.);
#1589 = VERTEX_POINT('',#1590);
#1590 = CARTESIAN_POINT('',(73.062853,-110.2,0.));
#1591 = LINE('',#1592,#1593);
#1592 = CARTESIAN_POINT('',(73.062853,-110.2,0.));
#1593 = VECTOR('',#1594,1.);
#1594 = DIRECTION('',(-1.,0.,0.));
#1595 = ORIENTED_EDGE('',*,*,#1596,.F.);
#1596 = EDGE_CURVE('',#1434,#1589,#1597,.T.);
#1597 = CIRCLE('',#1598,0.299966762338);
#1598 = AXIS2_PLACEMENT_3D('',#1599,#1600,#1601);
#1599 = CARTESIAN_POINT('',(73.062862699494,-109.9000332378,0.));
#1600 = DIRECTION('',(0.,0.,-1.));
#1601 = DIRECTION('',(0.521032061311,-0.853537105863,0.));
#1602 = FACE_BOUND('',#1603,.F.);
#1603 = EDGE_LOOP('',(#1604));
#1604 = ORIENTED_EDGE('',*,*,#1605,.T.);
#1605 = EDGE_CURVE('',#1606,#1606,#1608,.T.);
#1606 = VERTEX_POINT('',#1607);
#1607 = CARTESIAN_POINT('',(72.1625,-108.62,0.));
#1608 = CIRCLE('',#1609,2.);
#1609 = AXIS2_PLACEMENT_3D('',#1610,#1611,#1612);
#1610 = CARTESIAN_POINT('',(72.1625,-106.62,0.));
#1611 = DIRECTION('',(-0.,0.,-1.));
#1612 = DIRECTION('',(-0.,-1.,0.));
#1613 = FACE_BOUND('',#1614,.F.);
#1614 = EDGE_LOOP('',(#1615));
#1615 = ORIENTED_EDGE('',*,*,#1616,.T.);
#1616 = EDGE_CURVE('',#1617,#1617,#1619,.T.);
#1617 = VERTEX_POINT('',#1618);
#1618 = CARTESIAN_POINT('',(74.7025,-103.065,0.));
#1619 = CIRCLE('',#1620,1.525);
#1620 = AXIS2_PLACEMENT_3D('',#1621,#1622,#1623);
#1621 = CARTESIAN_POINT('',(74.7025,-101.54,0.));
#1622 = DIRECTION('',(-0.,0.,-1.));
#1623 = DIRECTION('',(-0.,-1.,0.));
#1624 = FACE_BOUND('',#1625,.F.);
#1625 = EDGE_LOOP('',(#1626));
#1626 = ORIENTED_EDGE('',*,*,#1627,.T.);
#1627 = EDGE_CURVE('',#1628,#1628,#1630,.T.);
#1628 = VERTEX_POINT('',#1629);
#1629 = CARTESIAN_POINT('',(77.2425,-107.495,0.));
#1630 = CIRCLE('',#1631,0.875);
#1631 = AXIS2_PLACEMENT_3D('',#1632,#1633,#1634);
#1632 = CARTESIAN_POINT('',(77.2425,-106.62,0.));
#1633 = DIRECTION('',(-0.,0.,-1.));
#1634 = DIRECTION('',(-0.,-1.,0.));
#1635 = FACE_BOUND('',#1636,.F.);
#1636 = EDGE_LOOP('',(#1637,#1648,#1657,#1665,#1673,#1682,#1691,#1700,
    #1708,#1716,#1725,#1734,#1743,#1751,#1759,#1768,#1777,#1786,#1794,
    #1802));
#1637 = ORIENTED_EDGE('',*,*,#1638,.F.);
#1638 = EDGE_CURVE('',#1639,#1641,#1643,.T.);
#1639 = VERTEX_POINT('',#1640);
#1640 = CARTESIAN_POINT('',(92.956434,-148.943345,0.));
#1641 = VERTEX_POINT('',#1642);
#1642 = CARTESIAN_POINT('',(92.269155,-148.256066,0.));
#1643 = CIRCLE('',#1644,0.499999603944);
#1644 = AXIS2_PLACEMENT_3D('',#1645,#1646,#1647);
#1645 = CARTESIAN_POINT('',(92.52965788946,-148.6828421105,0.));
#1646 = DIRECTION('',(0.,0.,1.));
#1647 = DIRECTION('',(0.853552897188,-0.521006191616,0.));
#1648 = ORIENTED_EDGE('',*,*,#1649,.F.);
#1649 = EDGE_CURVE('',#1650,#1639,#1652,.T.);
#1650 = VERTEX_POINT('',#1651);
#1651 = CARTESIAN_POINT('',(92.9125,-149.099647,0.));
#1652 = CIRCLE('',#1653,0.299683785035);
#1653 = AXIS2_PLACEMENT_3D('',#1654,#1655,#1656);
#1654 = CARTESIAN_POINT('',(93.212183771747,-149.0995577564,0.));
#1655 = DIRECTION('',(0.,0.,-1.));
#1656 = DIRECTION('',(-0.99999995566,-2.977925314542E-04,-0.));
#1657 = ORIENTED_EDGE('',*,*,#1658,.F.);
#1658 = EDGE_CURVE('',#1659,#1650,#1661,.T.);
#1659 = VERTEX_POINT('',#1660);
#1660 = CARTESIAN_POINT('',(92.9125,-149.8,0.));
#1661 = LINE('',#1662,#1663);
#1662 = CARTESIAN_POINT('',(92.9125,-149.8,0.));
#1663 = VECTOR('',#1664,1.);
#1664 = DIRECTION('',(0.,1.,0.));
#1665 = ORIENTED_EDGE('',*,*,#1666,.F.);
#1666 = EDGE_CURVE('',#1667,#1659,#1669,.T.);
#1667 = VERTEX_POINT('',#1668);
#1668 = CARTESIAN_POINT('',(92.9125,-150.500353,0.));
#1669 = LINE('',#1670,#1671);
#1670 = CARTESIAN_POINT('',(92.9125,-150.500353,0.));
#1671 = VECTOR('',#1672,1.);
#1672 = DIRECTION('',(0.,1.,0.));
#1673 = ORIENTED_EDGE('',*,*,#1674,.F.);
#1674 = EDGE_CURVE('',#1675,#1667,#1677,.T.);
#1675 = VERTEX_POINT('',#1676);
#1676 = CARTESIAN_POINT('',(92.956434,-150.656655,0.));
#1677 = CIRCLE('',#1678,0.299966762338);
#1678 = AXIS2_PLACEMENT_3D('',#1679,#1680,#1681);
#1679 = CARTESIAN_POINT('',(93.212466762182,-150.5003626994,0.));
#1680 = DIRECTION('',(0.,0.,-1.));
#1681 = DIRECTION('',(-0.853537105864,-0.521032061311,-0.));
#1682 = ORIENTED_EDGE('',*,*,#1683,.F.);
#1683 = EDGE_CURVE('',#1684,#1675,#1686,.T.);
#1684 = VERTEX_POINT('',#1685);
#1685 = CARTESIAN_POINT('',(92.269155,-151.343934,0.));
#1686 = CIRCLE('',#1687,0.499998734392);
#1687 = AXIS2_PLACEMENT_3D('',#1688,#1689,#1690);
#1688 = CARTESIAN_POINT('',(92.529660504327,-150.9171605043,0.));
#1689 = DIRECTION('',(0.,0.,1.));
#1690 = DIRECTION('',(-0.521012327448,-0.853549151864,0.));
#1691 = ORIENTED_EDGE('',*,*,#1692,.F.);
#1692 = EDGE_CURVE('',#1693,#1684,#1695,.T.);
#1693 = VERTEX_POINT('',#1694);
#1694 = CARTESIAN_POINT('',(92.112853,-151.3,0.));
#1695 = CIRCLE('',#1696,0.300023425677);
#1696 = AXIS2_PLACEMENT_3D('',#1697,#1698,#1699);
#1697 = CARTESIAN_POINT('',(92.112846772307,-151.6000234256,0.));
#1698 = DIRECTION('',(0.,0.,-1.));
#1699 = DIRECTION('',(2.075735512789E-05,0.999999999785,0.));
#1700 = ORIENTED_EDGE('',*,*,#1701,.F.);
#1701 = EDGE_CURVE('',#1702,#1693,#1704,.T.);
#1702 = VERTEX_POINT('',#1703);
#1703 = CARTESIAN_POINT('',(91.2125,-151.3,0.));
#1704 = LINE('',#1705,#1706);
#1705 = CARTESIAN_POINT('',(91.2125,-151.3,0.));
#1706 = VECTOR('',#1707,1.);
#1707 = DIRECTION('',(1.,0.,0.));
#1708 = ORIENTED_EDGE('',*,*,#1709,.F.);
#1709 = EDGE_CURVE('',#1710,#1702,#1712,.T.);
#1710 = VERTEX_POINT('',#1711);
#1711 = CARTESIAN_POINT('',(90.312147,-151.3,0.));
#1712 = LINE('',#1713,#1714);
#1713 = CARTESIAN_POINT('',(90.312147,-151.3,0.));
#1714 = VECTOR('',#1715,1.);
#1715 = DIRECTION('',(1.,0.,0.));
#1716 = ORIENTED_EDGE('',*,*,#1717,.F.);
#1717 = EDGE_CURVE('',#1718,#1710,#1720,.T.);
#1718 = VERTEX_POINT('',#1719);
#1719 = CARTESIAN_POINT('',(90.155845,-151.343934,0.));
#1720 = CIRCLE('',#1721,0.299991600078);
#1721 = AXIS2_PLACEMENT_3D('',#1722,#1723,#1724);
#1722 = CARTESIAN_POINT('',(90.312144282039,-151.5999916,0.));
#1723 = DIRECTION('',(0.,0.,-1.));
#1724 = DIRECTION('',(-0.521012195003,0.853549232709,0.));
#1725 = ORIENTED_EDGE('',*,*,#1726,.F.);
#1726 = EDGE_CURVE('',#1727,#1718,#1729,.T.);
#1727 = VERTEX_POINT('',#1728);
#1728 = CARTESIAN_POINT('',(89.468566,-150.656655,0.));
#1729 = CIRCLE('',#1730,0.499999603944);
#1730 = AXIS2_PLACEMENT_3D('',#1731,#1732,#1733);
#1731 = CARTESIAN_POINT('',(89.89534211054,-150.9171578894,0.));
#1732 = DIRECTION('',(0.,0.,1.));
#1733 = DIRECTION('',(-0.853552897188,0.521006191616,0.));
#1734 = ORIENTED_EDGE('',*,*,#1735,.F.);
#1735 = EDGE_CURVE('',#1736,#1727,#1738,.T.);
#1736 = VERTEX_POINT('',#1737);
#1737 = CARTESIAN_POINT('',(89.5125,-150.500353,0.));
#1738 = CIRCLE('',#1739,0.299991600078);
#1739 = AXIS2_PLACEMENT_3D('',#1740,#1741,#1742);
#1740 = CARTESIAN_POINT('',(89.212508399935,-150.5003557179,0.));
#1741 = DIRECTION('',(0.,0.,-1.));
#1742 = DIRECTION('',(0.999999999959,9.06012338297E-06,0.));
#1743 = ORIENTED_EDGE('',*,*,#1744,.F.);
#1744 = EDGE_CURVE('',#1745,#1736,#1747,.T.);
#1745 = VERTEX_POINT('',#1746);
#1746 = CARTESIAN_POINT('',(89.5125,-149.8,0.));
#1747 = LINE('',#1748,#1749);
#1748 = CARTESIAN_POINT('',(89.5125,-149.8,0.));
#1749 = VECTOR('',#1750,1.);
#1750 = DIRECTION('',(0.,-1.,0.));
#1751 = ORIENTED_EDGE('',*,*,#1752,.F.);
#1752 = EDGE_CURVE('',#1753,#1745,#1755,.T.);
#1753 = VERTEX_POINT('',#1754);
#1754 = CARTESIAN_POINT('',(89.5125,-149.099647,0.));
#1755 = LINE('',#1756,#1757);
#1756 = CARTESIAN_POINT('',(89.5125,-149.099647,0.));
#1757 = VECTOR('',#1758,1.);
#1758 = DIRECTION('',(0.,-1.,0.));
#1759 = ORIENTED_EDGE('',*,*,#1760,.F.);
#1760 = EDGE_CURVE('',#1761,#1753,#1763,.T.);
#1761 = VERTEX_POINT('',#1762);
#1762 = CARTESIAN_POINT('',(89.468566,-148.943345,0.));
#1763 = CIRCLE('',#1764,0.299991600078);
#1764 = AXIS2_PLACEMENT_3D('',#1765,#1766,#1767);
#1765 = CARTESIAN_POINT('',(89.212508399935,-149.099644282,0.));
#1766 = DIRECTION('',(0.,0.,-1.));
#1767 = DIRECTION('',(0.853549232709,0.521012195004,0.));
#1768 = ORIENTED_EDGE('',*,*,#1769,.F.);
#1769 = EDGE_CURVE('',#1770,#1761,#1772,.T.);
#1770 = VERTEX_POINT('',#1771);
#1771 = CARTESIAN_POINT('',(90.155845,-148.256066,0.));
#1772 = CIRCLE('',#1773,0.499999603944);
#1773 = AXIS2_PLACEMENT_3D('',#1774,#1775,#1776);
#1774 = CARTESIAN_POINT('',(89.89534211054,-148.6828421105,0.));
#1775 = DIRECTION('',(0.,0.,1.));
#1776 = DIRECTION('',(0.521006191616,0.853552897188,-0.));
#1777 = ORIENTED_EDGE('',*,*,#1778,.F.);
#1778 = EDGE_CURVE('',#1779,#1770,#1781,.T.);
#1779 = VERTEX_POINT('',#1780);
#1780 = CARTESIAN_POINT('',(90.312147,-148.3,0.));
#1781 = CIRCLE('',#1782,0.299991600078);
#1782 = AXIS2_PLACEMENT_3D('',#1783,#1784,#1785);
#1783 = CARTESIAN_POINT('',(90.312144282039,-148.0000083999,0.));
#1784 = DIRECTION('',(0.,0.,-1.));
#1785 = DIRECTION('',(9.060122956621E-06,-0.999999999959,0.));
#1786 = ORIENTED_EDGE('',*,*,#1787,.F.);
#1787 = EDGE_CURVE('',#1788,#1779,#1790,.T.);
#1788 = VERTEX_POINT('',#1789);
#1789 = CARTESIAN_POINT('',(91.2125,-148.3,0.));
#1790 = LINE('',#1791,#1792);
#1791 = CARTESIAN_POINT('',(91.2125,-148.3,0.));
#1792 = VECTOR('',#1793,1.);
#1793 = DIRECTION('',(-1.,0.,0.));
#1794 = ORIENTED_EDGE('',*,*,#1795,.F.);
#1795 = EDGE_CURVE('',#1796,#1788,#1798,.T.);
#1796 = VERTEX_POINT('',#1797);
#1797 = CARTESIAN_POINT('',(92.112853,-148.3,0.));
#1798 = LINE('',#1799,#1800);
#1799 = CARTESIAN_POINT('',(92.112853,-148.3,0.));
#1800 = VECTOR('',#1801,1.);
#1801 = DIRECTION('',(-1.,0.,0.));
#1802 = ORIENTED_EDGE('',*,*,#1803,.F.);
#1803 = EDGE_CURVE('',#1641,#1796,#1804,.T.);
#1804 = CIRCLE('',#1805,0.299966762339);
#1805 = AXIS2_PLACEMENT_3D('',#1806,#1807,#1808);
#1806 = CARTESIAN_POINT('',(92.112862699494,-148.0000332378,0.));
#1807 = DIRECTION('',(0.,0.,-1.));
#1808 = DIRECTION('',(0.521032061311,-0.853537105864,0.));
#1809 = FACE_BOUND('',#1810,.F.);
#1810 = EDGE_LOOP('',(#1811));
#1811 = ORIENTED_EDGE('',*,*,#1812,.T.);
#1812 = EDGE_CURVE('',#1813,#1813,#1815,.T.);
#1813 = VERTEX_POINT('',#1814);
#1814 = CARTESIAN_POINT('',(86.1325,-145.595,0.));
#1815 = CIRCLE('',#1816,0.875);
#1816 = AXIS2_PLACEMENT_3D('',#1817,#1818,#1819);
#1817 = CARTESIAN_POINT('',(86.1325,-144.72,0.));
#1818 = DIRECTION('',(-0.,0.,-1.));
#1819 = DIRECTION('',(-0.,-1.,0.));
#1820 = FACE_BOUND('',#1821,.F.);
#1821 = EDGE_LOOP('',(#1822));
#1822 = ORIENTED_EDGE('',*,*,#1823,.T.);
#1823 = EDGE_CURVE('',#1824,#1824,#1826,.T.);
#1824 = VERTEX_POINT('',#1825);
#1825 = CARTESIAN_POINT('',(87.4025,-143.705,0.));
#1826 = CIRCLE('',#1827,1.525);
#1827 = AXIS2_PLACEMENT_3D('',#1828,#1829,#1830);
#1828 = CARTESIAN_POINT('',(87.4025,-142.18,0.));
#1829 = DIRECTION('',(-0.,0.,-1.));
#1830 = DIRECTION('',(-0.,-1.,0.));
#1831 = FACE_BOUND('',#1832,.F.);
#1832 = EDGE_LOOP('',(#1833));
#1833 = ORIENTED_EDGE('',*,*,#1834,.T.);
#1834 = EDGE_CURVE('',#1835,#1835,#1837,.T.);
#1835 = VERTEX_POINT('',#1836);
#1836 = CARTESIAN_POINT('',(91.2125,-146.72,0.));
#1837 = CIRCLE('',#1838,2.);
#1838 = AXIS2_PLACEMENT_3D('',#1839,#1840,#1841);
#1839 = CARTESIAN_POINT('',(91.2125,-144.72,0.));
#1840 = DIRECTION('',(-0.,0.,-1.));
#1841 = DIRECTION('',(-0.,-1.,0.));
#1842 = FACE_BOUND('',#1843,.F.);
#1843 = EDGE_LOOP('',(#1844));
#1844 = ORIENTED_EDGE('',*,*,#1845,.T.);
#1845 = EDGE_CURVE('',#1846,#1846,#1848,.T.);
#1846 = VERTEX_POINT('',#1847);
#1847 = CARTESIAN_POINT('',(96.2925,-145.595,0.));
#1848 = CIRCLE('',#1849,0.875);
#1849 = AXIS2_PLACEMENT_3D('',#1850,#1851,#1852);
#1850 = CARTESIAN_POINT('',(96.2925,-144.72,0.));
#1851 = DIRECTION('',(-0.,0.,-1.));
#1852 = DIRECTION('',(-0.,-1.,0.));
#1853 = FACE_BOUND('',#1854,.F.);
#1854 = EDGE_LOOP('',(#1855,#1866,#1875,#1883,#1891,#1900,#1909,#1918,
    #1926,#1934,#1943,#1952,#1961,#1969,#1977,#1986,#1995,#2004,#2012,
    #2020));
#1855 = ORIENTED_EDGE('',*,*,#1856,.F.);
#1856 = EDGE_CURVE('',#1857,#1859,#1861,.T.);
#1857 = VERTEX_POINT('',#1858);
#1858 = CARTESIAN_POINT('',(92.956434,-129.893345,0.));
#1859 = VERTEX_POINT('',#1860);
#1860 = CARTESIAN_POINT('',(92.269155,-129.206066,0.));
#1861 = CIRCLE('',#1862,0.499999603944);
#1862 = AXIS2_PLACEMENT_3D('',#1863,#1864,#1865);
#1863 = CARTESIAN_POINT('',(92.52965788946,-129.6328421105,0.));
#1864 = DIRECTION('',(0.,0.,1.));
#1865 = DIRECTION('',(0.853552897188,-0.521006191615,0.));
#1866 = ORIENTED_EDGE('',*,*,#1867,.F.);
#1867 = EDGE_CURVE('',#1868,#1857,#1870,.T.);
#1868 = VERTEX_POINT('',#1869);
#1869 = CARTESIAN_POINT('',(92.9125,-130.049647,0.));
#1870 = CIRCLE('',#1871,0.299683785035);
#1871 = AXIS2_PLACEMENT_3D('',#1872,#1873,#1874);
#1872 = CARTESIAN_POINT('',(93.212183771747,-130.0495577564,0.));
#1873 = DIRECTION('',(0.,0.,-1.));
#1874 = DIRECTION('',(-0.99999995566,-2.977925315492E-04,-0.));
#1875 = ORIENTED_EDGE('',*,*,#1876,.F.);
#1876 = EDGE_CURVE('',#1877,#1868,#1879,.T.);
#1877 = VERTEX_POINT('',#1878);
#1878 = CARTESIAN_POINT('',(92.9125,-130.75,0.));
#1879 = LINE('',#1880,#1881);
#1880 = CARTESIAN_POINT('',(92.9125,-130.75,0.));
#1881 = VECTOR('',#1882,1.);
#1882 = DIRECTION('',(0.,1.,0.));
#1883 = ORIENTED_EDGE('',*,*,#1884,.F.);
#1884 = EDGE_CURVE('',#1885,#1877,#1887,.T.);
#1885 = VERTEX_POINT('',#1886);
#1886 = CARTESIAN_POINT('',(92.9125,-131.450353,0.));
#1887 = LINE('',#1888,#1889);
#1888 = CARTESIAN_POINT('',(92.9125,-131.450353,0.));
#1889 = VECTOR('',#1890,1.);
#1890 = DIRECTION('',(0.,1.,0.));
#1891 = ORIENTED_EDGE('',*,*,#1892,.F.);
#1892 = EDGE_CURVE('',#1893,#1885,#1895,.T.);
#1893 = VERTEX_POINT('',#1894);
#1894 = CARTESIAN_POINT('',(92.956434,-131.606655,0.));
#1895 = CIRCLE('',#1896,0.299966762338);
#1896 = AXIS2_PLACEMENT_3D('',#1897,#1898,#1899);
#1897 = CARTESIAN_POINT('',(93.212466762182,-131.4503626994,0.));
#1898 = DIRECTION('',(0.,0.,-1.));
#1899 = DIRECTION('',(-0.853537105864,-0.521032061311,-0.));
#1900 = ORIENTED_EDGE('',*,*,#1901,.F.);
#1901 = EDGE_CURVE('',#1902,#1893,#1904,.T.);
#1902 = VERTEX_POINT('',#1903);
#1903 = CARTESIAN_POINT('',(92.269155,-132.293934,0.));
#1904 = CIRCLE('',#1905,0.499998734392);
#1905 = AXIS2_PLACEMENT_3D('',#1906,#1907,#1908);
#1906 = CARTESIAN_POINT('',(92.529660504327,-131.8671605043,0.));
#1907 = DIRECTION('',(0.,0.,1.));
#1908 = DIRECTION('',(-0.521012327448,-0.853549151864,0.));
#1909 = ORIENTED_EDGE('',*,*,#1910,.F.);
#1910 = EDGE_CURVE('',#1911,#1902,#1913,.T.);
#1911 = VERTEX_POINT('',#1912);
#1912 = CARTESIAN_POINT('',(92.112853,-132.25,0.));
#1913 = CIRCLE('',#1914,0.300023425676);
#1914 = AXIS2_PLACEMENT_3D('',#1915,#1916,#1917);
#1915 = CARTESIAN_POINT('',(92.112846772307,-132.5500234256,0.));
#1916 = DIRECTION('',(0.,0.,-1.));
#1917 = DIRECTION('',(2.075735498582E-05,0.999999999785,0.));
#1918 = ORIENTED_EDGE('',*,*,#1919,.F.);
#1919 = EDGE_CURVE('',#1920,#1911,#1922,.T.);
#1920 = VERTEX_POINT('',#1921);
#1921 = CARTESIAN_POINT('',(91.2125,-132.25,0.));
#1922 = LINE('',#1923,#1924);
#1923 = CARTESIAN_POINT('',(91.2125,-132.25,0.));
#1924 = VECTOR('',#1925,1.);
#1925 = DIRECTION('',(1.,0.,0.));
#1926 = ORIENTED_EDGE('',*,*,#1927,.F.);
#1927 = EDGE_CURVE('',#1928,#1920,#1930,.T.);
#1928 = VERTEX_POINT('',#1929);
#1929 = CARTESIAN_POINT('',(90.312147,-132.25,0.));
#1930 = LINE('',#1931,#1932);
#1931 = CARTESIAN_POINT('',(90.312147,-132.25,0.));
#1932 = VECTOR('',#1933,1.);
#1933 = DIRECTION('',(1.,0.,0.));
#1934 = ORIENTED_EDGE('',*,*,#1935,.F.);
#1935 = EDGE_CURVE('',#1936,#1928,#1938,.T.);
#1936 = VERTEX_POINT('',#1937);
#1937 = CARTESIAN_POINT('',(90.155845,-132.293934,0.));
#1938 = CIRCLE('',#1939,0.299991600077);
#1939 = AXIS2_PLACEMENT_3D('',#1940,#1941,#1942);
#1940 = CARTESIAN_POINT('',(90.312144282039,-132.5499916,0.));
#1941 = DIRECTION('',(0.,0.,-1.));
#1942 = DIRECTION('',(-0.521012195004,0.853549232709,0.));
#1943 = ORIENTED_EDGE('',*,*,#1944,.F.);
#1944 = EDGE_CURVE('',#1945,#1936,#1947,.T.);
#1945 = VERTEX_POINT('',#1946);
#1946 = CARTESIAN_POINT('',(89.468566,-131.606655,0.));
#1947 = CIRCLE('',#1948,0.499999603944);
#1948 = AXIS2_PLACEMENT_3D('',#1949,#1950,#1951);
#1949 = CARTESIAN_POINT('',(89.89534211054,-131.8671578894,0.));
#1950 = DIRECTION('',(0.,0.,1.));
#1951 = DIRECTION('',(-0.853552897188,0.521006191615,0.));
#1952 = ORIENTED_EDGE('',*,*,#1953,.F.);
#1953 = EDGE_CURVE('',#1954,#1945,#1956,.T.);
#1954 = VERTEX_POINT('',#1955);
#1955 = CARTESIAN_POINT('',(89.5125,-131.450353,0.));
#1956 = CIRCLE('',#1957,0.299991600078);
#1957 = AXIS2_PLACEMENT_3D('',#1958,#1959,#1960);
#1958 = CARTESIAN_POINT('',(89.212508399935,-131.4503557179,0.));
#1959 = DIRECTION('',(0.,0.,-1.));
#1960 = DIRECTION('',(0.999999999959,9.060123382971E-06,0.));
#1961 = ORIENTED_EDGE('',*,*,#1962,.F.);
#1962 = EDGE_CURVE('',#1963,#1954,#1965,.T.);
#1963 = VERTEX_POINT('',#1964);
#1964 = CARTESIAN_POINT('',(89.5125,-130.75,0.));
#1965 = LINE('',#1966,#1967);
#1966 = CARTESIAN_POINT('',(89.5125,-130.75,0.));
#1967 = VECTOR('',#1968,1.);
#1968 = DIRECTION('',(0.,-1.,0.));
#1969 = ORIENTED_EDGE('',*,*,#1970,.F.);
#1970 = EDGE_CURVE('',#1971,#1963,#1973,.T.);
#1971 = VERTEX_POINT('',#1972);
#1972 = CARTESIAN_POINT('',(89.5125,-130.049647,0.));
#1973 = LINE('',#1974,#1975);
#1974 = CARTESIAN_POINT('',(89.5125,-130.049647,0.));
#1975 = VECTOR('',#1976,1.);
#1976 = DIRECTION('',(0.,-1.,0.));
#1977 = ORIENTED_EDGE('',*,*,#1978,.F.);
#1978 = EDGE_CURVE('',#1979,#1971,#1981,.T.);
#1979 = VERTEX_POINT('',#1980);
#1980 = CARTESIAN_POINT('',(89.468566,-129.893345,0.));
#1981 = CIRCLE('',#1982,0.299991600078);
#1982 = AXIS2_PLACEMENT_3D('',#1983,#1984,#1985);
#1983 = CARTESIAN_POINT('',(89.212508399935,-130.049644282,0.));
#1984 = DIRECTION('',(0.,0.,-1.));
#1985 = DIRECTION('',(0.853549232709,0.521012195003,0.));
#1986 = ORIENTED_EDGE('',*,*,#1987,.F.);
#1987 = EDGE_CURVE('',#1988,#1979,#1990,.T.);
#1988 = VERTEX_POINT('',#1989);
#1989 = CARTESIAN_POINT('',(90.155845,-129.206066,0.));
#1990 = CIRCLE('',#1991,0.499999603944);
#1991 = AXIS2_PLACEMENT_3D('',#1992,#1993,#1994);
#1992 = CARTESIAN_POINT('',(89.89534211054,-129.6328421105,0.));
#1993 = DIRECTION('',(0.,0.,1.));
#1994 = DIRECTION('',(0.521006191615,0.853552897188,-0.));
#1995 = ORIENTED_EDGE('',*,*,#1996,.F.);
#1996 = EDGE_CURVE('',#1997,#1988,#1999,.T.);
#1997 = VERTEX_POINT('',#1998);
#1998 = CARTESIAN_POINT('',(90.312147,-129.25,0.));
#1999 = CIRCLE('',#2000,0.299991600077);
#2000 = AXIS2_PLACEMENT_3D('',#2001,#2002,#2003);
#2001 = CARTESIAN_POINT('',(90.312144282039,-128.9500083999,0.));
#2002 = DIRECTION('',(0.,0.,-1.));
#2003 = DIRECTION('',(9.060123619834E-06,-0.999999999959,0.));
#2004 = ORIENTED_EDGE('',*,*,#2005,.F.);
#2005 = EDGE_CURVE('',#2006,#1997,#2008,.T.);
#2006 = VERTEX_POINT('',#2007);
#2007 = CARTESIAN_POINT('',(91.2125,-129.25,0.));
#2008 = LINE('',#2009,#2010);
#2009 = CARTESIAN_POINT('',(91.2125,-129.25,0.));
#2010 = VECTOR('',#2011,1.);
#2011 = DIRECTION('',(-1.,0.,0.));
#2012 = ORIENTED_EDGE('',*,*,#2013,.F.);
#2013 = EDGE_CURVE('',#2014,#2006,#2016,.T.);
#2014 = VERTEX_POINT('',#2015);
#2015 = CARTESIAN_POINT('',(92.112853,-129.25,0.));
#2016 = LINE('',#2017,#2018);
#2017 = CARTESIAN_POINT('',(92.112853,-129.25,0.));
#2018 = VECTOR('',#2019,1.);
#2019 = DIRECTION('',(-1.,0.,0.));
#2020 = ORIENTED_EDGE('',*,*,#2021,.F.);
#2021 = EDGE_CURVE('',#1859,#2014,#2022,.T.);
#2022 = CIRCLE('',#2023,0.299966762338);
#2023 = AXIS2_PLACEMENT_3D('',#2024,#2025,#2026);
#2024 = CARTESIAN_POINT('',(92.112862699494,-128.9500332378,0.));
#2025 = DIRECTION('',(0.,0.,-1.));
#2026 = DIRECTION('',(0.521032061311,-0.853537105863,0.));
#2027 = FACE_BOUND('',#2028,.F.);
#2028 = EDGE_LOOP('',(#2029));
#2029 = ORIENTED_EDGE('',*,*,#2030,.T.);
#2030 = EDGE_CURVE('',#2031,#2031,#2033,.T.);
#2031 = VERTEX_POINT('',#2032);
#2032 = CARTESIAN_POINT('',(93.7525,-141.165,0.));
#2033 = CIRCLE('',#2034,1.525);
#2034 = AXIS2_PLACEMENT_3D('',#2035,#2036,#2037);
#2035 = CARTESIAN_POINT('',(93.7525,-139.64,0.));
#2036 = DIRECTION('',(-0.,0.,-1.));
#2037 = DIRECTION('',(-0.,-1.,0.));
#2038 = FACE_BOUND('',#2039,.F.);
#2039 = EDGE_LOOP('',(#2040,#2051,#2060,#2068,#2076,#2085,#2094,#2103,
    #2111,#2119,#2128,#2137,#2146,#2154,#2162,#2171,#2180,#2189,#2197,
    #2205));
#2040 = ORIENTED_EDGE('',*,*,#2041,.F.);
#2041 = EDGE_CURVE('',#2042,#2044,#2046,.T.);
#2042 = VERTEX_POINT('',#2043);
#2043 = CARTESIAN_POINT('',(112.006434,-148.943345,0.));
#2044 = VERTEX_POINT('',#2045);
#2045 = CARTESIAN_POINT('',(111.319155,-148.256066,0.));
#2046 = CIRCLE('',#2047,0.499999603944);
#2047 = AXIS2_PLACEMENT_3D('',#2048,#2049,#2050);
#2048 = CARTESIAN_POINT('',(111.57965788946,-148.6828421105,0.));
#2049 = DIRECTION('',(0.,0.,1.));
#2050 = DIRECTION('',(0.853552897188,-0.521006191616,0.));
#2051 = ORIENTED_EDGE('',*,*,#2052,.F.);
#2052 = EDGE_CURVE('',#2053,#2042,#2055,.T.);
#2053 = VERTEX_POINT('',#2054);
#2054 = CARTESIAN_POINT('',(111.9625,-149.099647,0.));
#2055 = CIRCLE('',#2056,0.299683785035);
#2056 = AXIS2_PLACEMENT_3D('',#2057,#2058,#2059);
#2057 = CARTESIAN_POINT('',(112.26218377174,-149.0995577564,0.));
#2058 = DIRECTION('',(0.,0.,-1.));
#2059 = DIRECTION('',(-0.99999995566,-2.977925317389E-04,-0.));
#2060 = ORIENTED_EDGE('',*,*,#2061,.F.);
#2061 = EDGE_CURVE('',#2062,#2053,#2064,.T.);
#2062 = VERTEX_POINT('',#2063);
#2063 = CARTESIAN_POINT('',(111.9625,-149.8,0.));
#2064 = LINE('',#2065,#2066);
#2065 = CARTESIAN_POINT('',(111.9625,-149.8,0.));
#2066 = VECTOR('',#2067,1.);
#2067 = DIRECTION('',(0.,1.,0.));
#2068 = ORIENTED_EDGE('',*,*,#2069,.F.);
#2069 = EDGE_CURVE('',#2070,#2062,#2072,.T.);
#2070 = VERTEX_POINT('',#2071);
#2071 = CARTESIAN_POINT('',(111.9625,-150.500353,0.));
#2072 = LINE('',#2073,#2074);
#2073 = CARTESIAN_POINT('',(111.9625,-150.500353,0.));
#2074 = VECTOR('',#2075,1.);
#2075 = DIRECTION('',(0.,1.,0.));
#2076 = ORIENTED_EDGE('',*,*,#2077,.F.);
#2077 = EDGE_CURVE('',#2078,#2070,#2080,.T.);
#2078 = VERTEX_POINT('',#2079);
#2079 = CARTESIAN_POINT('',(112.006434,-150.656655,0.));
#2080 = CIRCLE('',#2081,0.299966762338);
#2081 = AXIS2_PLACEMENT_3D('',#2082,#2083,#2084);
#2082 = CARTESIAN_POINT('',(112.26246676218,-150.5003626994,0.));
#2083 = DIRECTION('',(0.,0.,-1.));
#2084 = DIRECTION('',(-0.853537105864,-0.521032061311,-0.));
#2085 = ORIENTED_EDGE('',*,*,#2086,.F.);
#2086 = EDGE_CURVE('',#2087,#2078,#2089,.T.);
#2087 = VERTEX_POINT('',#2088);
#2088 = CARTESIAN_POINT('',(111.319155,-151.343934,0.));
#2089 = CIRCLE('',#2090,0.499998734392);
#2090 = AXIS2_PLACEMENT_3D('',#2091,#2092,#2093);
#2091 = CARTESIAN_POINT('',(111.57966050432,-150.9171605043,0.));
#2092 = DIRECTION('',(0.,0.,1.));
#2093 = DIRECTION('',(-0.521012327448,-0.853549151864,0.));
#2094 = ORIENTED_EDGE('',*,*,#2095,.F.);
#2095 = EDGE_CURVE('',#2096,#2087,#2098,.T.);
#2096 = VERTEX_POINT('',#2097);
#2097 = CARTESIAN_POINT('',(111.162853,-151.3,0.));
#2098 = CIRCLE('',#2099,0.300023425677);
#2099 = AXIS2_PLACEMENT_3D('',#2100,#2101,#2102);
#2100 = CARTESIAN_POINT('',(111.1628467723,-151.6000234256,0.));
#2101 = DIRECTION('',(0.,0.,-1.));
#2102 = DIRECTION('',(2.075735522262E-05,0.999999999785,0.));
#2103 = ORIENTED_EDGE('',*,*,#2104,.F.);
#2104 = EDGE_CURVE('',#2105,#2096,#2107,.T.);
#2105 = VERTEX_POINT('',#2106);
#2106 = CARTESIAN_POINT('',(110.2625,-151.3,0.));
#2107 = LINE('',#2108,#2109);
#2108 = CARTESIAN_POINT('',(110.2625,-151.3,0.));
#2109 = VECTOR('',#2110,1.);
#2110 = DIRECTION('',(1.,0.,0.));
#2111 = ORIENTED_EDGE('',*,*,#2112,.F.);
#2112 = EDGE_CURVE('',#2113,#2105,#2115,.T.);
#2113 = VERTEX_POINT('',#2114);
#2114 = CARTESIAN_POINT('',(109.362147,-151.3,0.));
#2115 = LINE('',#2116,#2117);
#2116 = CARTESIAN_POINT('',(109.362147,-151.3,0.));
#2117 = VECTOR('',#2118,1.);
#2118 = DIRECTION('',(1.,0.,0.));
#2119 = ORIENTED_EDGE('',*,*,#2120,.F.);
#2120 = EDGE_CURVE('',#2121,#2113,#2123,.T.);
#2121 = VERTEX_POINT('',#2122);
#2122 = CARTESIAN_POINT('',(109.205845,-151.343934,0.));
#2123 = CIRCLE('',#2124,0.299991600078);
#2124 = AXIS2_PLACEMENT_3D('',#2125,#2126,#2127);
#2125 = CARTESIAN_POINT('',(109.36214428203,-151.5999916,0.));
#2126 = DIRECTION('',(0.,0.,-1.));
#2127 = DIRECTION('',(-0.521012195003,0.853549232709,0.));
#2128 = ORIENTED_EDGE('',*,*,#2129,.F.);
#2129 = EDGE_CURVE('',#2130,#2121,#2132,.T.);
#2130 = VERTEX_POINT('',#2131);
#2131 = CARTESIAN_POINT('',(108.518566,-150.656655,0.));
#2132 = CIRCLE('',#2133,0.499999603944);
#2133 = AXIS2_PLACEMENT_3D('',#2134,#2135,#2136);
#2134 = CARTESIAN_POINT('',(108.94534211054,-150.9171578894,0.));
#2135 = DIRECTION('',(0.,0.,1.));
#2136 = DIRECTION('',(-0.853552897188,0.521006191616,0.));
#2137 = ORIENTED_EDGE('',*,*,#2138,.F.);
#2138 = EDGE_CURVE('',#2139,#2130,#2141,.T.);
#2139 = VERTEX_POINT('',#2140);
#2140 = CARTESIAN_POINT('',(108.5625,-150.500353,0.));
#2141 = CIRCLE('',#2142,0.299991600078);
#2142 = AXIS2_PLACEMENT_3D('',#2143,#2144,#2145);
#2143 = CARTESIAN_POINT('',(108.26250839993,-150.5003557179,0.));
#2144 = DIRECTION('',(0.,0.,-1.));
#2145 = DIRECTION('',(0.999999999959,9.060123667201E-06,0.));
#2146 = ORIENTED_EDGE('',*,*,#2147,.F.);
#2147 = EDGE_CURVE('',#2148,#2139,#2150,.T.);
#2148 = VERTEX_POINT('',#2149);
#2149 = CARTESIAN_POINT('',(108.5625,-149.8,0.));
#2150 = LINE('',#2151,#2152);
#2151 = CARTESIAN_POINT('',(108.5625,-149.8,0.));
#2152 = VECTOR('',#2153,1.);
#2153 = DIRECTION('',(0.,-1.,0.));
#2154 = ORIENTED_EDGE('',*,*,#2155,.F.);
#2155 = EDGE_CURVE('',#2156,#2148,#2158,.T.);
#2156 = VERTEX_POINT('',#2157);
#2157 = CARTESIAN_POINT('',(108.5625,-149.099647,0.));
#2158 = LINE('',#2159,#2160);
#2159 = CARTESIAN_POINT('',(108.5625,-149.099647,0.));
#2160 = VECTOR('',#2161,1.);
#2161 = DIRECTION('',(0.,-1.,0.));
#2162 = ORIENTED_EDGE('',*,*,#2163,.F.);
#2163 = EDGE_CURVE('',#2164,#2156,#2166,.T.);
#2164 = VERTEX_POINT('',#2165);
#2165 = CARTESIAN_POINT('',(108.518566,-148.943345,0.));
#2166 = CIRCLE('',#2167,0.299991600077);
#2167 = AXIS2_PLACEMENT_3D('',#2168,#2169,#2170);
#2168 = CARTESIAN_POINT('',(108.26250839993,-149.099644282,0.));
#2169 = DIRECTION('',(0.,0.,-1.));
#2170 = DIRECTION('',(0.853549232709,0.521012195004,0.));
#2171 = ORIENTED_EDGE('',*,*,#2172,.F.);
#2172 = EDGE_CURVE('',#2173,#2164,#2175,.T.);
#2173 = VERTEX_POINT('',#2174);
#2174 = CARTESIAN_POINT('',(109.205845,-148.256066,0.));
#2175 = CIRCLE('',#2176,0.499999603944);
#2176 = AXIS2_PLACEMENT_3D('',#2177,#2178,#2179);
#2177 = CARTESIAN_POINT('',(108.94534211054,-148.6828421105,0.));
#2178 = DIRECTION('',(0.,0.,1.));
#2179 = DIRECTION('',(0.521006191616,0.853552897188,-0.));
#2180 = ORIENTED_EDGE('',*,*,#2181,.F.);
#2181 = EDGE_CURVE('',#2182,#2173,#2184,.T.);
#2182 = VERTEX_POINT('',#2183);
#2183 = CARTESIAN_POINT('',(109.362147,-148.3,0.));
#2184 = CIRCLE('',#2185,0.299991600078);
#2185 = AXIS2_PLACEMENT_3D('',#2186,#2187,#2188);
#2186 = CARTESIAN_POINT('',(109.36214428203,-148.0000083999,0.));
#2187 = DIRECTION('',(0.,0.,-1.));
#2188 = DIRECTION('',(9.060122909248E-06,-0.999999999959,0.));
#2189 = ORIENTED_EDGE('',*,*,#2190,.F.);
#2190 = EDGE_CURVE('',#2191,#2182,#2193,.T.);
#2191 = VERTEX_POINT('',#2192);
#2192 = CARTESIAN_POINT('',(110.2625,-148.3,0.));
#2193 = LINE('',#2194,#2195);
#2194 = CARTESIAN_POINT('',(110.2625,-148.3,0.));
#2195 = VECTOR('',#2196,1.);
#2196 = DIRECTION('',(-1.,0.,0.));
#2197 = ORIENTED_EDGE('',*,*,#2198,.F.);
#2198 = EDGE_CURVE('',#2199,#2191,#2201,.T.);
#2199 = VERTEX_POINT('',#2200);
#2200 = CARTESIAN_POINT('',(111.162853,-148.3,0.));
#2201 = LINE('',#2202,#2203);
#2202 = CARTESIAN_POINT('',(111.162853,-148.3,0.));
#2203 = VECTOR('',#2204,1.);
#2204 = DIRECTION('',(-1.,0.,0.));
#2205 = ORIENTED_EDGE('',*,*,#2206,.F.);
#2206 = EDGE_CURVE('',#2044,#2199,#2207,.T.);
#2207 = CIRCLE('',#2208,0.299966762339);
#2208 = AXIS2_PLACEMENT_3D('',#2209,#2210,#2211);
#2209 = CARTESIAN_POINT('',(111.16286269949,-148.0000332378,0.));
#2210 = DIRECTION('',(0.,0.,-1.));
#2211 = DIRECTION('',(0.521032061311,-0.853537105864,0.));
#2212 = FACE_BOUND('',#2213,.F.);
#2213 = EDGE_LOOP('',(#2214));
#2214 = ORIENTED_EDGE('',*,*,#2215,.T.);
#2215 = EDGE_CURVE('',#2216,#2216,#2218,.T.);
#2216 = VERTEX_POINT('',#2217);
#2217 = CARTESIAN_POINT('',(105.1825,-145.595,0.));
#2218 = CIRCLE('',#2219,0.875);
#2219 = AXIS2_PLACEMENT_3D('',#2220,#2221,#2222);
#2220 = CARTESIAN_POINT('',(105.1825,-144.72,0.));
#2221 = DIRECTION('',(-0.,0.,-1.));
#2222 = DIRECTION('',(-0.,-1.,0.));
#2223 = FACE_BOUND('',#2224,.F.);
#2224 = EDGE_LOOP('',(#2225));
#2225 = ORIENTED_EDGE('',*,*,#2226,.T.);
#2226 = EDGE_CURVE('',#2227,#2227,#2229,.T.);
#2227 = VERTEX_POINT('',#2228);
#2228 = CARTESIAN_POINT('',(106.4525,-143.705,0.));
#2229 = CIRCLE('',#2230,1.525);
#2230 = AXIS2_PLACEMENT_3D('',#2231,#2232,#2233);
#2231 = CARTESIAN_POINT('',(106.4525,-142.18,0.));
#2232 = DIRECTION('',(-0.,0.,-1.));
#2233 = DIRECTION('',(-0.,-1.,0.));
#2234 = FACE_BOUND('',#2235,.F.);
#2235 = EDGE_LOOP('',(#2236));
#2236 = ORIENTED_EDGE('',*,*,#2237,.T.);
#2237 = EDGE_CURVE('',#2238,#2238,#2240,.T.);
#2238 = VERTEX_POINT('',#2239);
#2239 = CARTESIAN_POINT('',(110.2625,-146.72,0.));
#2240 = CIRCLE('',#2241,2.);
#2241 = AXIS2_PLACEMENT_3D('',#2242,#2243,#2244);
#2242 = CARTESIAN_POINT('',(110.2625,-144.72,0.));
#2243 = DIRECTION('',(-0.,0.,-1.));
#2244 = DIRECTION('',(-0.,-1.,0.));
#2245 = FACE_BOUND('',#2246,.F.);
#2246 = EDGE_LOOP('',(#2247));
#2247 = ORIENTED_EDGE('',*,*,#2248,.T.);
#2248 = EDGE_CURVE('',#2249,#2249,#2251,.T.);
#2249 = VERTEX_POINT('',#2250);
#2250 = CARTESIAN_POINT('',(122.8375,-155.395,0.));
#2251 = CIRCLE('',#2252,1.1);
#2252 = AXIS2_PLACEMENT_3D('',#2253,#2254,#2255);
#2253 = CARTESIAN_POINT('',(122.8375,-154.295,0.));
#2254 = DIRECTION('',(-0.,0.,-1.));
#2255 = DIRECTION('',(-0.,-1.,0.));
#2256 = FACE_BOUND('',#2257,.F.);
#2257 = EDGE_LOOP('',(#2258));
#2258 = ORIENTED_EDGE('',*,*,#2259,.T.);
#2259 = EDGE_CURVE('',#2260,#2260,#2262,.T.);
#2260 = VERTEX_POINT('',#2261);
#2261 = CARTESIAN_POINT('',(115.3425,-145.595,0.));
#2262 = CIRCLE('',#2263,0.875);
#2263 = AXIS2_PLACEMENT_3D('',#2264,#2265,#2266);
#2264 = CARTESIAN_POINT('',(115.3425,-144.72,0.));
#2265 = DIRECTION('',(-0.,0.,-1.));
#2266 = DIRECTION('',(-0.,-1.,0.));
#2267 = FACE_BOUND('',#2268,.F.);
#2268 = EDGE_LOOP('',(#2269));
#2269 = ORIENTED_EDGE('',*,*,#2270,.T.);
#2270 = EDGE_CURVE('',#2271,#2271,#2273,.T.);
#2271 = VERTEX_POINT('',#2272);
#2272 = CARTESIAN_POINT('',(112.8025,-141.165,0.));
#2273 = CIRCLE('',#2274,1.525);
#2274 = AXIS2_PLACEMENT_3D('',#2275,#2276,#2277);
#2275 = CARTESIAN_POINT('',(112.8025,-139.64,0.));
#2276 = DIRECTION('',(-0.,0.,-1.));
#2277 = DIRECTION('',(-9.31859325587E-15,-1.,0.));
#2278 = FACE_BOUND('',#2279,.F.);
#2279 = EDGE_LOOP('',(#2280,#2291,#2300,#2308,#2316,#2325,#2334,#2343,
    #2351,#2359,#2368,#2377,#2386,#2394,#2402,#2411,#2420,#2429,#2437,
    #2445));
#2280 = ORIENTED_EDGE('',*,*,#2281,.F.);
#2281 = EDGE_CURVE('',#2282,#2284,#2286,.T.);
#2282 = VERTEX_POINT('',#2283);
#2283 = CARTESIAN_POINT('',(112.006434,-129.893345,0.));
#2284 = VERTEX_POINT('',#2285);
#2285 = CARTESIAN_POINT('',(111.319155,-129.206066,0.));
#2286 = CIRCLE('',#2287,0.499999603944);
#2287 = AXIS2_PLACEMENT_3D('',#2288,#2289,#2290);
#2288 = CARTESIAN_POINT('',(111.57965788946,-129.6328421105,0.));
#2289 = DIRECTION('',(0.,0.,1.));
#2290 = DIRECTION('',(0.853552897188,-0.521006191615,0.));
#2291 = ORIENTED_EDGE('',*,*,#2292,.F.);
#2292 = EDGE_CURVE('',#2293,#2282,#2295,.T.);
#2293 = VERTEX_POINT('',#2294);
#2294 = CARTESIAN_POINT('',(111.9625,-130.049647,0.));
#2295 = CIRCLE('',#2296,0.299683785035);
#2296 = AXIS2_PLACEMENT_3D('',#2297,#2298,#2299);
#2297 = CARTESIAN_POINT('',(112.26218377174,-130.0495577564,0.));
#2298 = DIRECTION('',(0.,0.,-1.));
#2299 = DIRECTION('',(-0.99999995566,-2.977925317391E-04,-0.));
#2300 = ORIENTED_EDGE('',*,*,#2301,.F.);
#2301 = EDGE_CURVE('',#2302,#2293,#2304,.T.);
#2302 = VERTEX_POINT('',#2303);
#2303 = CARTESIAN_POINT('',(111.9625,-130.75,0.));
#2304 = LINE('',#2305,#2306);
#2305 = CARTESIAN_POINT('',(111.9625,-130.75,0.));
#2306 = VECTOR('',#2307,1.);
#2307 = DIRECTION('',(0.,1.,0.));
#2308 = ORIENTED_EDGE('',*,*,#2309,.F.);
#2309 = EDGE_CURVE('',#2310,#2302,#2312,.T.);
#2310 = VERTEX_POINT('',#2311);
#2311 = CARTESIAN_POINT('',(111.9625,-131.450353,0.));
#2312 = LINE('',#2313,#2314);
#2313 = CARTESIAN_POINT('',(111.9625,-131.450353,0.));
#2314 = VECTOR('',#2315,1.);
#2315 = DIRECTION('',(0.,1.,0.));
#2316 = ORIENTED_EDGE('',*,*,#2317,.F.);
#2317 = EDGE_CURVE('',#2318,#2310,#2320,.T.);
#2318 = VERTEX_POINT('',#2319);
#2319 = CARTESIAN_POINT('',(112.006434,-131.606655,0.));
#2320 = CIRCLE('',#2321,0.299966762338);
#2321 = AXIS2_PLACEMENT_3D('',#2322,#2323,#2324);
#2322 = CARTESIAN_POINT('',(112.26246676218,-131.4503626994,0.));
#2323 = DIRECTION('',(0.,0.,-1.));
#2324 = DIRECTION('',(-0.853537105864,-0.521032061311,-0.));
#2325 = ORIENTED_EDGE('',*,*,#2326,.F.);
#2326 = EDGE_CURVE('',#2327,#2318,#2329,.T.);
#2327 = VERTEX_POINT('',#2328);
#2328 = CARTESIAN_POINT('',(111.319155,-132.293934,0.));
#2329 = CIRCLE('',#2330,0.499998734392);
#2330 = AXIS2_PLACEMENT_3D('',#2331,#2332,#2333);
#2331 = CARTESIAN_POINT('',(111.57966050432,-131.8671605043,0.));
#2332 = DIRECTION('',(0.,0.,1.));
#2333 = DIRECTION('',(-0.521012327448,-0.853549151864,0.));
#2334 = ORIENTED_EDGE('',*,*,#2335,.F.);
#2335 = EDGE_CURVE('',#2336,#2327,#2338,.T.);
#2336 = VERTEX_POINT('',#2337);
#2337 = CARTESIAN_POINT('',(111.162853,-132.25,0.));
#2338 = CIRCLE('',#2339,0.300023425677);
#2339 = AXIS2_PLACEMENT_3D('',#2340,#2341,#2342);
#2340 = CARTESIAN_POINT('',(111.1628467723,-132.5500234256,0.));
#2341 = DIRECTION('',(0.,0.,-1.));
#2342 = DIRECTION('',(2.075735503318E-05,0.999999999785,0.));
#2343 = ORIENTED_EDGE('',*,*,#2344,.F.);
#2344 = EDGE_CURVE('',#2345,#2336,#2347,.T.);
#2345 = VERTEX_POINT('',#2346);
#2346 = CARTESIAN_POINT('',(110.2625,-132.25,0.));
#2347 = LINE('',#2348,#2349);
#2348 = CARTESIAN_POINT('',(110.2625,-132.25,0.));
#2349 = VECTOR('',#2350,1.);
#2350 = DIRECTION('',(1.,0.,0.));
#2351 = ORIENTED_EDGE('',*,*,#2352,.F.);
#2352 = EDGE_CURVE('',#2353,#2345,#2355,.T.);
#2353 = VERTEX_POINT('',#2354);
#2354 = CARTESIAN_POINT('',(109.362147,-132.25,0.));
#2355 = LINE('',#2356,#2357);
#2356 = CARTESIAN_POINT('',(109.362147,-132.25,0.));
#2357 = VECTOR('',#2358,1.);
#2358 = DIRECTION('',(1.,0.,0.));
#2359 = ORIENTED_EDGE('',*,*,#2360,.F.);
#2360 = EDGE_CURVE('',#2361,#2353,#2363,.T.);
#2361 = VERTEX_POINT('',#2362);
#2362 = CARTESIAN_POINT('',(109.205845,-132.293934,0.));
#2363 = CIRCLE('',#2364,0.299991600077);
#2364 = AXIS2_PLACEMENT_3D('',#2365,#2366,#2367);
#2365 = CARTESIAN_POINT('',(109.36214428203,-132.5499916,0.));
#2366 = DIRECTION('',(0.,0.,-1.));
#2367 = DIRECTION('',(-0.521012195004,0.853549232709,0.));
#2368 = ORIENTED_EDGE('',*,*,#2369,.F.);
#2369 = EDGE_CURVE('',#2370,#2361,#2372,.T.);
#2370 = VERTEX_POINT('',#2371);
#2371 = CARTESIAN_POINT('',(108.518566,-131.606655,0.));
#2372 = CIRCLE('',#2373,0.499999603944);
#2373 = AXIS2_PLACEMENT_3D('',#2374,#2375,#2376);
#2374 = CARTESIAN_POINT('',(108.94534211054,-131.8671578894,0.));
#2375 = DIRECTION('',(0.,0.,1.));
#2376 = DIRECTION('',(-0.853552897188,0.521006191615,0.));
#2377 = ORIENTED_EDGE('',*,*,#2378,.F.);
#2378 = EDGE_CURVE('',#2379,#2370,#2381,.T.);
#2379 = VERTEX_POINT('',#2380);
#2380 = CARTESIAN_POINT('',(108.5625,-131.450353,0.));
#2381 = CIRCLE('',#2382,0.299991600077);
#2382 = AXIS2_PLACEMENT_3D('',#2383,#2384,#2385);
#2383 = CARTESIAN_POINT('',(108.26250839993,-131.4503557179,0.));
#2384 = DIRECTION('',(0.,0.,-1.));
#2385 = DIRECTION('',(0.999999999959,9.06012357246E-06,0.));
#2386 = ORIENTED_EDGE('',*,*,#2387,.F.);
#2387 = EDGE_CURVE('',#2388,#2379,#2390,.T.);
#2388 = VERTEX_POINT('',#2389);
#2389 = CARTESIAN_POINT('',(108.5625,-130.75,0.));
#2390 = LINE('',#2391,#2392);
#2391 = CARTESIAN_POINT('',(108.5625,-130.75,0.));
#2392 = VECTOR('',#2393,1.);
#2393 = DIRECTION('',(0.,-1.,0.));
#2394 = ORIENTED_EDGE('',*,*,#2395,.F.);
#2395 = EDGE_CURVE('',#2396,#2388,#2398,.T.);
#2396 = VERTEX_POINT('',#2397);
#2397 = CARTESIAN_POINT('',(108.5625,-130.049647,0.));
#2398 = LINE('',#2399,#2400);
#2399 = CARTESIAN_POINT('',(108.5625,-130.049647,0.));
#2400 = VECTOR('',#2401,1.);
#2401 = DIRECTION('',(0.,-1.,0.));
#2402 = ORIENTED_EDGE('',*,*,#2403,.F.);
#2403 = EDGE_CURVE('',#2404,#2396,#2406,.T.);
#2404 = VERTEX_POINT('',#2405);
#2405 = CARTESIAN_POINT('',(108.518566,-129.893345,0.));
#2406 = CIRCLE('',#2407,0.299991600077);
#2407 = AXIS2_PLACEMENT_3D('',#2408,#2409,#2410);
#2408 = CARTESIAN_POINT('',(108.26250839993,-130.049644282,0.));
#2409 = DIRECTION('',(0.,0.,-1.));
#2410 = DIRECTION('',(0.853549232709,0.521012195004,0.));
#2411 = ORIENTED_EDGE('',*,*,#2412,.F.);
#2412 = EDGE_CURVE('',#2413,#2404,#2415,.T.);
#2413 = VERTEX_POINT('',#2414);
#2414 = CARTESIAN_POINT('',(109.205845,-129.206066,0.));
#2415 = CIRCLE('',#2416,0.499999603944);
#2416 = AXIS2_PLACEMENT_3D('',#2417,#2418,#2419);
#2417 = CARTESIAN_POINT('',(108.94534211054,-129.6328421105,0.));
#2418 = DIRECTION('',(0.,0.,1.));
#2419 = DIRECTION('',(0.521006191615,0.853552897188,-0.));
#2420 = ORIENTED_EDGE('',*,*,#2421,.F.);
#2421 = EDGE_CURVE('',#2422,#2413,#2424,.T.);
#2422 = VERTEX_POINT('',#2423);
#2423 = CARTESIAN_POINT('',(109.362147,-129.25,0.));
#2424 = CIRCLE('',#2425,0.299991600077);
#2425 = AXIS2_PLACEMENT_3D('',#2426,#2427,#2428);
#2426 = CARTESIAN_POINT('',(109.36214428203,-128.9500083999,0.));
#2427 = DIRECTION('',(0.,0.,-1.));
#2428 = DIRECTION('',(9.060123572461E-06,-0.999999999959,0.));
#2429 = ORIENTED_EDGE('',*,*,#2430,.F.);
#2430 = EDGE_CURVE('',#2431,#2422,#2433,.T.);
#2431 = VERTEX_POINT('',#2432);
#2432 = CARTESIAN_POINT('',(110.2625,-129.25,0.));
#2433 = LINE('',#2434,#2435);
#2434 = CARTESIAN_POINT('',(110.2625,-129.25,0.));
#2435 = VECTOR('',#2436,1.);
#2436 = DIRECTION('',(-1.,0.,0.));
#2437 = ORIENTED_EDGE('',*,*,#2438,.F.);
#2438 = EDGE_CURVE('',#2439,#2431,#2441,.T.);
#2439 = VERTEX_POINT('',#2440);
#2440 = CARTESIAN_POINT('',(111.162853,-129.25,0.));
#2441 = LINE('',#2442,#2443);
#2442 = CARTESIAN_POINT('',(111.162853,-129.25,0.));
#2443 = VECTOR('',#2444,1.);
#2444 = DIRECTION('',(-1.,0.,0.));
#2445 = ORIENTED_EDGE('',*,*,#2446,.F.);
#2446 = EDGE_CURVE('',#2284,#2439,#2447,.T.);
#2447 = CIRCLE('',#2448,0.299966762338);
#2448 = AXIS2_PLACEMENT_3D('',#2449,#2450,#2451);
#2449 = CARTESIAN_POINT('',(111.16286269949,-128.9500332378,0.));
#2450 = DIRECTION('',(0.,0.,-1.));
#2451 = DIRECTION('',(0.521032061311,-0.853537105863,0.));
#2452 = FACE_BOUND('',#2453,.F.);
#2453 = EDGE_LOOP('',(#2454));
#2454 = ORIENTED_EDGE('',*,*,#2455,.T.);
#2455 = EDGE_CURVE('',#2456,#2456,#2458,.T.);
#2456 = VERTEX_POINT('',#2457);
#2457 = CARTESIAN_POINT('',(86.1325,-126.545,0.));
#2458 = CIRCLE('',#2459,0.875);
#2459 = AXIS2_PLACEMENT_3D('',#2460,#2461,#2462);
#2460 = CARTESIAN_POINT('',(86.1325,-125.67,0.));
#2461 = DIRECTION('',(-0.,0.,-1.));
#2462 = DIRECTION('',(-0.,-1.,0.));
#2463 = FACE_BOUND('',#2464,.F.);
#2464 = EDGE_LOOP('',(#2465));
#2465 = ORIENTED_EDGE('',*,*,#2466,.T.);
#2466 = EDGE_CURVE('',#2467,#2467,#2469,.T.);
#2467 = VERTEX_POINT('',#2468);
#2468 = CARTESIAN_POINT('',(91.2125,-127.67,0.));
#2469 = CIRCLE('',#2470,2.);
#2470 = AXIS2_PLACEMENT_3D('',#2471,#2472,#2473);
#2471 = CARTESIAN_POINT('',(91.2125,-125.67,0.));
#2472 = DIRECTION('',(-0.,0.,-1.));
#2473 = DIRECTION('',(-0.,-1.,0.));
#2474 = FACE_BOUND('',#2475,.F.);
#2475 = EDGE_LOOP('',(#2476));
#2476 = ORIENTED_EDGE('',*,*,#2477,.T.);
#2477 = EDGE_CURVE('',#2478,#2478,#2480,.T.);
#2478 = VERTEX_POINT('',#2479);
#2479 = CARTESIAN_POINT('',(87.4025,-124.655,0.));
#2480 = CIRCLE('',#2481,1.525);
#2481 = AXIS2_PLACEMENT_3D('',#2482,#2483,#2484);
#2482 = CARTESIAN_POINT('',(87.4025,-123.13,0.));
#2483 = DIRECTION('',(-0.,0.,-1.));
#2484 = DIRECTION('',(-0.,-1.,0.));
#2485 = FACE_BOUND('',#2486,.F.);
#2486 = EDGE_LOOP('',(#2487));
#2487 = ORIENTED_EDGE('',*,*,#2488,.T.);
#2488 = EDGE_CURVE('',#2489,#2489,#2491,.T.);
#2489 = VERTEX_POINT('',#2490);
#2490 = CARTESIAN_POINT('',(96.2925,-126.545,0.));
#2491 = CIRCLE('',#2492,0.875);
#2492 = AXIS2_PLACEMENT_3D('',#2493,#2494,#2495);
#2493 = CARTESIAN_POINT('',(96.2925,-125.67,0.));
#2494 = DIRECTION('',(-0.,0.,-1.));
#2495 = DIRECTION('',(-0.,-1.,0.));
#2496 = FACE_BOUND('',#2497,.F.);
#2497 = EDGE_LOOP('',(#2498));
#2498 = ORIENTED_EDGE('',*,*,#2499,.T.);
#2499 = EDGE_CURVE('',#2500,#2500,#2502,.T.);
#2500 = VERTEX_POINT('',#2501);
#2501 = CARTESIAN_POINT('',(93.7525,-122.115,0.));
#2502 = CIRCLE('',#2503,1.525);
#2503 = AXIS2_PLACEMENT_3D('',#2504,#2505,#2506);
#2504 = CARTESIAN_POINT('',(93.7525,-120.59,0.));
#2505 = DIRECTION('',(-0.,0.,-1.));
#2506 = DIRECTION('',(-0.,-1.,0.));
#2507 = FACE_BOUND('',#2508,.F.);
#2508 = EDGE_LOOP('',(#2509,#2520,#2529,#2537,#2545,#2554,#2563,#2572,
    #2580,#2588,#2597,#2606,#2615,#2623,#2631,#2640,#2649,#2658,#2666,
    #2674));
#2509 = ORIENTED_EDGE('',*,*,#2510,.F.);
#2510 = EDGE_CURVE('',#2511,#2513,#2515,.T.);
#2511 = VERTEX_POINT('',#2512);
#2512 = CARTESIAN_POINT('',(92.956434,-110.843345,0.));
#2513 = VERTEX_POINT('',#2514);
#2514 = CARTESIAN_POINT('',(92.269155,-110.156066,0.));
#2515 = CIRCLE('',#2516,0.499999603944);
#2516 = AXIS2_PLACEMENT_3D('',#2517,#2518,#2519);
#2517 = CARTESIAN_POINT('',(92.52965788946,-110.5828421105,0.));
#2518 = DIRECTION('',(0.,0.,1.));
#2519 = DIRECTION('',(0.853552897188,-0.521006191616,0.));
#2520 = ORIENTED_EDGE('',*,*,#2521,.F.);
#2521 = EDGE_CURVE('',#2522,#2511,#2524,.T.);
#2522 = VERTEX_POINT('',#2523);
#2523 = CARTESIAN_POINT('',(92.9125,-110.999647,0.));
#2524 = CIRCLE('',#2525,0.299683785035);
#2525 = AXIS2_PLACEMENT_3D('',#2526,#2527,#2528);
#2526 = CARTESIAN_POINT('',(93.212183771747,-110.9995577564,0.));
#2527 = DIRECTION('',(0.,0.,-1.));
#2528 = DIRECTION('',(-0.99999995566,-2.977925313593E-04,-0.));
#2529 = ORIENTED_EDGE('',*,*,#2530,.F.);
#2530 = EDGE_CURVE('',#2531,#2522,#2533,.T.);
#2531 = VERTEX_POINT('',#2532);
#2532 = CARTESIAN_POINT('',(92.9125,-111.7,0.));
#2533 = LINE('',#2534,#2535);
#2534 = CARTESIAN_POINT('',(92.9125,-111.7,0.));
#2535 = VECTOR('',#2536,1.);
#2536 = DIRECTION('',(0.,1.,0.));
#2537 = ORIENTED_EDGE('',*,*,#2538,.F.);
#2538 = EDGE_CURVE('',#2539,#2531,#2541,.T.);
#2539 = VERTEX_POINT('',#2540);
#2540 = CARTESIAN_POINT('',(92.9125,-112.400353,0.));
#2541 = LINE('',#2542,#2543);
#2542 = CARTESIAN_POINT('',(92.9125,-112.400353,0.));
#2543 = VECTOR('',#2544,1.);
#2544 = DIRECTION('',(0.,1.,0.));
#2545 = ORIENTED_EDGE('',*,*,#2546,.F.);
#2546 = EDGE_CURVE('',#2547,#2539,#2549,.T.);
#2547 = VERTEX_POINT('',#2548);
#2548 = CARTESIAN_POINT('',(92.956434,-112.556655,0.));
#2549 = CIRCLE('',#2550,0.299966762338);
#2550 = AXIS2_PLACEMENT_3D('',#2551,#2552,#2553);
#2551 = CARTESIAN_POINT('',(93.212466762182,-112.4003626994,0.));
#2552 = DIRECTION('',(0.,0.,-1.));
#2553 = DIRECTION('',(-0.853537105864,-0.521032061311,-0.));
#2554 = ORIENTED_EDGE('',*,*,#2555,.F.);
#2555 = EDGE_CURVE('',#2556,#2547,#2558,.T.);
#2556 = VERTEX_POINT('',#2557);
#2557 = CARTESIAN_POINT('',(92.269155,-113.243934,0.));
#2558 = CIRCLE('',#2559,0.499998734392);
#2559 = AXIS2_PLACEMENT_3D('',#2560,#2561,#2562);
#2560 = CARTESIAN_POINT('',(92.529660504327,-112.8171605043,0.));
#2561 = DIRECTION('',(0.,0.,1.));
#2562 = DIRECTION('',(-0.521012327448,-0.853549151864,0.));
#2563 = ORIENTED_EDGE('',*,*,#2564,.F.);
#2564 = EDGE_CURVE('',#2565,#2556,#2567,.T.);
#2565 = VERTEX_POINT('',#2566);
#2566 = CARTESIAN_POINT('',(92.112853,-113.2,0.));
#2567 = CIRCLE('',#2568,0.300023425677);
#2568 = AXIS2_PLACEMENT_3D('',#2569,#2570,#2571);
#2569 = CARTESIAN_POINT('',(92.112846772307,-113.5000234256,0.));
#2570 = DIRECTION('',(0.,0.,-1.));
#2571 = DIRECTION('',(2.075735508053E-05,0.999999999785,0.));
#2572 = ORIENTED_EDGE('',*,*,#2573,.F.);
#2573 = EDGE_CURVE('',#2574,#2565,#2576,.T.);
#2574 = VERTEX_POINT('',#2575);
#2575 = CARTESIAN_POINT('',(91.2125,-113.2,0.));
#2576 = LINE('',#2577,#2578);
#2577 = CARTESIAN_POINT('',(91.2125,-113.2,0.));
#2578 = VECTOR('',#2579,1.);
#2579 = DIRECTION('',(1.,0.,0.));
#2580 = ORIENTED_EDGE('',*,*,#2581,.F.);
#2581 = EDGE_CURVE('',#2582,#2574,#2584,.T.);
#2582 = VERTEX_POINT('',#2583);
#2583 = CARTESIAN_POINT('',(90.312147,-113.2,0.));
#2584 = LINE('',#2585,#2586);
#2585 = CARTESIAN_POINT('',(90.312147,-113.2,0.));
#2586 = VECTOR('',#2587,1.);
#2587 = DIRECTION('',(1.,0.,0.));
#2588 = ORIENTED_EDGE('',*,*,#2589,.F.);
#2589 = EDGE_CURVE('',#2590,#2582,#2592,.T.);
#2590 = VERTEX_POINT('',#2591);
#2591 = CARTESIAN_POINT('',(90.155845,-113.243934,0.));
#2592 = CIRCLE('',#2593,0.299991600078);
#2593 = AXIS2_PLACEMENT_3D('',#2594,#2595,#2596);
#2594 = CARTESIAN_POINT('',(90.312144282039,-113.4999916,0.));
#2595 = DIRECTION('',(0.,0.,-1.));
#2596 = DIRECTION('',(-0.521012195004,0.853549232709,0.));
#2597 = ORIENTED_EDGE('',*,*,#2598,.F.);
#2598 = EDGE_CURVE('',#2599,#2590,#2601,.T.);
#2599 = VERTEX_POINT('',#2600);
#2600 = CARTESIAN_POINT('',(89.468566,-112.556655,0.));
#2601 = CIRCLE('',#2602,0.499999603944);
#2602 = AXIS2_PLACEMENT_3D('',#2603,#2604,#2605);
#2603 = CARTESIAN_POINT('',(89.89534211054,-112.8171578894,0.));
#2604 = DIRECTION('',(0.,0.,1.));
#2605 = DIRECTION('',(-0.853552897188,0.521006191616,0.));
#2606 = ORIENTED_EDGE('',*,*,#2607,.F.);
#2607 = EDGE_CURVE('',#2608,#2599,#2610,.T.);
#2608 = VERTEX_POINT('',#2609);
#2609 = CARTESIAN_POINT('',(89.5125,-112.400353,0.));
#2610 = CIRCLE('',#2611,0.299991600078);
#2611 = AXIS2_PLACEMENT_3D('',#2612,#2613,#2614);
#2612 = CARTESIAN_POINT('',(89.212508399935,-112.4003557179,0.));
#2613 = DIRECTION('',(0.,0.,-1.));
#2614 = DIRECTION('',(0.999999999959,9.06012338297E-06,0.));
#2615 = ORIENTED_EDGE('',*,*,#2616,.F.);
#2616 = EDGE_CURVE('',#2617,#2608,#2619,.T.);
#2617 = VERTEX_POINT('',#2618);
#2618 = CARTESIAN_POINT('',(89.5125,-111.7,0.));
#2619 = LINE('',#2620,#2621);
#2620 = CARTESIAN_POINT('',(89.5125,-111.7,0.));
#2621 = VECTOR('',#2622,1.);
#2622 = DIRECTION('',(0.,-1.,0.));
#2623 = ORIENTED_EDGE('',*,*,#2624,.F.);
#2624 = EDGE_CURVE('',#2625,#2617,#2627,.T.);
#2625 = VERTEX_POINT('',#2626);
#2626 = CARTESIAN_POINT('',(89.5125,-110.999647,0.));
#2627 = LINE('',#2628,#2629);
#2628 = CARTESIAN_POINT('',(89.5125,-110.999647,0.));
#2629 = VECTOR('',#2630,1.);
#2630 = DIRECTION('',(0.,-1.,0.));
#2631 = ORIENTED_EDGE('',*,*,#2632,.F.);
#2632 = EDGE_CURVE('',#2633,#2625,#2635,.T.);
#2633 = VERTEX_POINT('',#2634);
#2634 = CARTESIAN_POINT('',(89.468566,-110.843345,0.));
#2635 = CIRCLE('',#2636,0.299991600078);
#2636 = AXIS2_PLACEMENT_3D('',#2637,#2638,#2639);
#2637 = CARTESIAN_POINT('',(89.212508399935,-110.999644282,0.));
#2638 = DIRECTION('',(0.,0.,-1.));
#2639 = DIRECTION('',(0.853549232709,0.521012195003,0.));
#2640 = ORIENTED_EDGE('',*,*,#2641,.F.);
#2641 = EDGE_CURVE('',#2642,#2633,#2644,.T.);
#2642 = VERTEX_POINT('',#2643);
#2643 = CARTESIAN_POINT('',(90.155845,-110.156066,0.));
#2644 = CIRCLE('',#2645,0.499999603944);
#2645 = AXIS2_PLACEMENT_3D('',#2646,#2647,#2648);
#2646 = CARTESIAN_POINT('',(89.89534211054,-110.5828421105,0.));
#2647 = DIRECTION('',(0.,0.,1.));
#2648 = DIRECTION('',(0.521006191616,0.853552897188,-0.));
#2649 = ORIENTED_EDGE('',*,*,#2650,.F.);
#2650 = EDGE_CURVE('',#2651,#2642,#2653,.T.);
#2651 = VERTEX_POINT('',#2652);
#2652 = CARTESIAN_POINT('',(90.312147,-110.2,0.));
#2653 = CIRCLE('',#2654,0.299991600078);
#2654 = AXIS2_PLACEMENT_3D('',#2655,#2656,#2657);
#2655 = CARTESIAN_POINT('',(90.312144282039,-109.9000083999,0.));
#2656 = DIRECTION('',(0.,0.,-1.));
#2657 = DIRECTION('',(9.060123288227E-06,-0.999999999959,0.));
#2658 = ORIENTED_EDGE('',*,*,#2659,.F.);
#2659 = EDGE_CURVE('',#2660,#2651,#2662,.T.);
#2660 = VERTEX_POINT('',#2661);
#2661 = CARTESIAN_POINT('',(91.2125,-110.2,0.));
#2662 = LINE('',#2663,#2664);
#2663 = CARTESIAN_POINT('',(91.2125,-110.2,0.));
#2664 = VECTOR('',#2665,1.);
#2665 = DIRECTION('',(-1.,0.,0.));
#2666 = ORIENTED_EDGE('',*,*,#2667,.F.);
#2667 = EDGE_CURVE('',#2668,#2660,#2670,.T.);
#2668 = VERTEX_POINT('',#2669);
#2669 = CARTESIAN_POINT('',(92.112853,-110.2,0.));
#2670 = LINE('',#2671,#2672);
#2671 = CARTESIAN_POINT('',(92.112853,-110.2,0.));
#2672 = VECTOR('',#2673,1.);
#2673 = DIRECTION('',(-1.,0.,0.));
#2674 = ORIENTED_EDGE('',*,*,#2675,.F.);
#2675 = EDGE_CURVE('',#2513,#2668,#2676,.T.);
#2676 = CIRCLE('',#2677,0.299966762338);
#2677 = AXIS2_PLACEMENT_3D('',#2678,#2679,#2680);
#2678 = CARTESIAN_POINT('',(92.112862699494,-109.9000332378,0.));
#2679 = DIRECTION('',(0.,0.,-1.));
#2680 = DIRECTION('',(0.521032061311,-0.853537105863,0.));
#2681 = FACE_BOUND('',#2682,.F.);
#2682 = EDGE_LOOP('',(#2683));
#2683 = ORIENTED_EDGE('',*,*,#2684,.T.);
#2684 = EDGE_CURVE('',#2685,#2685,#2687,.T.);
#2685 = VERTEX_POINT('',#2686);
#2686 = CARTESIAN_POINT('',(86.1325,-107.495,0.));
#2687 = CIRCLE('',#2688,0.875);
#2688 = AXIS2_PLACEMENT_3D('',#2689,#2690,#2691);
#2689 = CARTESIAN_POINT('',(86.1325,-106.62,0.));
#2690 = DIRECTION('',(-0.,0.,-1.));
#2691 = DIRECTION('',(-0.,-1.,0.));
#2692 = FACE_BOUND('',#2693,.F.);
#2693 = EDGE_LOOP('',(#2694));
#2694 = ORIENTED_EDGE('',*,*,#2695,.T.);
#2695 = EDGE_CURVE('',#2696,#2696,#2698,.T.);
#2696 = VERTEX_POINT('',#2697);
#2697 = CARTESIAN_POINT('',(87.4025,-105.605,0.));
#2698 = CIRCLE('',#2699,1.525);
#2699 = AXIS2_PLACEMENT_3D('',#2700,#2701,#2702);
#2700 = CARTESIAN_POINT('',(87.4025,-104.08,0.));
#2701 = DIRECTION('',(-0.,0.,-1.));
#2702 = DIRECTION('',(-0.,-1.,0.));
#2703 = FACE_BOUND('',#2704,.F.);
#2704 = EDGE_LOOP('',(#2705));
#2705 = ORIENTED_EDGE('',*,*,#2706,.T.);
#2706 = EDGE_CURVE('',#2707,#2707,#2709,.T.);
#2707 = VERTEX_POINT('',#2708);
#2708 = CARTESIAN_POINT('',(91.2125,-108.62,0.));
#2709 = CIRCLE('',#2710,2.);
#2710 = AXIS2_PLACEMENT_3D('',#2711,#2712,#2713);
#2711 = CARTESIAN_POINT('',(91.2125,-106.62,0.));
#2712 = DIRECTION('',(-0.,0.,-1.));
#2713 = DIRECTION('',(-0.,-1.,0.));
#2714 = FACE_BOUND('',#2715,.F.);
#2715 = EDGE_LOOP('',(#2716));
#2716 = ORIENTED_EDGE('',*,*,#2717,.T.);
#2717 = EDGE_CURVE('',#2718,#2718,#2720,.T.);
#2718 = VERTEX_POINT('',#2719);
#2719 = CARTESIAN_POINT('',(96.2925,-107.495,0.));
#2720 = CIRCLE('',#2721,0.875);
#2721 = AXIS2_PLACEMENT_3D('',#2722,#2723,#2724);
#2722 = CARTESIAN_POINT('',(96.2925,-106.62,0.));
#2723 = DIRECTION('',(-0.,0.,-1.));
#2724 = DIRECTION('',(-0.,-1.,0.));
#2725 = FACE_BOUND('',#2726,.F.);
#2726 = EDGE_LOOP('',(#2727));
#2727 = ORIENTED_EDGE('',*,*,#2728,.T.);
#2728 = EDGE_CURVE('',#2729,#2729,#2731,.T.);
#2729 = VERTEX_POINT('',#2730);
#2730 = CARTESIAN_POINT('',(93.7525,-103.065,0.));
#2731 = CIRCLE('',#2732,1.525);
#2732 = AXIS2_PLACEMENT_3D('',#2733,#2734,#2735);
#2733 = CARTESIAN_POINT('',(93.7525,-101.54,0.));
#2734 = DIRECTION('',(-0.,0.,-1.));
#2735 = DIRECTION('',(-0.,-1.,0.));
#2736 = FACE_BOUND('',#2737,.F.);
#2737 = EDGE_LOOP('',(#2738));
#2738 = ORIENTED_EDGE('',*,*,#2739,.T.);
#2739 = EDGE_CURVE('',#2740,#2740,#2742,.T.);
#2740 = VERTEX_POINT('',#2741);
#2741 = CARTESIAN_POINT('',(105.1825,-126.545,0.));
#2742 = CIRCLE('',#2743,0.875);
#2743 = AXIS2_PLACEMENT_3D('',#2744,#2745,#2746);
#2744 = CARTESIAN_POINT('',(105.1825,-125.67,0.));
#2745 = DIRECTION('',(-0.,0.,-1.));
#2746 = DIRECTION('',(-0.,-1.,0.));
#2747 = FACE_BOUND('',#2748,.F.);
#2748 = EDGE_LOOP('',(#2749));
#2749 = ORIENTED_EDGE('',*,*,#2750,.T.);
#2750 = EDGE_CURVE('',#2751,#2751,#2753,.T.);
#2751 = VERTEX_POINT('',#2752);
#2752 = CARTESIAN_POINT('',(106.4525,-124.655,0.));
#2753 = CIRCLE('',#2754,1.525);
#2754 = AXIS2_PLACEMENT_3D('',#2755,#2756,#2757);
#2755 = CARTESIAN_POINT('',(106.4525,-123.13,0.));
#2756 = DIRECTION('',(-0.,0.,-1.));
#2757 = DIRECTION('',(-0.,-1.,0.));
#2758 = FACE_BOUND('',#2759,.F.);
#2759 = EDGE_LOOP('',(#2760));
#2760 = ORIENTED_EDGE('',*,*,#2761,.T.);
#2761 = EDGE_CURVE('',#2762,#2762,#2764,.T.);
#2762 = VERTEX_POINT('',#2763);
#2763 = CARTESIAN_POINT('',(110.2625,-127.67,0.));
#2764 = CIRCLE('',#2765,2.);
#2765 = AXIS2_PLACEMENT_3D('',#2766,#2767,#2768);
#2766 = CARTESIAN_POINT('',(110.2625,-125.67,0.));
#2767 = DIRECTION('',(-0.,0.,-1.));
#2768 = DIRECTION('',(-0.,-1.,0.));
#2769 = FACE_BOUND('',#2770,.F.);
#2770 = EDGE_LOOP('',(#2771));
#2771 = ORIENTED_EDGE('',*,*,#2772,.T.);
#2772 = EDGE_CURVE('',#2773,#2773,#2775,.T.);
#2773 = VERTEX_POINT('',#2774);
#2774 = CARTESIAN_POINT('',(112.8025,-122.115,0.));
#2775 = CIRCLE('',#2776,1.525);
#2776 = AXIS2_PLACEMENT_3D('',#2777,#2778,#2779);
#2777 = CARTESIAN_POINT('',(112.8025,-120.59,0.));
#2778 = DIRECTION('',(-0.,0.,-1.));
#2779 = DIRECTION('',(-9.31859325587E-15,-1.,0.));
#2780 = FACE_BOUND('',#2781,.F.);
#2781 = EDGE_LOOP('',(#2782));
#2782 = ORIENTED_EDGE('',*,*,#2783,.T.);
#2783 = EDGE_CURVE('',#2784,#2784,#2786,.T.);
#2784 = VERTEX_POINT('',#2785);
#2785 = CARTESIAN_POINT('',(115.3425,-126.545,0.));
#2786 = CIRCLE('',#2787,0.875);
#2787 = AXIS2_PLACEMENT_3D('',#2788,#2789,#2790);
#2788 = CARTESIAN_POINT('',(115.3425,-125.67,0.));
#2789 = DIRECTION('',(-0.,0.,-1.));
#2790 = DIRECTION('',(-0.,-1.,0.));
#2791 = FACE_BOUND('',#2792,.F.);
#2792 = EDGE_LOOP('',(#2793,#2804,#2813,#2821,#2829,#2838,#2847,#2856,
    #2864,#2872,#2881,#2890,#2899,#2907,#2915,#2924,#2933,#2942,#2950,
    #2958));
#2793 = ORIENTED_EDGE('',*,*,#2794,.F.);
#2794 = EDGE_CURVE('',#2795,#2797,#2799,.T.);
#2795 = VERTEX_POINT('',#2796);
#2796 = CARTESIAN_POINT('',(112.006434,-110.843345,0.));
#2797 = VERTEX_POINT('',#2798);
#2798 = CARTESIAN_POINT('',(111.319155,-110.156066,0.));
#2799 = CIRCLE('',#2800,0.499999603944);
#2800 = AXIS2_PLACEMENT_3D('',#2801,#2802,#2803);
#2801 = CARTESIAN_POINT('',(111.57965788946,-110.5828421105,0.));
#2802 = DIRECTION('',(0.,0.,1.));
#2803 = DIRECTION('',(0.853552897188,-0.521006191616,0.));
#2804 = ORIENTED_EDGE('',*,*,#2805,.F.);
#2805 = EDGE_CURVE('',#2806,#2795,#2808,.T.);
#2806 = VERTEX_POINT('',#2807);
#2807 = CARTESIAN_POINT('',(111.9625,-110.999647,0.));
#2808 = CIRCLE('',#2809,0.299683785035);
#2809 = AXIS2_PLACEMENT_3D('',#2810,#2811,#2812);
#2810 = CARTESIAN_POINT('',(112.26218377174,-110.9995577564,0.));
#2811 = DIRECTION('',(0.,0.,-1.));
#2812 = DIRECTION('',(-0.99999995566,-2.977925315966E-04,-0.));
#2813 = ORIENTED_EDGE('',*,*,#2814,.F.);
#2814 = EDGE_CURVE('',#2815,#2806,#2817,.T.);
#2815 = VERTEX_POINT('',#2816);
#2816 = CARTESIAN_POINT('',(111.9625,-111.7,0.));
#2817 = LINE('',#2818,#2819);
#2818 = CARTESIAN_POINT('',(111.9625,-111.7,0.));
#2819 = VECTOR('',#2820,1.);
#2820 = DIRECTION('',(0.,1.,0.));
#2821 = ORIENTED_EDGE('',*,*,#2822,.F.);
#2822 = EDGE_CURVE('',#2823,#2815,#2825,.T.);
#2823 = VERTEX_POINT('',#2824);
#2824 = CARTESIAN_POINT('',(111.9625,-112.400353,0.));
#2825 = LINE('',#2826,#2827);
#2826 = CARTESIAN_POINT('',(111.9625,-112.400353,0.));
#2827 = VECTOR('',#2828,1.);
#2828 = DIRECTION('',(0.,1.,0.));
#2829 = ORIENTED_EDGE('',*,*,#2830,.F.);
#2830 = EDGE_CURVE('',#2831,#2823,#2833,.T.);
#2831 = VERTEX_POINT('',#2832);
#2832 = CARTESIAN_POINT('',(112.006434,-112.556655,0.));
#2833 = CIRCLE('',#2834,0.299966762338);
#2834 = AXIS2_PLACEMENT_3D('',#2835,#2836,#2837);
#2835 = CARTESIAN_POINT('',(112.26246676218,-112.4003626994,0.));
#2836 = DIRECTION('',(0.,0.,-1.));
#2837 = DIRECTION('',(-0.853537105864,-0.521032061311,-0.));
#2838 = ORIENTED_EDGE('',*,*,#2839,.F.);
#2839 = EDGE_CURVE('',#2840,#2831,#2842,.T.);
#2840 = VERTEX_POINT('',#2841);
#2841 = CARTESIAN_POINT('',(111.319155,-113.243934,0.));
#2842 = CIRCLE('',#2843,0.499998734392);
#2843 = AXIS2_PLACEMENT_3D('',#2844,#2845,#2846);
#2844 = CARTESIAN_POINT('',(111.57966050432,-112.8171605043,0.));
#2845 = DIRECTION('',(0.,0.,1.));
#2846 = DIRECTION('',(-0.521012327448,-0.853549151864,0.));
#2847 = ORIENTED_EDGE('',*,*,#2848,.F.);
#2848 = EDGE_CURVE('',#2849,#2840,#2851,.T.);
#2849 = VERTEX_POINT('',#2850);
#2850 = CARTESIAN_POINT('',(111.162853,-113.2,0.));
#2851 = CIRCLE('',#2852,0.300023425677);
#2852 = AXIS2_PLACEMENT_3D('',#2853,#2854,#2855);
#2853 = CARTESIAN_POINT('',(111.1628467723,-113.5000234256,0.));
#2854 = DIRECTION('',(0.,0.,-1.));
#2855 = DIRECTION('',(2.07573551279E-05,0.999999999785,0.));
#2856 = ORIENTED_EDGE('',*,*,#2857,.F.);
#2857 = EDGE_CURVE('',#2858,#2849,#2860,.T.);
#2858 = VERTEX_POINT('',#2859);
#2859 = CARTESIAN_POINT('',(110.2625,-113.2,0.));
#2860 = LINE('',#2861,#2862);
#2861 = CARTESIAN_POINT('',(110.2625,-113.2,0.));
#2862 = VECTOR('',#2863,1.);
#2863 = DIRECTION('',(1.,0.,0.));
#2864 = ORIENTED_EDGE('',*,*,#2865,.F.);
#2865 = EDGE_CURVE('',#2866,#2858,#2868,.T.);
#2866 = VERTEX_POINT('',#2867);
#2867 = CARTESIAN_POINT('',(109.362147,-113.2,0.));
#2868 = LINE('',#2869,#2870);
#2869 = CARTESIAN_POINT('',(109.362147,-113.2,0.));
#2870 = VECTOR('',#2871,1.);
#2871 = DIRECTION('',(1.,0.,0.));
#2872 = ORIENTED_EDGE('',*,*,#2873,.F.);
#2873 = EDGE_CURVE('',#2874,#2866,#2876,.T.);
#2874 = VERTEX_POINT('',#2875);
#2875 = CARTESIAN_POINT('',(109.205845,-113.243934,0.));
#2876 = CIRCLE('',#2877,0.299991600078);
#2877 = AXIS2_PLACEMENT_3D('',#2878,#2879,#2880);
#2878 = CARTESIAN_POINT('',(109.36214428203,-113.4999916,0.));
#2879 = DIRECTION('',(0.,0.,-1.));
#2880 = DIRECTION('',(-0.521012195003,0.853549232709,0.));
#2881 = ORIENTED_EDGE('',*,*,#2882,.F.);
#2882 = EDGE_CURVE('',#2883,#2874,#2885,.T.);
#2883 = VERTEX_POINT('',#2884);
#2884 = CARTESIAN_POINT('',(108.518566,-112.556655,0.));
#2885 = CIRCLE('',#2886,0.499999603944);
#2886 = AXIS2_PLACEMENT_3D('',#2887,#2888,#2889);
#2887 = CARTESIAN_POINT('',(108.94534211054,-112.8171578894,0.));
#2888 = DIRECTION('',(0.,0.,1.));
#2889 = DIRECTION('',(-0.853552897188,0.521006191616,0.));
#2890 = ORIENTED_EDGE('',*,*,#2891,.F.);
#2891 = EDGE_CURVE('',#2892,#2883,#2894,.T.);
#2892 = VERTEX_POINT('',#2893);
#2893 = CARTESIAN_POINT('',(108.5625,-112.400353,0.));
#2894 = CIRCLE('',#2895,0.299991600078);
#2895 = AXIS2_PLACEMENT_3D('',#2896,#2897,#2898);
#2896 = CARTESIAN_POINT('',(108.26250839993,-112.4003557179,0.));
#2897 = DIRECTION('',(0.,0.,-1.));
#2898 = DIRECTION('',(0.999999999959,9.06012361983E-06,0.));
#2899 = ORIENTED_EDGE('',*,*,#2900,.F.);
#2900 = EDGE_CURVE('',#2901,#2892,#2903,.T.);
#2901 = VERTEX_POINT('',#2902);
#2902 = CARTESIAN_POINT('',(108.5625,-111.7,0.));
#2903 = LINE('',#2904,#2905);
#2904 = CARTESIAN_POINT('',(108.5625,-111.7,0.));
#2905 = VECTOR('',#2906,1.);
#2906 = DIRECTION('',(0.,-1.,0.));
#2907 = ORIENTED_EDGE('',*,*,#2908,.F.);
#2908 = EDGE_CURVE('',#2909,#2901,#2911,.T.);
#2909 = VERTEX_POINT('',#2910);
#2910 = CARTESIAN_POINT('',(108.5625,-110.999647,0.));
#2911 = LINE('',#2912,#2913);
#2912 = CARTESIAN_POINT('',(108.5625,-110.999647,0.));
#2913 = VECTOR('',#2914,1.);
#2914 = DIRECTION('',(0.,-1.,0.));
#2915 = ORIENTED_EDGE('',*,*,#2916,.F.);
#2916 = EDGE_CURVE('',#2917,#2909,#2919,.T.);
#2917 = VERTEX_POINT('',#2918);
#2918 = CARTESIAN_POINT('',(108.518566,-110.843345,0.));
#2919 = CIRCLE('',#2920,0.299991600078);
#2920 = AXIS2_PLACEMENT_3D('',#2921,#2922,#2923);
#2921 = CARTESIAN_POINT('',(108.26250839993,-110.999644282,0.));
#2922 = DIRECTION('',(0.,0.,-1.));
#2923 = DIRECTION('',(0.853549232709,0.521012195004,0.));
#2924 = ORIENTED_EDGE('',*,*,#2925,.F.);
#2925 = EDGE_CURVE('',#2926,#2917,#2928,.T.);
#2926 = VERTEX_POINT('',#2927);
#2927 = CARTESIAN_POINT('',(109.205845,-110.156066,0.));
#2928 = CIRCLE('',#2929,0.499999603944);
#2929 = AXIS2_PLACEMENT_3D('',#2930,#2931,#2932);
#2930 = CARTESIAN_POINT('',(108.94534211054,-110.5828421105,0.));
#2931 = DIRECTION('',(0.,0.,1.));
#2932 = DIRECTION('',(0.521006191616,0.853552897188,-0.));
#2933 = ORIENTED_EDGE('',*,*,#2934,.F.);
#2934 = EDGE_CURVE('',#2935,#2926,#2937,.T.);
#2935 = VERTEX_POINT('',#2936);
#2936 = CARTESIAN_POINT('',(109.362147,-110.2,0.));
#2937 = CIRCLE('',#2938,0.299991600078);
#2938 = AXIS2_PLACEMENT_3D('',#2939,#2940,#2941);
#2939 = CARTESIAN_POINT('',(109.36214428203,-109.9000083999,0.));
#2940 = DIRECTION('',(0.,0.,-1.));
#2941 = DIRECTION('',(9.060123288226E-06,-0.999999999959,0.));
#2942 = ORIENTED_EDGE('',*,*,#2943,.F.);
#2943 = EDGE_CURVE('',#2944,#2935,#2946,.T.);
#2944 = VERTEX_POINT('',#2945);
#2945 = CARTESIAN_POINT('',(110.2625,-110.2,0.));
#2946 = LINE('',#2947,#2948);
#2947 = CARTESIAN_POINT('',(110.2625,-110.2,0.));
#2948 = VECTOR('',#2949,1.);
#2949 = DIRECTION('',(-1.,0.,0.));
#2950 = ORIENTED_EDGE('',*,*,#2951,.F.);
#2951 = EDGE_CURVE('',#2952,#2944,#2954,.T.);
#2952 = VERTEX_POINT('',#2953);
#2953 = CARTESIAN_POINT('',(111.162853,-110.2,0.));
#2954 = LINE('',#2955,#2956);
#2955 = CARTESIAN_POINT('',(111.162853,-110.2,0.));
#2956 = VECTOR('',#2957,1.);
#2957 = DIRECTION('',(-1.,0.,0.));
#2958 = ORIENTED_EDGE('',*,*,#2959,.F.);
#2959 = EDGE_CURVE('',#2797,#2952,#2960,.T.);
#2960 = CIRCLE('',#2961,0.299966762338);
#2961 = AXIS2_PLACEMENT_3D('',#2962,#2963,#2964);
#2962 = CARTESIAN_POINT('',(111.16286269949,-109.9000332378,0.));
#2963 = DIRECTION('',(0.,0.,-1.));
#2964 = DIRECTION('',(0.521032061311,-0.853537105863,0.));
#2965 = FACE_BOUND('',#2966,.F.);
#2966 = EDGE_LOOP('',(#2967));
#2967 = ORIENTED_EDGE('',*,*,#2968,.T.);
#2968 = EDGE_CURVE('',#2969,#2969,#2971,.T.);
#2969 = VERTEX_POINT('',#2970);
#2970 = CARTESIAN_POINT('',(105.1825,-107.495,0.));
#2971 = CIRCLE('',#2972,0.875);
#2972 = AXIS2_PLACEMENT_3D('',#2973,#2974,#2975);
#2973 = CARTESIAN_POINT('',(105.1825,-106.62,0.));
#2974 = DIRECTION('',(-0.,0.,-1.));
#2975 = DIRECTION('',(-0.,-1.,0.));
#2976 = FACE_BOUND('',#2977,.F.);
#2977 = EDGE_LOOP('',(#2978));
#2978 = ORIENTED_EDGE('',*,*,#2979,.T.);
#2979 = EDGE_CURVE('',#2980,#2980,#2982,.T.);
#2980 = VERTEX_POINT('',#2981);
#2981 = CARTESIAN_POINT('',(106.4525,-105.605,0.));
#2982 = CIRCLE('',#2983,1.525);
#2983 = AXIS2_PLACEMENT_3D('',#2984,#2985,#2986);
#2984 = CARTESIAN_POINT('',(106.4525,-104.08,0.));
#2985 = DIRECTION('',(-0.,0.,-1.));
#2986 = DIRECTION('',(-0.,-1.,0.));
#2987 = FACE_BOUND('',#2988,.F.);
#2988 = EDGE_LOOP('',(#2989));
#2989 = ORIENTED_EDGE('',*,*,#2990,.T.);
#2990 = EDGE_CURVE('',#2991,#2991,#2993,.T.);
#2991 = VERTEX_POINT('',#2992);
#2992 = CARTESIAN_POINT('',(110.2625,-108.62,0.));
#2993 = CIRCLE('',#2994,2.);
#2994 = AXIS2_PLACEMENT_3D('',#2995,#2996,#2997);
#2995 = CARTESIAN_POINT('',(110.2625,-106.62,0.));
#2996 = DIRECTION('',(-0.,0.,-1.));
#2997 = DIRECTION('',(-0.,-1.,0.));
#2998 = FACE_BOUND('',#2999,.F.);
#2999 = EDGE_LOOP('',(#3000));
#3000 = ORIENTED_EDGE('',*,*,#3001,.T.);
#3001 = EDGE_CURVE('',#3002,#3002,#3004,.T.);
#3002 = VERTEX_POINT('',#3003);
#3003 = CARTESIAN_POINT('',(112.8025,-103.065,0.));
#3004 = CIRCLE('',#3005,1.525);
#3005 = AXIS2_PLACEMENT_3D('',#3006,#3007,#3008);
#3006 = CARTESIAN_POINT('',(112.8025,-101.54,0.));
#3007 = DIRECTION('',(-0.,0.,-1.));
#3008 = DIRECTION('',(-9.31859325587E-15,-1.,0.));
#3009 = FACE_BOUND('',#3010,.F.);
#3010 = EDGE_LOOP('',(#3011));
#3011 = ORIENTED_EDGE('',*,*,#3012,.T.);
#3012 = EDGE_CURVE('',#3013,#3013,#3015,.T.);
#3013 = VERTEX_POINT('',#3014);
#3014 = CARTESIAN_POINT('',(115.3425,-107.495,0.));
#3015 = CIRCLE('',#3016,0.875);
#3016 = AXIS2_PLACEMENT_3D('',#3017,#3018,#3019);
#3017 = CARTESIAN_POINT('',(115.3425,-106.62,0.));
#3018 = DIRECTION('',(-0.,0.,-1.));
#3019 = DIRECTION('',(-0.,-1.,0.));
#3020 = FACE_BOUND('',#3021,.F.);
#3021 = EDGE_LOOP('',(#3022));
#3022 = ORIENTED_EDGE('',*,*,#3023,.T.);
#3023 = EDGE_CURVE('',#3024,#3024,#3026,.T.);
#3024 = VERTEX_POINT('',#3025);
#3025 = CARTESIAN_POINT('',(48.0325,-88.445,0.));
#3026 = CIRCLE('',#3027,0.875);
#3027 = AXIS2_PLACEMENT_3D('',#3028,#3029,#3030);
#3028 = CARTESIAN_POINT('',(48.0325,-87.57,0.));
#3029 = DIRECTION('',(-0.,0.,-1.));
#3030 = DIRECTION('',(-0.,-1.,0.));
#3031 = FACE_BOUND('',#3032,.F.);
#3032 = EDGE_LOOP('',(#3033,#3044,#3053,#3061,#3069,#3078,#3087,#3096,
    #3104,#3112,#3121,#3130,#3139,#3147,#3155,#3164,#3173,#3182,#3190,
    #3198));
#3033 = ORIENTED_EDGE('',*,*,#3034,.F.);
#3034 = EDGE_CURVE('',#3035,#3037,#3039,.T.);
#3035 = VERTEX_POINT('',#3036);
#3036 = CARTESIAN_POINT('',(54.856434,-91.793345,0.));
#3037 = VERTEX_POINT('',#3038);
#3038 = CARTESIAN_POINT('',(54.169155,-91.106066,0.));
#3039 = CIRCLE('',#3040,0.499999603944);
#3040 = AXIS2_PLACEMENT_3D('',#3041,#3042,#3043);
#3041 = CARTESIAN_POINT('',(54.42965788946,-91.53284211054,0.));
#3042 = DIRECTION('',(0.,0.,1.));
#3043 = DIRECTION('',(0.853552897188,-0.521006191616,0.));
#3044 = ORIENTED_EDGE('',*,*,#3045,.F.);
#3045 = EDGE_CURVE('',#3046,#3035,#3048,.T.);
#3046 = VERTEX_POINT('',#3047);
#3047 = CARTESIAN_POINT('',(54.8125,-91.949647,0.));
#3048 = CIRCLE('',#3049,0.299683785035);
#3049 = AXIS2_PLACEMENT_3D('',#3050,#3051,#3052);
#3050 = CARTESIAN_POINT('',(55.112183771747,-91.9495577564,0.));
#3051 = DIRECTION('',(0.,0.,-1.));
#3052 = DIRECTION('',(-0.99999995566,-2.977925315967E-04,-0.));
#3053 = ORIENTED_EDGE('',*,*,#3054,.F.);
#3054 = EDGE_CURVE('',#3055,#3046,#3057,.T.);
#3055 = VERTEX_POINT('',#3056);
#3056 = CARTESIAN_POINT('',(54.8125,-92.65,0.));
#3057 = LINE('',#3058,#3059);
#3058 = CARTESIAN_POINT('',(54.8125,-92.65,0.));
#3059 = VECTOR('',#3060,1.);
#3060 = DIRECTION('',(0.,1.,0.));
#3061 = ORIENTED_EDGE('',*,*,#3062,.F.);
#3062 = EDGE_CURVE('',#3063,#3055,#3065,.T.);
#3063 = VERTEX_POINT('',#3064);
#3064 = CARTESIAN_POINT('',(54.8125,-93.350353,0.));
#3065 = LINE('',#3066,#3067);
#3066 = CARTESIAN_POINT('',(54.8125,-93.350353,0.));
#3067 = VECTOR('',#3068,1.);
#3068 = DIRECTION('',(0.,1.,0.));
#3069 = ORIENTED_EDGE('',*,*,#3070,.F.);
#3070 = EDGE_CURVE('',#3071,#3063,#3073,.T.);
#3071 = VERTEX_POINT('',#3072);
#3072 = CARTESIAN_POINT('',(54.856434,-93.506655,0.));
#3073 = CIRCLE('',#3074,0.299966762338);
#3074 = AXIS2_PLACEMENT_3D('',#3075,#3076,#3077);
#3075 = CARTESIAN_POINT('',(55.112466762181,-93.35036269949,0.));
#3076 = DIRECTION('',(0.,0.,-1.));
#3077 = DIRECTION('',(-0.853537105863,-0.521032061311,-0.));
#3078 = ORIENTED_EDGE('',*,*,#3079,.F.);
#3079 = EDGE_CURVE('',#3080,#3071,#3082,.T.);
#3080 = VERTEX_POINT('',#3081);
#3081 = CARTESIAN_POINT('',(54.169155,-94.193934,0.));
#3082 = CIRCLE('',#3083,0.499998734392);
#3083 = AXIS2_PLACEMENT_3D('',#3084,#3085,#3086);
#3084 = CARTESIAN_POINT('',(54.429660504327,-93.76716050432,0.));
#3085 = DIRECTION('',(0.,0.,1.));
#3086 = DIRECTION('',(-0.521012327448,-0.853549151864,0.));
#3087 = ORIENTED_EDGE('',*,*,#3088,.F.);
#3088 = EDGE_CURVE('',#3089,#3080,#3091,.T.);
#3089 = VERTEX_POINT('',#3090);
#3090 = CARTESIAN_POINT('',(54.012853,-94.15,0.));
#3091 = CIRCLE('',#3092,0.300023425677);
#3092 = AXIS2_PLACEMENT_3D('',#3093,#3094,#3095);
#3093 = CARTESIAN_POINT('',(54.012846772307,-94.45002342561,0.));
#3094 = DIRECTION('',(0.,0.,-1.));
#3095 = DIRECTION('',(2.075735515158E-05,0.999999999785,0.));
#3096 = ORIENTED_EDGE('',*,*,#3097,.F.);
#3097 = EDGE_CURVE('',#3098,#3089,#3100,.T.);
#3098 = VERTEX_POINT('',#3099);
#3099 = CARTESIAN_POINT('',(53.1125,-94.15,0.));
#3100 = LINE('',#3101,#3102);
#3101 = CARTESIAN_POINT('',(53.1125,-94.15,0.));
#3102 = VECTOR('',#3103,1.);
#3103 = DIRECTION('',(1.,0.,0.));
#3104 = ORIENTED_EDGE('',*,*,#3105,.F.);
#3105 = EDGE_CURVE('',#3106,#3098,#3108,.T.);
#3106 = VERTEX_POINT('',#3107);
#3107 = CARTESIAN_POINT('',(52.212147,-94.15,0.));
#3108 = LINE('',#3109,#3110);
#3109 = CARTESIAN_POINT('',(52.212147,-94.15,0.));
#3110 = VECTOR('',#3111,1.);
#3111 = DIRECTION('',(1.,0.,0.));
#3112 = ORIENTED_EDGE('',*,*,#3113,.F.);
#3113 = EDGE_CURVE('',#3114,#3106,#3116,.T.);
#3114 = VERTEX_POINT('',#3115);
#3115 = CARTESIAN_POINT('',(52.055845,-94.193934,0.));
#3116 = CIRCLE('',#3117,0.299991600078);
#3117 = AXIS2_PLACEMENT_3D('',#3118,#3119,#3120);
#3118 = CARTESIAN_POINT('',(52.212144282039,-94.44999160006,0.));
#3119 = DIRECTION('',(0.,0.,-1.));
#3120 = DIRECTION('',(-0.521012195004,0.853549232709,0.));
#3121 = ORIENTED_EDGE('',*,*,#3122,.F.);
#3122 = EDGE_CURVE('',#3123,#3114,#3125,.T.);
#3123 = VERTEX_POINT('',#3124);
#3124 = CARTESIAN_POINT('',(51.368566,-93.506655,0.));
#3125 = CIRCLE('',#3126,0.499999603944);
#3126 = AXIS2_PLACEMENT_3D('',#3127,#3128,#3129);
#3127 = CARTESIAN_POINT('',(51.79534211054,-93.76715788946,0.));
#3128 = DIRECTION('',(0.,0.,1.));
#3129 = DIRECTION('',(-0.853552897188,0.521006191616,0.));
#3130 = ORIENTED_EDGE('',*,*,#3131,.F.);
#3131 = EDGE_CURVE('',#3132,#3123,#3134,.T.);
#3132 = VERTEX_POINT('',#3133);
#3133 = CARTESIAN_POINT('',(51.4125,-93.350353,0.));
#3134 = CIRCLE('',#3135,0.299991600078);
#3135 = AXIS2_PLACEMENT_3D('',#3136,#3137,#3138);
#3136 = CARTESIAN_POINT('',(51.112508399935,-93.35035571796,0.));
#3137 = DIRECTION('',(0.,0.,-1.));
#3138 = DIRECTION('',(0.999999999959,9.060123430344E-06,0.));
#3139 = ORIENTED_EDGE('',*,*,#3140,.F.);
#3140 = EDGE_CURVE('',#3141,#3132,#3143,.T.);
#3141 = VERTEX_POINT('',#3142);
#3142 = CARTESIAN_POINT('',(51.4125,-92.65,0.));
#3143 = LINE('',#3144,#3145);
#3144 = CARTESIAN_POINT('',(51.4125,-92.65,0.));
#3145 = VECTOR('',#3146,1.);
#3146 = DIRECTION('',(0.,-1.,0.));
#3147 = ORIENTED_EDGE('',*,*,#3148,.F.);
#3148 = EDGE_CURVE('',#3149,#3141,#3151,.T.);
#3149 = VERTEX_POINT('',#3150);
#3150 = CARTESIAN_POINT('',(51.4125,-91.949647,0.));
#3151 = LINE('',#3152,#3153);
#3152 = CARTESIAN_POINT('',(51.4125,-91.949647,0.));
#3153 = VECTOR('',#3154,1.);
#3154 = DIRECTION('',(0.,-1.,0.));
#3155 = ORIENTED_EDGE('',*,*,#3156,.F.);
#3156 = EDGE_CURVE('',#3157,#3149,#3159,.T.);
#3157 = VERTEX_POINT('',#3158);
#3158 = CARTESIAN_POINT('',(51.368566,-91.793345,0.));
#3159 = CIRCLE('',#3160,0.299991600078);
#3160 = AXIS2_PLACEMENT_3D('',#3161,#3162,#3163);
#3161 = CARTESIAN_POINT('',(51.112508399935,-91.94964428203,0.));
#3162 = DIRECTION('',(0.,0.,-1.));
#3163 = DIRECTION('',(0.853549232709,0.521012195004,0.));
#3164 = ORIENTED_EDGE('',*,*,#3165,.F.);
#3165 = EDGE_CURVE('',#3166,#3157,#3168,.T.);
#3166 = VERTEX_POINT('',#3167);
#3167 = CARTESIAN_POINT('',(52.055845,-91.106066,0.));
#3168 = CIRCLE('',#3169,0.499999603944);
#3169 = AXIS2_PLACEMENT_3D('',#3170,#3171,#3172);
#3170 = CARTESIAN_POINT('',(51.79534211054,-91.53284211054,0.));
#3171 = DIRECTION('',(0.,0.,1.));
#3172 = DIRECTION('',(0.521006191616,0.853552897188,-0.));
#3173 = ORIENTED_EDGE('',*,*,#3174,.F.);
#3174 = EDGE_CURVE('',#3175,#3166,#3177,.T.);
#3175 = VERTEX_POINT('',#3176);
#3176 = CARTESIAN_POINT('',(52.212147,-91.15,0.));
#3177 = CIRCLE('',#3178,0.299991600078);
#3178 = AXIS2_PLACEMENT_3D('',#3179,#3180,#3181);
#3179 = CARTESIAN_POINT('',(52.212144282039,-90.85000839993,0.));
#3180 = DIRECTION('',(0.,0.,-1.));
#3181 = DIRECTION('',(9.060123335598E-06,-0.999999999959,0.));
#3182 = ORIENTED_EDGE('',*,*,#3183,.F.);
#3183 = EDGE_CURVE('',#3184,#3175,#3186,.T.);
#3184 = VERTEX_POINT('',#3185);
#3185 = CARTESIAN_POINT('',(53.1125,-91.15,0.));
#3186 = LINE('',#3187,#3188);
#3187 = CARTESIAN_POINT('',(53.1125,-91.15,0.));
#3188 = VECTOR('',#3189,1.);
#3189 = DIRECTION('',(-1.,0.,0.));
#3190 = ORIENTED_EDGE('',*,*,#3191,.F.);
#3191 = EDGE_CURVE('',#3192,#3184,#3194,.T.);
#3192 = VERTEX_POINT('',#3193);
#3193 = CARTESIAN_POINT('',(54.012853,-91.15,0.));
#3194 = LINE('',#3195,#3196);
#3195 = CARTESIAN_POINT('',(54.012853,-91.15,0.));
#3196 = VECTOR('',#3197,1.);
#3197 = DIRECTION('',(-1.,0.,0.));
#3198 = ORIENTED_EDGE('',*,*,#3199,.F.);
#3199 = EDGE_CURVE('',#3037,#3192,#3200,.T.);
#3200 = CIRCLE('',#3201,0.299966762338);
#3201 = AXIS2_PLACEMENT_3D('',#3202,#3203,#3204);
#3202 = CARTESIAN_POINT('',(54.012862699494,-90.85003323781,0.));
#3203 = DIRECTION('',(0.,0.,-1.));
#3204 = DIRECTION('',(0.521032061311,-0.853537105864,0.));
#3205 = FACE_BOUND('',#3206,.F.);
#3206 = EDGE_LOOP('',(#3207));
#3207 = ORIENTED_EDGE('',*,*,#3208,.T.);
#3208 = EDGE_CURVE('',#3209,#3209,#3211,.T.);
#3209 = VERTEX_POINT('',#3210);
#3210 = CARTESIAN_POINT('',(53.1125,-89.57,0.));
#3211 = CIRCLE('',#3212,2.);
#3212 = AXIS2_PLACEMENT_3D('',#3213,#3214,#3215);
#3213 = CARTESIAN_POINT('',(53.1125,-87.57,0.));
#3214 = DIRECTION('',(-0.,0.,-1.));
#3215 = DIRECTION('',(-0.,-1.,0.));
#3216 = FACE_BOUND('',#3217,.F.);
#3217 = EDGE_LOOP('',(#3218));
#3218 = ORIENTED_EDGE('',*,*,#3219,.T.);
#3219 = EDGE_CURVE('',#3220,#3220,#3222,.T.);
#3220 = VERTEX_POINT('',#3221);
#3221 = CARTESIAN_POINT('',(58.1925,-88.445,0.));
#3222 = CIRCLE('',#3223,0.875);
#3223 = AXIS2_PLACEMENT_3D('',#3224,#3225,#3226);
#3224 = CARTESIAN_POINT('',(58.1925,-87.57,0.));
#3225 = DIRECTION('',(-0.,0.,-1.));
#3226 = DIRECTION('',(-0.,-1.,0.));
#3227 = FACE_BOUND('',#3228,.F.);
#3228 = EDGE_LOOP('',(#3229));
#3229 = ORIENTED_EDGE('',*,*,#3230,.T.);
#3230 = EDGE_CURVE('',#3231,#3231,#3233,.T.);
#3231 = VERTEX_POINT('',#3232);
#3232 = CARTESIAN_POINT('',(49.3025,-86.555,0.));
#3233 = CIRCLE('',#3234,1.525);
#3234 = AXIS2_PLACEMENT_3D('',#3235,#3236,#3237);
#3235 = CARTESIAN_POINT('',(49.3025,-85.03,0.));
#3236 = DIRECTION('',(-0.,0.,-1.));
#3237 = DIRECTION('',(-0.,-1.,0.));
#3238 = FACE_BOUND('',#3239,.F.);
#3239 = EDGE_LOOP('',(#3240));
#3240 = ORIENTED_EDGE('',*,*,#3241,.T.);
#3241 = EDGE_CURVE('',#3242,#3242,#3244,.T.);
#3242 = VERTEX_POINT('',#3243);
#3243 = CARTESIAN_POINT('',(55.6525,-84.015,0.));
#3244 = CIRCLE('',#3245,1.525);
#3245 = AXIS2_PLACEMENT_3D('',#3246,#3247,#3248);
#3246 = CARTESIAN_POINT('',(55.6525,-82.49,0.));
#3247 = DIRECTION('',(-0.,0.,-1.));
#3248 = DIRECTION('',(-0.,-1.,0.));
#3249 = FACE_BOUND('',#3250,.F.);
#3250 = EDGE_LOOP('',(#3251,#3262,#3271,#3279,#3287,#3296,#3305,#3314,
    #3322,#3330,#3339,#3348,#3357,#3365,#3373,#3382,#3391,#3400,#3408,
    #3416));
#3251 = ORIENTED_EDGE('',*,*,#3252,.F.);
#3252 = EDGE_CURVE('',#3253,#3255,#3257,.T.);
#3253 = VERTEX_POINT('',#3254);
#3254 = CARTESIAN_POINT('',(54.856434,-72.743345,0.));
#3255 = VERTEX_POINT('',#3256);
#3256 = CARTESIAN_POINT('',(54.169155,-72.056066,0.));
#3257 = CIRCLE('',#3258,0.499999603944);
#3258 = AXIS2_PLACEMENT_3D('',#3259,#3260,#3261);
#3259 = CARTESIAN_POINT('',(54.42965788946,-72.48284211054,0.));
#3260 = DIRECTION('',(0.,0.,1.));
#3261 = DIRECTION('',(0.853552897188,-0.521006191616,0.));
#3262 = ORIENTED_EDGE('',*,*,#3263,.F.);
#3263 = EDGE_CURVE('',#3264,#3253,#3266,.T.);
#3264 = VERTEX_POINT('',#3265);
#3265 = CARTESIAN_POINT('',(54.8125,-72.899647,0.));
#3266 = CIRCLE('',#3267,0.299683785035);
#3267 = AXIS2_PLACEMENT_3D('',#3268,#3269,#3270);
#3268 = CARTESIAN_POINT('',(55.112183771747,-72.8995577564,0.));
#3269 = DIRECTION('',(0.,0.,-1.));
#3270 = DIRECTION('',(-0.99999995566,-2.977925315966E-04,-0.));
#3271 = ORIENTED_EDGE('',*,*,#3272,.F.);
#3272 = EDGE_CURVE('',#3273,#3264,#3275,.T.);
#3273 = VERTEX_POINT('',#3274);
#3274 = CARTESIAN_POINT('',(54.8125,-73.6,0.));
#3275 = LINE('',#3276,#3277);
#3276 = CARTESIAN_POINT('',(54.8125,-73.6,0.));
#3277 = VECTOR('',#3278,1.);
#3278 = DIRECTION('',(0.,1.,0.));
#3279 = ORIENTED_EDGE('',*,*,#3280,.F.);
#3280 = EDGE_CURVE('',#3281,#3273,#3283,.T.);
#3281 = VERTEX_POINT('',#3282);
#3282 = CARTESIAN_POINT('',(54.8125,-74.300353,0.));
#3283 = LINE('',#3284,#3285);
#3284 = CARTESIAN_POINT('',(54.8125,-74.300353,0.));
#3285 = VECTOR('',#3286,1.);
#3286 = DIRECTION('',(0.,1.,0.));
#3287 = ORIENTED_EDGE('',*,*,#3288,.F.);
#3288 = EDGE_CURVE('',#3289,#3281,#3291,.T.);
#3289 = VERTEX_POINT('',#3290);
#3290 = CARTESIAN_POINT('',(54.856434,-74.456655,0.));
#3291 = CIRCLE('',#3292,0.299966762338);
#3292 = AXIS2_PLACEMENT_3D('',#3293,#3294,#3295);
#3293 = CARTESIAN_POINT('',(55.112466762181,-74.30036269949,0.));
#3294 = DIRECTION('',(0.,0.,-1.));
#3295 = DIRECTION('',(-0.853537105863,-0.521032061311,-0.));
#3296 = ORIENTED_EDGE('',*,*,#3297,.F.);
#3297 = EDGE_CURVE('',#3298,#3289,#3300,.T.);
#3298 = VERTEX_POINT('',#3299);
#3299 = CARTESIAN_POINT('',(54.169155,-75.143934,0.));
#3300 = CIRCLE('',#3301,0.499998734392);
#3301 = AXIS2_PLACEMENT_3D('',#3302,#3303,#3304);
#3302 = CARTESIAN_POINT('',(54.429660504327,-74.71716050432,0.));
#3303 = DIRECTION('',(0.,0.,1.));
#3304 = DIRECTION('',(-0.521012327448,-0.853549151864,0.));
#3305 = ORIENTED_EDGE('',*,*,#3306,.F.);
#3306 = EDGE_CURVE('',#3307,#3298,#3309,.T.);
#3307 = VERTEX_POINT('',#3308);
#3308 = CARTESIAN_POINT('',(54.012853,-75.1,0.));
#3309 = CIRCLE('',#3310,0.300023425677);
#3310 = AXIS2_PLACEMENT_3D('',#3311,#3312,#3313);
#3311 = CARTESIAN_POINT('',(54.012846772307,-75.40002342561,0.));
#3312 = DIRECTION('',(0.,0.,-1.));
#3313 = DIRECTION('',(2.075735541207E-05,0.999999999785,0.));
#3314 = ORIENTED_EDGE('',*,*,#3315,.F.);
#3315 = EDGE_CURVE('',#3316,#3307,#3318,.T.);
#3316 = VERTEX_POINT('',#3317);
#3317 = CARTESIAN_POINT('',(53.1125,-75.1,0.));
#3318 = LINE('',#3319,#3320);
#3319 = CARTESIAN_POINT('',(53.1125,-75.1,0.));
#3320 = VECTOR('',#3321,1.);
#3321 = DIRECTION('',(1.,0.,0.));
#3322 = ORIENTED_EDGE('',*,*,#3323,.F.);
#3323 = EDGE_CURVE('',#3324,#3316,#3326,.T.);
#3324 = VERTEX_POINT('',#3325);
#3325 = CARTESIAN_POINT('',(52.212147,-75.1,0.));
#3326 = LINE('',#3327,#3328);
#3327 = CARTESIAN_POINT('',(52.212147,-75.1,0.));
#3328 = VECTOR('',#3329,1.);
#3329 = DIRECTION('',(1.,0.,0.));
#3330 = ORIENTED_EDGE('',*,*,#3331,.F.);
#3331 = EDGE_CURVE('',#3332,#3324,#3334,.T.);
#3332 = VERTEX_POINT('',#3333);
#3333 = CARTESIAN_POINT('',(52.055845,-75.143934,0.));
#3334 = CIRCLE('',#3335,0.299991600078);
#3335 = AXIS2_PLACEMENT_3D('',#3336,#3337,#3338);
#3336 = CARTESIAN_POINT('',(52.212144282039,-75.39999160006,0.));
#3337 = DIRECTION('',(0.,0.,-1.));
#3338 = DIRECTION('',(-0.521012195003,0.853549232709,0.));
#3339 = ORIENTED_EDGE('',*,*,#3340,.F.);
#3340 = EDGE_CURVE('',#3341,#3332,#3343,.T.);
#3341 = VERTEX_POINT('',#3342);
#3342 = CARTESIAN_POINT('',(51.368566,-74.456655,0.));
#3343 = CIRCLE('',#3344,0.499999603944);
#3344 = AXIS2_PLACEMENT_3D('',#3345,#3346,#3347);
#3345 = CARTESIAN_POINT('',(51.79534211054,-74.71715788946,0.));
#3346 = DIRECTION('',(0.,0.,1.));
#3347 = DIRECTION('',(-0.853552897188,0.521006191616,0.));
#3348 = ORIENTED_EDGE('',*,*,#3349,.F.);
#3349 = EDGE_CURVE('',#3350,#3341,#3352,.T.);
#3350 = VERTEX_POINT('',#3351);
#3351 = CARTESIAN_POINT('',(51.4125,-74.300353,0.));
#3352 = CIRCLE('',#3353,0.299991600078);
#3353 = AXIS2_PLACEMENT_3D('',#3354,#3355,#3356);
#3354 = CARTESIAN_POINT('',(51.112508399935,-74.30035571796,0.));
#3355 = DIRECTION('',(0.,0.,-1.));
#3356 = DIRECTION('',(0.999999999959,9.060123525087E-06,0.));
#3357 = ORIENTED_EDGE('',*,*,#3358,.F.);
#3358 = EDGE_CURVE('',#3359,#3350,#3361,.T.);
#3359 = VERTEX_POINT('',#3360);
#3360 = CARTESIAN_POINT('',(51.4125,-73.6,0.));
#3361 = LINE('',#3362,#3363);
#3362 = CARTESIAN_POINT('',(51.4125,-73.6,0.));
#3363 = VECTOR('',#3364,1.);
#3364 = DIRECTION('',(0.,-1.,0.));
#3365 = ORIENTED_EDGE('',*,*,#3366,.F.);
#3366 = EDGE_CURVE('',#3367,#3359,#3369,.T.);
#3367 = VERTEX_POINT('',#3368);
#3368 = CARTESIAN_POINT('',(51.4125,-72.899647,0.));
#3369 = LINE('',#3370,#3371);
#3370 = CARTESIAN_POINT('',(51.4125,-72.899647,0.));
#3371 = VECTOR('',#3372,1.);
#3372 = DIRECTION('',(0.,-1.,0.));
#3373 = ORIENTED_EDGE('',*,*,#3374,.F.);
#3374 = EDGE_CURVE('',#3375,#3367,#3377,.T.);
#3375 = VERTEX_POINT('',#3376);
#3376 = CARTESIAN_POINT('',(51.368566,-72.743345,0.));
#3377 = CIRCLE('',#3378,0.299991600078);
#3378 = AXIS2_PLACEMENT_3D('',#3379,#3380,#3381);
#3379 = CARTESIAN_POINT('',(51.112508399935,-72.89964428203,0.));
#3380 = DIRECTION('',(0.,0.,-1.));
#3381 = DIRECTION('',(0.853549232709,0.521012195004,0.));
#3382 = ORIENTED_EDGE('',*,*,#3383,.F.);
#3383 = EDGE_CURVE('',#3384,#3375,#3386,.T.);
#3384 = VERTEX_POINT('',#3385);
#3385 = CARTESIAN_POINT('',(52.055845,-72.056066,0.));
#3386 = CIRCLE('',#3387,0.499999603944);
#3387 = AXIS2_PLACEMENT_3D('',#3388,#3389,#3390);
#3388 = CARTESIAN_POINT('',(51.79534211054,-72.48284211054,0.));
#3389 = DIRECTION('',(0.,0.,1.));
#3390 = DIRECTION('',(0.521006191616,0.853552897188,-0.));
#3391 = ORIENTED_EDGE('',*,*,#3392,.F.);
#3392 = EDGE_CURVE('',#3393,#3384,#3395,.T.);
#3393 = VERTEX_POINT('',#3394);
#3394 = CARTESIAN_POINT('',(52.212147,-72.1,0.));
#3395 = CIRCLE('',#3396,0.299991600078);
#3396 = AXIS2_PLACEMENT_3D('',#3397,#3398,#3399);
#3397 = CARTESIAN_POINT('',(52.212144282039,-71.80000839993,0.));
#3398 = DIRECTION('',(0.,0.,-1.));
#3399 = DIRECTION('',(9.060123596144E-06,-0.999999999959,0.));
#3400 = ORIENTED_EDGE('',*,*,#3401,.F.);
#3401 = EDGE_CURVE('',#3402,#3393,#3404,.T.);
#3402 = VERTEX_POINT('',#3403);
#3403 = CARTESIAN_POINT('',(53.1125,-72.1,0.));
#3404 = LINE('',#3405,#3406);
#3405 = CARTESIAN_POINT('',(53.1125,-72.1,0.));
#3406 = VECTOR('',#3407,1.);
#3407 = DIRECTION('',(-1.,0.,0.));
#3408 = ORIENTED_EDGE('',*,*,#3409,.F.);
#3409 = EDGE_CURVE('',#3410,#3402,#3412,.T.);
#3410 = VERTEX_POINT('',#3411);
#3411 = CARTESIAN_POINT('',(54.012853,-72.1,0.));
#3412 = LINE('',#3413,#3414);
#3413 = CARTESIAN_POINT('',(54.012853,-72.1,0.));
#3414 = VECTOR('',#3415,1.);
#3415 = DIRECTION('',(-1.,0.,0.));
#3416 = ORIENTED_EDGE('',*,*,#3417,.F.);
#3417 = EDGE_CURVE('',#3255,#3410,#3418,.T.);
#3418 = CIRCLE('',#3419,0.299966762338);
#3419 = AXIS2_PLACEMENT_3D('',#3420,#3421,#3422);
#3420 = CARTESIAN_POINT('',(54.012862699494,-71.80003323781,0.));
#3421 = DIRECTION('',(0.,0.,-1.));
#3422 = DIRECTION('',(0.521032061311,-0.853537105864,0.));
#3423 = FACE_BOUND('',#3424,.F.);
#3424 = EDGE_LOOP('',(#3425));
#3425 = ORIENTED_EDGE('',*,*,#3426,.T.);
#3426 = EDGE_CURVE('',#3427,#3427,#3429,.T.);
#3427 = VERTEX_POINT('',#3428);
#3428 = CARTESIAN_POINT('',(67.0825,-88.445,0.));
#3429 = CIRCLE('',#3430,0.875);
#3430 = AXIS2_PLACEMENT_3D('',#3431,#3432,#3433);
#3431 = CARTESIAN_POINT('',(67.0825,-87.57,0.));
#3432 = DIRECTION('',(-0.,0.,-1.));
#3433 = DIRECTION('',(-0.,-1.,0.));
#3434 = FACE_BOUND('',#3435,.F.);
#3435 = EDGE_LOOP('',(#3436,#3447,#3456,#3464,#3472,#3481,#3490,#3499,
    #3507,#3515,#3524,#3533,#3542,#3550,#3558,#3567,#3576,#3585,#3593,
    #3601));
#3436 = ORIENTED_EDGE('',*,*,#3437,.F.);
#3437 = EDGE_CURVE('',#3438,#3440,#3442,.T.);
#3438 = VERTEX_POINT('',#3439);
#3439 = CARTESIAN_POINT('',(73.906434,-91.793345,0.));
#3440 = VERTEX_POINT('',#3441);
#3441 = CARTESIAN_POINT('',(73.219155,-91.106066,0.));
#3442 = CIRCLE('',#3443,0.499999603944);
#3443 = AXIS2_PLACEMENT_3D('',#3444,#3445,#3446);
#3444 = CARTESIAN_POINT('',(73.47965788946,-91.53284211054,0.));
#3445 = DIRECTION('',(0.,0.,1.));
#3446 = DIRECTION('',(0.853552897188,-0.521006191616,0.));
#3447 = ORIENTED_EDGE('',*,*,#3448,.F.);
#3448 = EDGE_CURVE('',#3449,#3438,#3451,.T.);
#3449 = VERTEX_POINT('',#3450);
#3450 = CARTESIAN_POINT('',(73.8625,-91.949647,0.));
#3451 = CIRCLE('',#3452,0.299683785035);
#3452 = AXIS2_PLACEMENT_3D('',#3453,#3454,#3455);
#3453 = CARTESIAN_POINT('',(74.162183771747,-91.9495577564,0.));
#3454 = DIRECTION('',(0.,0.,-1.));
#3455 = DIRECTION('',(-0.99999995566,-2.977925314543E-04,-0.));
#3456 = ORIENTED_EDGE('',*,*,#3457,.F.);
#3457 = EDGE_CURVE('',#3458,#3449,#3460,.T.);
#3458 = VERTEX_POINT('',#3459);
#3459 = CARTESIAN_POINT('',(73.8625,-92.65,0.));
#3460 = LINE('',#3461,#3462);
#3461 = CARTESIAN_POINT('',(73.8625,-92.65,0.));
#3462 = VECTOR('',#3463,1.);
#3463 = DIRECTION('',(0.,1.,0.));
#3464 = ORIENTED_EDGE('',*,*,#3465,.F.);
#3465 = EDGE_CURVE('',#3466,#3458,#3468,.T.);
#3466 = VERTEX_POINT('',#3467);
#3467 = CARTESIAN_POINT('',(73.8625,-93.350353,0.));
#3468 = LINE('',#3469,#3470);
#3469 = CARTESIAN_POINT('',(73.8625,-93.350353,0.));
#3470 = VECTOR('',#3471,1.);
#3471 = DIRECTION('',(0.,1.,0.));
#3472 = ORIENTED_EDGE('',*,*,#3473,.F.);
#3473 = EDGE_CURVE('',#3474,#3466,#3476,.T.);
#3474 = VERTEX_POINT('',#3475);
#3475 = CARTESIAN_POINT('',(73.906434,-93.506655,0.));
#3476 = CIRCLE('',#3477,0.299966762338);
#3477 = AXIS2_PLACEMENT_3D('',#3478,#3479,#3480);
#3478 = CARTESIAN_POINT('',(74.162466762181,-93.35036269949,0.));
#3479 = DIRECTION('',(0.,0.,-1.));
#3480 = DIRECTION('',(-0.853537105863,-0.521032061311,-0.));
#3481 = ORIENTED_EDGE('',*,*,#3482,.F.);
#3482 = EDGE_CURVE('',#3483,#3474,#3485,.T.);
#3483 = VERTEX_POINT('',#3484);
#3484 = CARTESIAN_POINT('',(73.219155,-94.193934,0.));
#3485 = CIRCLE('',#3486,0.499998734392);
#3486 = AXIS2_PLACEMENT_3D('',#3487,#3488,#3489);
#3487 = CARTESIAN_POINT('',(73.479660504327,-93.76716050432,0.));
#3488 = DIRECTION('',(0.,0.,1.));
#3489 = DIRECTION('',(-0.521012327448,-0.853549151864,0.));
#3490 = ORIENTED_EDGE('',*,*,#3491,.F.);
#3491 = EDGE_CURVE('',#3492,#3483,#3494,.T.);
#3492 = VERTEX_POINT('',#3493);
#3493 = CARTESIAN_POINT('',(73.062853,-94.15,0.));
#3494 = CIRCLE('',#3495,0.300023425677);
#3495 = AXIS2_PLACEMENT_3D('',#3496,#3497,#3498);
#3496 = CARTESIAN_POINT('',(73.062846772307,-94.45002342561,0.));
#3497 = DIRECTION('',(0.,0.,-1.));
#3498 = DIRECTION('',(2.075735517526E-05,0.999999999785,0.));
#3499 = ORIENTED_EDGE('',*,*,#3500,.F.);
#3500 = EDGE_CURVE('',#3501,#3492,#3503,.T.);
#3501 = VERTEX_POINT('',#3502);
#3502 = CARTESIAN_POINT('',(72.1625,-94.15,0.));
#3503 = LINE('',#3504,#3505);
#3504 = CARTESIAN_POINT('',(72.1625,-94.15,0.));
#3505 = VECTOR('',#3506,1.);
#3506 = DIRECTION('',(1.,0.,0.));
#3507 = ORIENTED_EDGE('',*,*,#3508,.F.);
#3508 = EDGE_CURVE('',#3509,#3501,#3511,.T.);
#3509 = VERTEX_POINT('',#3510);
#3510 = CARTESIAN_POINT('',(71.262147,-94.15,0.));
#3511 = LINE('',#3512,#3513);
#3512 = CARTESIAN_POINT('',(71.262147,-94.15,0.));
#3513 = VECTOR('',#3514,1.);
#3514 = DIRECTION('',(1.,0.,0.));
#3515 = ORIENTED_EDGE('',*,*,#3516,.F.);
#3516 = EDGE_CURVE('',#3517,#3509,#3519,.T.);
#3517 = VERTEX_POINT('',#3518);
#3518 = CARTESIAN_POINT('',(71.105845,-94.193934,0.));
#3519 = CIRCLE('',#3520,0.299991600077);
#3520 = AXIS2_PLACEMENT_3D('',#3521,#3522,#3523);
#3521 = CARTESIAN_POINT('',(71.262144282039,-94.44999160006,0.));
#3522 = DIRECTION('',(0.,0.,-1.));
#3523 = DIRECTION('',(-0.521012195004,0.853549232709,0.));
#3524 = ORIENTED_EDGE('',*,*,#3525,.F.);
#3525 = EDGE_CURVE('',#3526,#3517,#3528,.T.);
#3526 = VERTEX_POINT('',#3527);
#3527 = CARTESIAN_POINT('',(70.418566,-93.506655,0.));
#3528 = CIRCLE('',#3529,0.499999603944);
#3529 = AXIS2_PLACEMENT_3D('',#3530,#3531,#3532);
#3530 = CARTESIAN_POINT('',(70.84534211054,-93.76715788946,0.));
#3531 = DIRECTION('',(0.,0.,1.));
#3532 = DIRECTION('',(-0.853552897188,0.521006191616,0.));
#3533 = ORIENTED_EDGE('',*,*,#3534,.F.);
#3534 = EDGE_CURVE('',#3535,#3526,#3537,.T.);
#3535 = VERTEX_POINT('',#3536);
#3536 = CARTESIAN_POINT('',(70.4625,-93.350353,0.));
#3537 = CIRCLE('',#3538,0.299991600078);
#3538 = AXIS2_PLACEMENT_3D('',#3539,#3540,#3541);
#3539 = CARTESIAN_POINT('',(70.162508399935,-93.35035571796,0.));
#3540 = DIRECTION('',(0.,0.,-1.));
#3541 = DIRECTION('',(0.999999999959,9.060123335599E-06,0.));
#3542 = ORIENTED_EDGE('',*,*,#3543,.F.);
#3543 = EDGE_CURVE('',#3544,#3535,#3546,.T.);
#3544 = VERTEX_POINT('',#3545);
#3545 = CARTESIAN_POINT('',(70.4625,-92.65,0.));
#3546 = LINE('',#3547,#3548);
#3547 = CARTESIAN_POINT('',(70.4625,-92.65,0.));
#3548 = VECTOR('',#3549,1.);
#3549 = DIRECTION('',(0.,-1.,0.));
#3550 = ORIENTED_EDGE('',*,*,#3551,.F.);
#3551 = EDGE_CURVE('',#3552,#3544,#3554,.T.);
#3552 = VERTEX_POINT('',#3553);
#3553 = CARTESIAN_POINT('',(70.4625,-91.949647,0.));
#3554 = LINE('',#3555,#3556);
#3555 = CARTESIAN_POINT('',(70.4625,-91.949647,0.));
#3556 = VECTOR('',#3557,1.);
#3557 = DIRECTION('',(0.,-1.,0.));
#3558 = ORIENTED_EDGE('',*,*,#3559,.F.);
#3559 = EDGE_CURVE('',#3560,#3552,#3562,.T.);
#3560 = VERTEX_POINT('',#3561);
#3561 = CARTESIAN_POINT('',(70.418566,-91.793345,0.));
#3562 = CIRCLE('',#3563,0.299991600078);
#3563 = AXIS2_PLACEMENT_3D('',#3564,#3565,#3566);
#3564 = CARTESIAN_POINT('',(70.162508399935,-91.94964428203,0.));
#3565 = DIRECTION('',(0.,0.,-1.));
#3566 = DIRECTION('',(0.853549232709,0.521012195004,0.));
#3567 = ORIENTED_EDGE('',*,*,#3568,.F.);
#3568 = EDGE_CURVE('',#3569,#3560,#3571,.T.);
#3569 = VERTEX_POINT('',#3570);
#3570 = CARTESIAN_POINT('',(71.105845,-91.106066,0.));
#3571 = CIRCLE('',#3572,0.499999603944);
#3572 = AXIS2_PLACEMENT_3D('',#3573,#3574,#3575);
#3573 = CARTESIAN_POINT('',(70.84534211054,-91.53284211054,0.));
#3574 = DIRECTION('',(0.,0.,1.));
#3575 = DIRECTION('',(0.521006191616,0.853552897188,-0.));
#3576 = ORIENTED_EDGE('',*,*,#3577,.F.);
#3577 = EDGE_CURVE('',#3578,#3569,#3580,.T.);
#3578 = VERTEX_POINT('',#3579);
#3579 = CARTESIAN_POINT('',(71.262147,-91.15,0.));
#3580 = CIRCLE('',#3581,0.299991600078);
#3581 = AXIS2_PLACEMENT_3D('',#3582,#3583,#3584);
#3582 = CARTESIAN_POINT('',(71.262144282039,-90.85000839993,0.));
#3583 = DIRECTION('',(0.,0.,-1.));
#3584 = DIRECTION('',(9.060123382971E-06,-0.999999999959,0.));
#3585 = ORIENTED_EDGE('',*,*,#3586,.F.);
#3586 = EDGE_CURVE('',#3587,#3578,#3589,.T.);
#3587 = VERTEX_POINT('',#3588);
#3588 = CARTESIAN_POINT('',(72.1625,-91.15,0.));
#3589 = LINE('',#3590,#3591);
#3590 = CARTESIAN_POINT('',(72.1625,-91.15,0.));
#3591 = VECTOR('',#3592,1.);
#3592 = DIRECTION('',(-1.,0.,0.));
#3593 = ORIENTED_EDGE('',*,*,#3594,.F.);
#3594 = EDGE_CURVE('',#3595,#3587,#3597,.T.);
#3595 = VERTEX_POINT('',#3596);
#3596 = CARTESIAN_POINT('',(73.062853,-91.15,0.));
#3597 = LINE('',#3598,#3599);
#3598 = CARTESIAN_POINT('',(73.062853,-91.15,0.));
#3599 = VECTOR('',#3600,1.);
#3600 = DIRECTION('',(-1.,0.,0.));
#3601 = ORIENTED_EDGE('',*,*,#3602,.F.);
#3602 = EDGE_CURVE('',#3440,#3595,#3603,.T.);
#3603 = CIRCLE('',#3604,0.299966762339);
#3604 = AXIS2_PLACEMENT_3D('',#3605,#3606,#3607);
#3605 = CARTESIAN_POINT('',(73.062862699494,-90.85003323781,0.));
#3606 = DIRECTION('',(0.,0.,-1.));
#3607 = DIRECTION('',(0.521032061311,-0.853537105864,0.));
#3608 = FACE_BOUND('',#3609,.F.);
#3609 = EDGE_LOOP('',(#3610));
#3610 = ORIENTED_EDGE('',*,*,#3611,.T.);
#3611 = EDGE_CURVE('',#3612,#3612,#3614,.T.);
#3612 = VERTEX_POINT('',#3613);
#3613 = CARTESIAN_POINT('',(72.1625,-89.57,0.));
#3614 = CIRCLE('',#3615,2.);
#3615 = AXIS2_PLACEMENT_3D('',#3616,#3617,#3618);
#3616 = CARTESIAN_POINT('',(72.1625,-87.57,0.));
#3617 = DIRECTION('',(-0.,0.,-1.));
#3618 = DIRECTION('',(-0.,-1.,0.));
#3619 = FACE_BOUND('',#3620,.F.);
#3620 = EDGE_LOOP('',(#3621));
#3621 = ORIENTED_EDGE('',*,*,#3622,.T.);
#3622 = EDGE_CURVE('',#3623,#3623,#3625,.T.);
#3623 = VERTEX_POINT('',#3624);
#3624 = CARTESIAN_POINT('',(77.2425,-88.445,0.));
#3625 = CIRCLE('',#3626,0.875);
#3626 = AXIS2_PLACEMENT_3D('',#3627,#3628,#3629);
#3627 = CARTESIAN_POINT('',(77.2425,-87.57,0.));
#3628 = DIRECTION('',(-0.,0.,-1.));
#3629 = DIRECTION('',(-0.,-1.,0.));
#3630 = FACE_BOUND('',#3631,.F.);
#3631 = EDGE_LOOP('',(#3632));
#3632 = ORIENTED_EDGE('',*,*,#3633,.T.);
#3633 = EDGE_CURVE('',#3634,#3634,#3636,.T.);
#3634 = VERTEX_POINT('',#3635);
#3635 = CARTESIAN_POINT('',(68.3525,-86.555,0.));
#3636 = CIRCLE('',#3637,1.525);
#3637 = AXIS2_PLACEMENT_3D('',#3638,#3639,#3640);
#3638 = CARTESIAN_POINT('',(68.3525,-85.03,0.));
#3639 = DIRECTION('',(-0.,0.,-1.));
#3640 = DIRECTION('',(9.31859325587E-15,-1.,-0.));
#3641 = FACE_BOUND('',#3642,.F.);
#3642 = EDGE_LOOP('',(#3643));
#3643 = ORIENTED_EDGE('',*,*,#3644,.T.);
#3644 = EDGE_CURVE('',#3645,#3645,#3647,.T.);
#3645 = VERTEX_POINT('',#3646);
#3646 = CARTESIAN_POINT('',(74.7025,-84.015,0.));
#3647 = CIRCLE('',#3648,1.525);
#3648 = AXIS2_PLACEMENT_3D('',#3649,#3650,#3651);
#3649 = CARTESIAN_POINT('',(74.7025,-82.49,0.));
#3650 = DIRECTION('',(-0.,0.,-1.));
#3651 = DIRECTION('',(-0.,-1.,0.));
#3652 = FACE_BOUND('',#3653,.F.);
#3653 = EDGE_LOOP('',(#3654,#3665,#3674,#3682,#3690,#3699,#3708,#3717,
    #3725,#3733,#3742,#3751,#3760,#3768,#3776,#3785,#3794,#3803,#3811,
    #3819));
#3654 = ORIENTED_EDGE('',*,*,#3655,.F.);
#3655 = EDGE_CURVE('',#3656,#3658,#3660,.T.);
#3656 = VERTEX_POINT('',#3657);
#3657 = CARTESIAN_POINT('',(73.906434,-72.743345,0.));
#3658 = VERTEX_POINT('',#3659);
#3659 = CARTESIAN_POINT('',(73.219155,-72.056066,0.));
#3660 = CIRCLE('',#3661,0.499999603944);
#3661 = AXIS2_PLACEMENT_3D('',#3662,#3663,#3664);
#3662 = CARTESIAN_POINT('',(73.47965788946,-72.48284211054,0.));
#3663 = DIRECTION('',(0.,0.,1.));
#3664 = DIRECTION('',(0.853552897188,-0.521006191616,0.));
#3665 = ORIENTED_EDGE('',*,*,#3666,.F.);
#3666 = EDGE_CURVE('',#3667,#3656,#3669,.T.);
#3667 = VERTEX_POINT('',#3668);
#3668 = CARTESIAN_POINT('',(73.8625,-72.899647,0.));
#3669 = CIRCLE('',#3670,0.299683785035);
#3670 = AXIS2_PLACEMENT_3D('',#3671,#3672,#3673);
#3671 = CARTESIAN_POINT('',(74.162183771747,-72.8995577564,0.));
#3672 = DIRECTION('',(0.,0.,-1.));
#3673 = DIRECTION('',(-0.99999995566,-2.977925314543E-04,-0.));
#3674 = ORIENTED_EDGE('',*,*,#3675,.F.);
#3675 = EDGE_CURVE('',#3676,#3667,#3678,.T.);
#3676 = VERTEX_POINT('',#3677);
#3677 = CARTESIAN_POINT('',(73.8625,-73.6,0.));
#3678 = LINE('',#3679,#3680);
#3679 = CARTESIAN_POINT('',(73.8625,-73.6,0.));
#3680 = VECTOR('',#3681,1.);
#3681 = DIRECTION('',(0.,1.,0.));
#3682 = ORIENTED_EDGE('',*,*,#3683,.F.);
#3683 = EDGE_CURVE('',#3684,#3676,#3686,.T.);
#3684 = VERTEX_POINT('',#3685);
#3685 = CARTESIAN_POINT('',(73.8625,-74.300353,0.));
#3686 = LINE('',#3687,#3688);
#3687 = CARTESIAN_POINT('',(73.8625,-74.300353,0.));
#3688 = VECTOR('',#3689,1.);
#3689 = DIRECTION('',(0.,1.,0.));
#3690 = ORIENTED_EDGE('',*,*,#3691,.F.);
#3691 = EDGE_CURVE('',#3692,#3684,#3694,.T.);
#3692 = VERTEX_POINT('',#3693);
#3693 = CARTESIAN_POINT('',(73.906434,-74.456655,0.));
#3694 = CIRCLE('',#3695,0.299966762338);
#3695 = AXIS2_PLACEMENT_3D('',#3696,#3697,#3698);
#3696 = CARTESIAN_POINT('',(74.162466762181,-74.30036269949,0.));
#3697 = DIRECTION('',(0.,0.,-1.));
#3698 = DIRECTION('',(-0.853537105863,-0.521032061311,-0.));
#3699 = ORIENTED_EDGE('',*,*,#3700,.F.);
#3700 = EDGE_CURVE('',#3701,#3692,#3703,.T.);
#3701 = VERTEX_POINT('',#3702);
#3702 = CARTESIAN_POINT('',(73.219155,-75.143934,0.));
#3703 = CIRCLE('',#3704,0.499998734392);
#3704 = AXIS2_PLACEMENT_3D('',#3705,#3706,#3707);
#3705 = CARTESIAN_POINT('',(73.479660504327,-74.71716050432,0.));
#3706 = DIRECTION('',(0.,0.,1.));
#3707 = DIRECTION('',(-0.521012327448,-0.853549151864,0.));
#3708 = ORIENTED_EDGE('',*,*,#3709,.F.);
#3709 = EDGE_CURVE('',#3710,#3701,#3712,.T.);
#3710 = VERTEX_POINT('',#3711);
#3711 = CARTESIAN_POINT('',(73.062853,-75.1,0.));
#3712 = CIRCLE('',#3713,0.300023425677);
#3713 = AXIS2_PLACEMENT_3D('',#3714,#3715,#3716);
#3714 = CARTESIAN_POINT('',(73.062846772307,-75.40002342561,0.));
#3715 = DIRECTION('',(0.,0.,-1.));
#3716 = DIRECTION('',(2.075735545944E-05,0.999999999785,0.));
#3717 = ORIENTED_EDGE('',*,*,#3718,.F.);
#3718 = EDGE_CURVE('',#3719,#3710,#3721,.T.);
#3719 = VERTEX_POINT('',#3720);
#3720 = CARTESIAN_POINT('',(72.1625,-75.1,0.));
#3721 = LINE('',#3722,#3723);
#3722 = CARTESIAN_POINT('',(72.1625,-75.1,0.));
#3723 = VECTOR('',#3724,1.);
#3724 = DIRECTION('',(1.,0.,0.));
#3725 = ORIENTED_EDGE('',*,*,#3726,.F.);
#3726 = EDGE_CURVE('',#3727,#3719,#3729,.T.);
#3727 = VERTEX_POINT('',#3728);
#3728 = CARTESIAN_POINT('',(71.262147,-75.1,0.));
#3729 = LINE('',#3730,#3731);
#3730 = CARTESIAN_POINT('',(71.262147,-75.1,0.));
#3731 = VECTOR('',#3732,1.);
#3732 = DIRECTION('',(1.,0.,0.));
#3733 = ORIENTED_EDGE('',*,*,#3734,.F.);
#3734 = EDGE_CURVE('',#3735,#3727,#3737,.T.);
#3735 = VERTEX_POINT('',#3736);
#3736 = CARTESIAN_POINT('',(71.105845,-75.143934,0.));
#3737 = CIRCLE('',#3738,0.299991600078);
#3738 = AXIS2_PLACEMENT_3D('',#3739,#3740,#3741);
#3739 = CARTESIAN_POINT('',(71.262144282039,-75.39999160006,0.));
#3740 = DIRECTION('',(0.,0.,-1.));
#3741 = DIRECTION('',(-0.521012195004,0.853549232709,0.));
#3742 = ORIENTED_EDGE('',*,*,#3743,.F.);
#3743 = EDGE_CURVE('',#3744,#3735,#3746,.T.);
#3744 = VERTEX_POINT('',#3745);
#3745 = CARTESIAN_POINT('',(70.418566,-74.456655,0.));
#3746 = CIRCLE('',#3747,0.499999603944);
#3747 = AXIS2_PLACEMENT_3D('',#3748,#3749,#3750);
#3748 = CARTESIAN_POINT('',(70.84534211054,-74.71715788946,0.));
#3749 = DIRECTION('',(0.,0.,1.));
#3750 = DIRECTION('',(-0.853552897188,0.521006191616,0.));
#3751 = ORIENTED_EDGE('',*,*,#3752,.F.);
#3752 = EDGE_CURVE('',#3753,#3744,#3755,.T.);
#3753 = VERTEX_POINT('',#3754);
#3754 = CARTESIAN_POINT('',(70.4625,-74.300353,0.));
#3755 = CIRCLE('',#3756,0.299991600078);
#3756 = AXIS2_PLACEMENT_3D('',#3757,#3758,#3759);
#3757 = CARTESIAN_POINT('',(70.162508399935,-74.30035571796,0.));
#3758 = DIRECTION('',(0.,0.,-1.));
#3759 = DIRECTION('',(0.999999999959,9.060123382971E-06,0.));
#3760 = ORIENTED_EDGE('',*,*,#3761,.F.);
#3761 = EDGE_CURVE('',#3762,#3753,#3764,.T.);
#3762 = VERTEX_POINT('',#3763);
#3763 = CARTESIAN_POINT('',(70.4625,-73.6,0.));
#3764 = LINE('',#3765,#3766);
#3765 = CARTESIAN_POINT('',(70.4625,-73.6,0.));
#3766 = VECTOR('',#3767,1.);
#3767 = DIRECTION('',(0.,-1.,0.));
#3768 = ORIENTED_EDGE('',*,*,#3769,.F.);
#3769 = EDGE_CURVE('',#3770,#3762,#3772,.T.);
#3770 = VERTEX_POINT('',#3771);
#3771 = CARTESIAN_POINT('',(70.4625,-72.899647,0.));
#3772 = LINE('',#3773,#3774);
#3773 = CARTESIAN_POINT('',(70.4625,-72.899647,0.));
#3774 = VECTOR('',#3775,1.);
#3775 = DIRECTION('',(0.,-1.,0.));
#3776 = ORIENTED_EDGE('',*,*,#3777,.F.);
#3777 = EDGE_CURVE('',#3778,#3770,#3780,.T.);
#3778 = VERTEX_POINT('',#3779);
#3779 = CARTESIAN_POINT('',(70.418566,-72.743345,0.));
#3780 = CIRCLE('',#3781,0.299991600078);
#3781 = AXIS2_PLACEMENT_3D('',#3782,#3783,#3784);
#3782 = CARTESIAN_POINT('',(70.162508399935,-72.89964428203,0.));
#3783 = DIRECTION('',(0.,0.,-1.));
#3784 = DIRECTION('',(0.853549232709,0.521012195003,0.));
#3785 = ORIENTED_EDGE('',*,*,#3786,.F.);
#3786 = EDGE_CURVE('',#3787,#3778,#3789,.T.);
#3787 = VERTEX_POINT('',#3788);
#3788 = CARTESIAN_POINT('',(71.105845,-72.056066,0.));
#3789 = CIRCLE('',#3790,0.499999603944);
#3790 = AXIS2_PLACEMENT_3D('',#3791,#3792,#3793);
#3791 = CARTESIAN_POINT('',(70.84534211054,-72.48284211054,0.));
#3792 = DIRECTION('',(0.,0.,1.));
#3793 = DIRECTION('',(0.521006191616,0.853552897188,-0.));
#3794 = ORIENTED_EDGE('',*,*,#3795,.F.);
#3795 = EDGE_CURVE('',#3796,#3787,#3798,.T.);
#3796 = VERTEX_POINT('',#3797);
#3797 = CARTESIAN_POINT('',(71.262147,-72.1,0.));
#3798 = CIRCLE('',#3799,0.299991600077);
#3799 = AXIS2_PLACEMENT_3D('',#3800,#3801,#3802);
#3800 = CARTESIAN_POINT('',(71.262144282039,-71.80000839993,0.));
#3801 = DIRECTION('',(0.,0.,-1.));
#3802 = DIRECTION('',(9.060123667203E-06,-0.999999999959,0.));
#3803 = ORIENTED_EDGE('',*,*,#3804,.F.);
#3804 = EDGE_CURVE('',#3805,#3796,#3807,.T.);
#3805 = VERTEX_POINT('',#3806);
#3806 = CARTESIAN_POINT('',(72.1625,-72.1,0.));
#3807 = LINE('',#3808,#3809);
#3808 = CARTESIAN_POINT('',(72.1625,-72.1,0.));
#3809 = VECTOR('',#3810,1.);
#3810 = DIRECTION('',(-1.,0.,0.));
#3811 = ORIENTED_EDGE('',*,*,#3812,.F.);
#3812 = EDGE_CURVE('',#3813,#3805,#3815,.T.);
#3813 = VERTEX_POINT('',#3814);
#3814 = CARTESIAN_POINT('',(73.062853,-72.1,0.));
#3815 = LINE('',#3816,#3817);
#3816 = CARTESIAN_POINT('',(73.062853,-72.1,0.));
#3817 = VECTOR('',#3818,1.);
#3818 = DIRECTION('',(-1.,0.,0.));
#3819 = ORIENTED_EDGE('',*,*,#3820,.F.);
#3820 = EDGE_CURVE('',#3658,#3813,#3821,.T.);
#3821 = CIRCLE('',#3822,0.299966762338);
#3822 = AXIS2_PLACEMENT_3D('',#3823,#3824,#3825);
#3823 = CARTESIAN_POINT('',(73.062862699494,-71.80003323781,0.));
#3824 = DIRECTION('',(0.,0.,-1.));
#3825 = DIRECTION('',(0.521032061311,-0.853537105864,0.));
#3826 = FACE_BOUND('',#3827,.F.);
#3827 = EDGE_LOOP('',(#3828));
#3828 = ORIENTED_EDGE('',*,*,#3829,.T.);
#3829 = EDGE_CURVE('',#3830,#3830,#3832,.T.);
#3830 = VERTEX_POINT('',#3831);
#3831 = CARTESIAN_POINT('',(38.7,-67.6,0.));
#3832 = CIRCLE('',#3833,0.5);
#3833 = AXIS2_PLACEMENT_3D('',#3834,#3835,#3836);
#3834 = CARTESIAN_POINT('',(38.7,-67.1,0.));
#3835 = DIRECTION('',(-0.,0.,-1.));
#3836 = DIRECTION('',(-0.,-1.,0.));
#3837 = FACE_BOUND('',#3838,.F.);
#3838 = EDGE_LOOP('',(#3839));
#3839 = ORIENTED_EDGE('',*,*,#3840,.T.);
#3840 = EDGE_CURVE('',#3841,#3841,#3843,.T.);
#3841 = VERTEX_POINT('',#3842);
#3842 = CARTESIAN_POINT('',(48.0325,-69.395,0.));
#3843 = CIRCLE('',#3844,0.875);
#3844 = AXIS2_PLACEMENT_3D('',#3845,#3846,#3847);
#3845 = CARTESIAN_POINT('',(48.0325,-68.52,0.));
#3846 = DIRECTION('',(-0.,0.,-1.));
#3847 = DIRECTION('',(-0.,-1.,0.));
#3848 = FACE_BOUND('',#3849,.F.);
#3849 = EDGE_LOOP('',(#3850));
#3850 = ORIENTED_EDGE('',*,*,#3851,.T.);
#3851 = EDGE_CURVE('',#3852,#3852,#3854,.T.);
#3852 = VERTEX_POINT('',#3853);
#3853 = CARTESIAN_POINT('',(38.7,-65.06,0.));
#3854 = CIRCLE('',#3855,0.5);
#3855 = AXIS2_PLACEMENT_3D('',#3856,#3857,#3858);
#3856 = CARTESIAN_POINT('',(38.7,-64.56,0.));
#3857 = DIRECTION('',(-0.,0.,-1.));
#3858 = DIRECTION('',(-0.,-1.,0.));
#3859 = FACE_BOUND('',#3860,.F.);
#3860 = EDGE_LOOP('',(#3861));
#3861 = ORIENTED_EDGE('',*,*,#3862,.T.);
#3862 = EDGE_CURVE('',#3863,#3863,#3865,.T.);
#3863 = VERTEX_POINT('',#3864);
#3864 = CARTESIAN_POINT('',(38.7,-62.52,0.));
#3865 = CIRCLE('',#3866,0.5);
#3866 = AXIS2_PLACEMENT_3D('',#3867,#3868,#3869);
#3867 = CARTESIAN_POINT('',(38.7,-62.02,0.));
#3868 = DIRECTION('',(-0.,0.,-1.));
#3869 = DIRECTION('',(-0.,-1.,0.));
#3870 = FACE_BOUND('',#3871,.F.);
#3871 = EDGE_LOOP('',(#3872));
#3872 = ORIENTED_EDGE('',*,*,#3873,.T.);
#3873 = EDGE_CURVE('',#3874,#3874,#3876,.T.);
#3874 = VERTEX_POINT('',#3875);
#3875 = CARTESIAN_POINT('',(53.1125,-70.52,0.));
#3876 = CIRCLE('',#3877,2.);
#3877 = AXIS2_PLACEMENT_3D('',#3878,#3879,#3880);
#3878 = CARTESIAN_POINT('',(53.1125,-68.52,0.));
#3879 = DIRECTION('',(-0.,0.,-1.));
#3880 = DIRECTION('',(-0.,-1.,0.));
#3881 = FACE_BOUND('',#3882,.F.);
#3882 = EDGE_LOOP('',(#3883));
#3883 = ORIENTED_EDGE('',*,*,#3884,.T.);
#3884 = EDGE_CURVE('',#3885,#3885,#3887,.T.);
#3885 = VERTEX_POINT('',#3886);
#3886 = CARTESIAN_POINT('',(58.1925,-69.395,0.));
#3887 = CIRCLE('',#3888,0.875);
#3888 = AXIS2_PLACEMENT_3D('',#3889,#3890,#3891);
#3889 = CARTESIAN_POINT('',(58.1925,-68.52,0.));
#3890 = DIRECTION('',(-0.,0.,-1.));
#3891 = DIRECTION('',(-0.,-1.,0.));
#3892 = FACE_BOUND('',#3893,.F.);
#3893 = EDGE_LOOP('',(#3894));
#3894 = ORIENTED_EDGE('',*,*,#3895,.T.);
#3895 = EDGE_CURVE('',#3896,#3896,#3898,.T.);
#3896 = VERTEX_POINT('',#3897);
#3897 = CARTESIAN_POINT('',(49.3025,-67.505,0.));
#3898 = CIRCLE('',#3899,1.525);
#3899 = AXIS2_PLACEMENT_3D('',#3900,#3901,#3902);
#3900 = CARTESIAN_POINT('',(49.3025,-65.98,0.));
#3901 = DIRECTION('',(-0.,0.,-1.));
#3902 = DIRECTION('',(-0.,-1.,0.));
#3903 = FACE_BOUND('',#3904,.F.);
#3904 = EDGE_LOOP('',(#3905));
#3905 = ORIENTED_EDGE('',*,*,#3906,.T.);
#3906 = EDGE_CURVE('',#3907,#3907,#3909,.T.);
#3907 = VERTEX_POINT('',#3908);
#3908 = CARTESIAN_POINT('',(55.6525,-64.965,0.));
#3909 = CIRCLE('',#3910,1.525);
#3910 = AXIS2_PLACEMENT_3D('',#3911,#3912,#3913);
#3911 = CARTESIAN_POINT('',(55.6525,-63.44,0.));
#3912 = DIRECTION('',(-0.,0.,-1.));
#3913 = DIRECTION('',(-0.,-1.,0.));
#3914 = FACE_BOUND('',#3915,.F.);
#3915 = EDGE_LOOP('',(#3916));
#3916 = ORIENTED_EDGE('',*,*,#3917,.T.);
#3917 = EDGE_CURVE('',#3918,#3918,#3920,.T.);
#3918 = VERTEX_POINT('',#3919);
#3919 = CARTESIAN_POINT('',(38.7,-59.98,0.));
#3920 = CIRCLE('',#3921,0.5);
#3921 = AXIS2_PLACEMENT_3D('',#3922,#3923,#3924);
#3922 = CARTESIAN_POINT('',(38.7,-59.48,0.));
#3923 = DIRECTION('',(-0.,0.,-1.));
#3924 = DIRECTION('',(-0.,-1.,0.));
#3925 = FACE_BOUND('',#3926,.F.);
#3926 = EDGE_LOOP('',(#3927));
#3927 = ORIENTED_EDGE('',*,*,#3928,.T.);
#3928 = EDGE_CURVE('',#3929,#3929,#3931,.T.);
#3929 = VERTEX_POINT('',#3930);
#3930 = CARTESIAN_POINT('',(40.5375,-50.045,0.));
#3931 = CIRCLE('',#3932,1.1);
#3932 = AXIS2_PLACEMENT_3D('',#3933,#3934,#3935);
#3933 = CARTESIAN_POINT('',(40.5375,-48.945,0.));
#3934 = DIRECTION('',(-0.,0.,-1.));
#3935 = DIRECTION('',(-0.,-1.,0.));
#3936 = FACE_BOUND('',#3937,.F.);
#3937 = EDGE_LOOP('',(#3938));
#3938 = ORIENTED_EDGE('',*,*,#3939,.T.);
#3939 = EDGE_CURVE('',#3940,#3940,#3942,.T.);
#3940 = VERTEX_POINT('',#3941);
#3941 = CARTESIAN_POINT('',(67.0825,-69.395,0.));
#3942 = CIRCLE('',#3943,0.875);
#3943 = AXIS2_PLACEMENT_3D('',#3944,#3945,#3946);
#3944 = CARTESIAN_POINT('',(67.0825,-68.52,0.));
#3945 = DIRECTION('',(-0.,0.,-1.));
#3946 = DIRECTION('',(-0.,-1.,0.));
#3947 = FACE_BOUND('',#3948,.F.);
#3948 = EDGE_LOOP('',(#3949));
#3949 = ORIENTED_EDGE('',*,*,#3950,.T.);
#3950 = EDGE_CURVE('',#3951,#3951,#3953,.T.);
#3951 = VERTEX_POINT('',#3952);
#3952 = CARTESIAN_POINT('',(68.3525,-67.505,0.));
#3953 = CIRCLE('',#3954,1.525);
#3954 = AXIS2_PLACEMENT_3D('',#3955,#3956,#3957);
#3955 = CARTESIAN_POINT('',(68.3525,-65.98,0.));
#3956 = DIRECTION('',(-0.,0.,-1.));
#3957 = DIRECTION('',(9.31859325587E-15,-1.,-0.));
#3958 = FACE_BOUND('',#3959,.F.);
#3959 = EDGE_LOOP('',(#3960));
#3960 = ORIENTED_EDGE('',*,*,#3961,.T.);
#3961 = EDGE_CURVE('',#3962,#3962,#3964,.T.);
#3962 = VERTEX_POINT('',#3963);
#3963 = CARTESIAN_POINT('',(72.1625,-70.52,0.));
#3964 = CIRCLE('',#3965,2.);
#3965 = AXIS2_PLACEMENT_3D('',#3966,#3967,#3968);
#3966 = CARTESIAN_POINT('',(72.1625,-68.52,0.));
#3967 = DIRECTION('',(-0.,0.,-1.));
#3968 = DIRECTION('',(-0.,-1.,0.));
#3969 = FACE_BOUND('',#3970,.F.);
#3970 = EDGE_LOOP('',(#3971));
#3971 = ORIENTED_EDGE('',*,*,#3972,.T.);
#3972 = EDGE_CURVE('',#3973,#3973,#3975,.T.);
#3973 = VERTEX_POINT('',#3974);
#3974 = CARTESIAN_POINT('',(77.2425,-69.395,0.));
#3975 = CIRCLE('',#3976,0.875);
#3976 = AXIS2_PLACEMENT_3D('',#3977,#3978,#3979);
#3977 = CARTESIAN_POINT('',(77.2425,-68.52,0.));
#3978 = DIRECTION('',(-0.,0.,-1.));
#3979 = DIRECTION('',(-0.,-1.,0.));
#3980 = FACE_BOUND('',#3981,.F.);
#3981 = EDGE_LOOP('',(#3982));
#3982 = ORIENTED_EDGE('',*,*,#3983,.T.);
#3983 = EDGE_CURVE('',#3984,#3984,#3986,.T.);
#3984 = VERTEX_POINT('',#3985);
#3985 = CARTESIAN_POINT('',(74.7025,-64.965,0.));
#3986 = CIRCLE('',#3987,1.525);
#3987 = AXIS2_PLACEMENT_3D('',#3988,#3989,#3990);
#3988 = CARTESIAN_POINT('',(74.7025,-63.44,0.));
#3989 = DIRECTION('',(-0.,0.,-1.));
#3990 = DIRECTION('',(-0.,-1.,0.));
#3991 = FACE_BOUND('',#3992,.F.);
#3992 = EDGE_LOOP('',(#3993,#4004,#4012,#4021));
#3993 = ORIENTED_EDGE('',*,*,#3994,.T.);
#3994 = EDGE_CURVE('',#3995,#3997,#3999,.T.);
#3995 = VERTEX_POINT('',#3996);
#3996 = CARTESIAN_POINT('',(77.68,-51.255,0.));
#3997 = VERTEX_POINT('',#3998);
#3998 = CARTESIAN_POINT('',(77.08,-51.255,0.));
#3999 = CIRCLE('',#4000,0.3);
#4000 = AXIS2_PLACEMENT_3D('',#4001,#4002,#4003);
#4001 = CARTESIAN_POINT('',(77.38,-51.255,0.));
#4002 = DIRECTION('',(-0.,0.,-1.));
#4003 = DIRECTION('',(-1.,-4.736951571734E-14,0.));
#4004 = ORIENTED_EDGE('',*,*,#4005,.T.);
#4005 = EDGE_CURVE('',#3997,#4006,#4008,.T.);
#4006 = VERTEX_POINT('',#4007);
#4007 = CARTESIAN_POINT('',(77.08,-50.155,0.));
#4008 = LINE('',#4009,#4010);
#4009 = CARTESIAN_POINT('',(77.08,-25.0775,0.));
#4010 = VECTOR('',#4011,1.);
#4011 = DIRECTION('',(-0.,1.,0.));
#4012 = ORIENTED_EDGE('',*,*,#4013,.T.);
#4013 = EDGE_CURVE('',#4006,#4014,#4016,.T.);
#4014 = VERTEX_POINT('',#4015);
#4015 = CARTESIAN_POINT('',(77.68,-50.155,0.));
#4016 = CIRCLE('',#4017,0.3);
#4017 = AXIS2_PLACEMENT_3D('',#4018,#4019,#4020);
#4018 = CARTESIAN_POINT('',(77.38,-50.155,0.));
#4019 = DIRECTION('',(0.,-0.,-1.));
#4020 = DIRECTION('',(1.,0.,-0.));
#4021 = ORIENTED_EDGE('',*,*,#4022,.T.);
#4022 = EDGE_CURVE('',#4014,#3995,#4023,.T.);
#4023 = LINE('',#4024,#4025);
#4024 = CARTESIAN_POINT('',(77.68,-25.6275,0.));
#4025 = VECTOR('',#4026,1.);
#4026 = DIRECTION('',(0.,-1.,0.));
#4027 = FACE_BOUND('',#4028,.F.);
#4028 = EDGE_LOOP('',(#4029));
#4029 = ORIENTED_EDGE('',*,*,#4030,.T.);
#4030 = EDGE_CURVE('',#4031,#4031,#4033,.T.);
#4031 = VERTEX_POINT('',#4032);
#4032 = CARTESIAN_POINT('',(78.81,-50.53,0.));
#4033 = CIRCLE('',#4034,0.325);
#4034 = AXIS2_PLACEMENT_3D('',#4035,#4036,#4037);
#4035 = CARTESIAN_POINT('',(78.81,-50.205,0.));
#4036 = DIRECTION('',(-0.,0.,-1.));
#4037 = DIRECTION('',(-0.,-1.,0.));
#4038 = FACE_BOUND('',#4039,.F.);
#4039 = EDGE_LOOP('',(#4040,#4051,#4059,#4068));
#4040 = ORIENTED_EDGE('',*,*,#4041,.T.);
#4041 = EDGE_CURVE('',#4042,#4044,#4046,.T.);
#4042 = VERTEX_POINT('',#4043);
#4043 = CARTESIAN_POINT('',(77.68,-46.925,0.));
#4044 = VERTEX_POINT('',#4045);
#4045 = CARTESIAN_POINT('',(77.08,-46.925,0.));
#4046 = CIRCLE('',#4047,0.3);
#4047 = AXIS2_PLACEMENT_3D('',#4048,#4049,#4050);
#4048 = CARTESIAN_POINT('',(77.38,-46.925,0.));
#4049 = DIRECTION('',(-0.,0.,-1.));
#4050 = DIRECTION('',(-1.,0.,0.));
#4051 = ORIENTED_EDGE('',*,*,#4052,.T.);
#4052 = EDGE_CURVE('',#4044,#4053,#4055,.T.);
#4053 = VERTEX_POINT('',#4054);
#4054 = CARTESIAN_POINT('',(77.08,-46.125,0.));
#4055 = LINE('',#4056,#4057);
#4056 = CARTESIAN_POINT('',(77.08,-23.0625,0.));
#4057 = VECTOR('',#4058,1.);
#4058 = DIRECTION('',(-0.,1.,0.));
#4059 = ORIENTED_EDGE('',*,*,#4060,.T.);
#4060 = EDGE_CURVE('',#4053,#4061,#4063,.T.);
#4061 = VERTEX_POINT('',#4062);
#4062 = CARTESIAN_POINT('',(77.68,-46.125,0.));
#4063 = CIRCLE('',#4064,0.3);
#4064 = AXIS2_PLACEMENT_3D('',#4065,#4066,#4067);
#4065 = CARTESIAN_POINT('',(77.38,-46.125,0.));
#4066 = DIRECTION('',(0.,-0.,-1.));
#4067 = DIRECTION('',(1.,4.736951571734E-14,-0.));
#4068 = ORIENTED_EDGE('',*,*,#4069,.T.);
#4069 = EDGE_CURVE('',#4061,#4042,#4070,.T.);
#4070 = LINE('',#4071,#4072);
#4071 = CARTESIAN_POINT('',(77.68,-23.4625,0.));
#4072 = VECTOR('',#4073,1.);
#4073 = DIRECTION('',(0.,-1.,0.));
#4074 = FACE_BOUND('',#4075,.F.);
#4075 = EDGE_LOOP('',(#4076));
#4076 = ORIENTED_EDGE('',*,*,#4077,.T.);
#4077 = EDGE_CURVE('',#4078,#4078,#4080,.T.);
#4078 = VERTEX_POINT('',#4079);
#4079 = CARTESIAN_POINT('',(86.1325,-88.445,0.));
#4080 = CIRCLE('',#4081,0.875);
#4081 = AXIS2_PLACEMENT_3D('',#4082,#4083,#4084);
#4082 = CARTESIAN_POINT('',(86.1325,-87.57,0.));
#4083 = DIRECTION('',(-0.,0.,-1.));
#4084 = DIRECTION('',(-0.,-1.,0.));
#4085 = FACE_BOUND('',#4086,.F.);
#4086 = EDGE_LOOP('',(#4087,#4098,#4107,#4115,#4123,#4132,#4141,#4150,
    #4158,#4166,#4175,#4184,#4193,#4201,#4209,#4218,#4227,#4236,#4244,
    #4252));
#4087 = ORIENTED_EDGE('',*,*,#4088,.F.);
#4088 = EDGE_CURVE('',#4089,#4091,#4093,.T.);
#4089 = VERTEX_POINT('',#4090);
#4090 = CARTESIAN_POINT('',(92.956434,-91.793345,0.));
#4091 = VERTEX_POINT('',#4092);
#4092 = CARTESIAN_POINT('',(92.269155,-91.106066,0.));
#4093 = CIRCLE('',#4094,0.499999603944);
#4094 = AXIS2_PLACEMENT_3D('',#4095,#4096,#4097);
#4095 = CARTESIAN_POINT('',(92.52965788946,-91.53284211054,0.));
#4096 = DIRECTION('',(0.,0.,1.));
#4097 = DIRECTION('',(0.853552897188,-0.521006191616,0.));
#4098 = ORIENTED_EDGE('',*,*,#4099,.F.);
#4099 = EDGE_CURVE('',#4100,#4089,#4102,.T.);
#4100 = VERTEX_POINT('',#4101);
#4101 = CARTESIAN_POINT('',(92.9125,-91.949647,0.));
#4102 = CIRCLE('',#4103,0.299683785035);
#4103 = AXIS2_PLACEMENT_3D('',#4104,#4105,#4106);
#4104 = CARTESIAN_POINT('',(93.212183771747,-91.9495577564,0.));
#4105 = DIRECTION('',(0.,0.,-1.));
#4106 = DIRECTION('',(-0.99999995566,-2.977925315017E-04,-0.));
#4107 = ORIENTED_EDGE('',*,*,#4108,.F.);
#4108 = EDGE_CURVE('',#4109,#4100,#4111,.T.);
#4109 = VERTEX_POINT('',#4110);
#4110 = CARTESIAN_POINT('',(92.9125,-92.65,0.));
#4111 = LINE('',#4112,#4113);
#4112 = CARTESIAN_POINT('',(92.9125,-92.65,0.));
#4113 = VECTOR('',#4114,1.);
#4114 = DIRECTION('',(0.,1.,0.));
#4115 = ORIENTED_EDGE('',*,*,#4116,.F.);
#4116 = EDGE_CURVE('',#4117,#4109,#4119,.T.);
#4117 = VERTEX_POINT('',#4118);
#4118 = CARTESIAN_POINT('',(92.9125,-93.350353,0.));
#4119 = LINE('',#4120,#4121);
#4120 = CARTESIAN_POINT('',(92.9125,-93.350353,0.));
#4121 = VECTOR('',#4122,1.);
#4122 = DIRECTION('',(0.,1.,0.));
#4123 = ORIENTED_EDGE('',*,*,#4124,.F.);
#4124 = EDGE_CURVE('',#4125,#4117,#4127,.T.);
#4125 = VERTEX_POINT('',#4126);
#4126 = CARTESIAN_POINT('',(92.956434,-93.506655,0.));
#4127 = CIRCLE('',#4128,0.299966762338);
#4128 = AXIS2_PLACEMENT_3D('',#4129,#4130,#4131);
#4129 = CARTESIAN_POINT('',(93.212466762182,-93.35036269949,0.));
#4130 = DIRECTION('',(0.,0.,-1.));
#4131 = DIRECTION('',(-0.853537105864,-0.521032061311,-0.));
#4132 = ORIENTED_EDGE('',*,*,#4133,.F.);
#4133 = EDGE_CURVE('',#4134,#4125,#4136,.T.);
#4134 = VERTEX_POINT('',#4135);
#4135 = CARTESIAN_POINT('',(92.269155,-94.193934,0.));
#4136 = CIRCLE('',#4137,0.499998734392);
#4137 = AXIS2_PLACEMENT_3D('',#4138,#4139,#4140);
#4138 = CARTESIAN_POINT('',(92.529660504327,-93.76716050432,0.));
#4139 = DIRECTION('',(0.,0.,1.));
#4140 = DIRECTION('',(-0.521012327448,-0.853549151864,0.));
#4141 = ORIENTED_EDGE('',*,*,#4142,.F.);
#4142 = EDGE_CURVE('',#4143,#4134,#4145,.T.);
#4143 = VERTEX_POINT('',#4144);
#4144 = CARTESIAN_POINT('',(92.112853,-94.15,0.));
#4145 = CIRCLE('',#4146,0.300023425677);
#4146 = AXIS2_PLACEMENT_3D('',#4147,#4148,#4149);
#4147 = CARTESIAN_POINT('',(92.112846772307,-94.45002342561,0.));
#4148 = DIRECTION('',(0.,0.,-1.));
#4149 = DIRECTION('',(2.075735503317E-05,0.999999999785,0.));
#4150 = ORIENTED_EDGE('',*,*,#4151,.F.);
#4151 = EDGE_CURVE('',#4152,#4143,#4154,.T.);
#4152 = VERTEX_POINT('',#4153);
#4153 = CARTESIAN_POINT('',(91.2125,-94.15,0.));
#4154 = LINE('',#4155,#4156);
#4155 = CARTESIAN_POINT('',(91.2125,-94.15,0.));
#4156 = VECTOR('',#4157,1.);
#4157 = DIRECTION('',(1.,0.,0.));
#4158 = ORIENTED_EDGE('',*,*,#4159,.F.);
#4159 = EDGE_CURVE('',#4160,#4152,#4162,.T.);
#4160 = VERTEX_POINT('',#4161);
#4161 = CARTESIAN_POINT('',(90.312147,-94.15,0.));
#4162 = LINE('',#4163,#4164);
#4163 = CARTESIAN_POINT('',(90.312147,-94.15,0.));
#4164 = VECTOR('',#4165,1.);
#4165 = DIRECTION('',(1.,0.,0.));
#4166 = ORIENTED_EDGE('',*,*,#4167,.F.);
#4167 = EDGE_CURVE('',#4168,#4160,#4170,.T.);
#4168 = VERTEX_POINT('',#4169);
#4169 = CARTESIAN_POINT('',(90.155845,-94.193934,0.));
#4170 = CIRCLE('',#4171,0.299991600078);
#4171 = AXIS2_PLACEMENT_3D('',#4172,#4173,#4174);
#4172 = CARTESIAN_POINT('',(90.312144282039,-94.44999160006,0.));
#4173 = DIRECTION('',(0.,0.,-1.));
#4174 = DIRECTION('',(-0.521012195004,0.853549232709,0.));
#4175 = ORIENTED_EDGE('',*,*,#4176,.F.);
#4176 = EDGE_CURVE('',#4177,#4168,#4179,.T.);
#4177 = VERTEX_POINT('',#4178);
#4178 = CARTESIAN_POINT('',(89.468566,-93.506655,0.));
#4179 = CIRCLE('',#4180,0.499999603944);
#4180 = AXIS2_PLACEMENT_3D('',#4181,#4182,#4183);
#4181 = CARTESIAN_POINT('',(89.89534211054,-93.76715788946,0.));
#4182 = DIRECTION('',(0.,0.,1.));
#4183 = DIRECTION('',(-0.853552897188,0.521006191616,0.));
#4184 = ORIENTED_EDGE('',*,*,#4185,.F.);
#4185 = EDGE_CURVE('',#4186,#4177,#4188,.T.);
#4186 = VERTEX_POINT('',#4187);
#4187 = CARTESIAN_POINT('',(89.5125,-93.350353,0.));
#4188 = CIRCLE('',#4189,0.299991600078);
#4189 = AXIS2_PLACEMENT_3D('',#4190,#4191,#4192);
#4190 = CARTESIAN_POINT('',(89.212508399935,-93.35035571796,0.));
#4191 = DIRECTION('',(0.,0.,-1.));
#4192 = DIRECTION('',(0.999999999959,9.0601233356E-06,0.));
#4193 = ORIENTED_EDGE('',*,*,#4194,.F.);
#4194 = EDGE_CURVE('',#4195,#4186,#4197,.T.);
#4195 = VERTEX_POINT('',#4196);
#4196 = CARTESIAN_POINT('',(89.5125,-92.65,0.));
#4197 = LINE('',#4198,#4199);
#4198 = CARTESIAN_POINT('',(89.5125,-92.65,0.));
#4199 = VECTOR('',#4200,1.);
#4200 = DIRECTION('',(0.,-1.,0.));
#4201 = ORIENTED_EDGE('',*,*,#4202,.F.);
#4202 = EDGE_CURVE('',#4203,#4195,#4205,.T.);
#4203 = VERTEX_POINT('',#4204);
#4204 = CARTESIAN_POINT('',(89.5125,-91.949647,0.));
#4205 = LINE('',#4206,#4207);
#4206 = CARTESIAN_POINT('',(89.5125,-91.949647,0.));
#4207 = VECTOR('',#4208,1.);
#4208 = DIRECTION('',(0.,-1.,0.));
#4209 = ORIENTED_EDGE('',*,*,#4210,.F.);
#4210 = EDGE_CURVE('',#4211,#4203,#4213,.T.);
#4211 = VERTEX_POINT('',#4212);
#4212 = CARTESIAN_POINT('',(89.468566,-91.793345,0.));
#4213 = CIRCLE('',#4214,0.299991600078);
#4214 = AXIS2_PLACEMENT_3D('',#4215,#4216,#4217);
#4215 = CARTESIAN_POINT('',(89.212508399935,-91.94964428203,0.));
#4216 = DIRECTION('',(0.,0.,-1.));
#4217 = DIRECTION('',(0.853549232709,0.521012195004,0.));
#4218 = ORIENTED_EDGE('',*,*,#4219,.F.);
#4219 = EDGE_CURVE('',#4220,#4211,#4222,.T.);
#4220 = VERTEX_POINT('',#4221);
#4221 = CARTESIAN_POINT('',(90.155845,-91.106066,0.));
#4222 = CIRCLE('',#4223,0.499999603944);
#4223 = AXIS2_PLACEMENT_3D('',#4224,#4225,#4226);
#4224 = CARTESIAN_POINT('',(89.89534211054,-91.53284211054,0.));
#4225 = DIRECTION('',(0.,0.,1.));
#4226 = DIRECTION('',(0.521006191616,0.853552897188,-0.));
#4227 = ORIENTED_EDGE('',*,*,#4228,.F.);
#4228 = EDGE_CURVE('',#4229,#4220,#4231,.T.);
#4229 = VERTEX_POINT('',#4230);
#4230 = CARTESIAN_POINT('',(90.312147,-91.15,0.));
#4231 = CIRCLE('',#4232,0.299991600078);
#4232 = AXIS2_PLACEMENT_3D('',#4233,#4234,#4235);
#4233 = CARTESIAN_POINT('',(90.312144282039,-90.85000839993,0.));
#4234 = DIRECTION('',(0.,0.,-1.));
#4235 = DIRECTION('',(9.060123288227E-06,-0.999999999959,0.));
#4236 = ORIENTED_EDGE('',*,*,#4237,.F.);
#4237 = EDGE_CURVE('',#4238,#4229,#4240,.T.);
#4238 = VERTEX_POINT('',#4239);
#4239 = CARTESIAN_POINT('',(91.2125,-91.15,0.));
#4240 = LINE('',#4241,#4242);
#4241 = CARTESIAN_POINT('',(91.2125,-91.15,0.));
#4242 = VECTOR('',#4243,1.);
#4243 = DIRECTION('',(-1.,0.,0.));
#4244 = ORIENTED_EDGE('',*,*,#4245,.F.);
#4245 = EDGE_CURVE('',#4246,#4238,#4248,.T.);
#4246 = VERTEX_POINT('',#4247);
#4247 = CARTESIAN_POINT('',(92.112853,-91.15,0.));
#4248 = LINE('',#4249,#4250);
#4249 = CARTESIAN_POINT('',(92.112853,-91.15,0.));
#4250 = VECTOR('',#4251,1.);
#4251 = DIRECTION('',(-1.,0.,0.));
#4252 = ORIENTED_EDGE('',*,*,#4253,.F.);
#4253 = EDGE_CURVE('',#4091,#4246,#4254,.T.);
#4254 = CIRCLE('',#4255,0.299966762338);
#4255 = AXIS2_PLACEMENT_3D('',#4256,#4257,#4258);
#4256 = CARTESIAN_POINT('',(92.112862699494,-90.85003323781,0.));
#4257 = DIRECTION('',(0.,0.,-1.));
#4258 = DIRECTION('',(0.521032061311,-0.853537105864,0.));
#4259 = FACE_BOUND('',#4260,.F.);
#4260 = EDGE_LOOP('',(#4261));
#4261 = ORIENTED_EDGE('',*,*,#4262,.T.);
#4262 = EDGE_CURVE('',#4263,#4263,#4265,.T.);
#4263 = VERTEX_POINT('',#4264);
#4264 = CARTESIAN_POINT('',(91.2125,-89.57,0.));
#4265 = CIRCLE('',#4266,2.);
#4266 = AXIS2_PLACEMENT_3D('',#4267,#4268,#4269);
#4267 = CARTESIAN_POINT('',(91.2125,-87.57,0.));
#4268 = DIRECTION('',(-0.,0.,-1.));
#4269 = DIRECTION('',(-0.,-1.,0.));
#4270 = FACE_BOUND('',#4271,.F.);
#4271 = EDGE_LOOP('',(#4272));
#4272 = ORIENTED_EDGE('',*,*,#4273,.T.);
#4273 = EDGE_CURVE('',#4274,#4274,#4276,.T.);
#4274 = VERTEX_POINT('',#4275);
#4275 = CARTESIAN_POINT('',(96.2925,-88.445,0.));
#4276 = CIRCLE('',#4277,0.875);
#4277 = AXIS2_PLACEMENT_3D('',#4278,#4279,#4280);
#4278 = CARTESIAN_POINT('',(96.2925,-87.57,0.));
#4279 = DIRECTION('',(-0.,0.,-1.));
#4280 = DIRECTION('',(-0.,-1.,0.));
#4281 = FACE_BOUND('',#4282,.F.);
#4282 = EDGE_LOOP('',(#4283));
#4283 = ORIENTED_EDGE('',*,*,#4284,.T.);
#4284 = EDGE_CURVE('',#4285,#4285,#4287,.T.);
#4285 = VERTEX_POINT('',#4286);
#4286 = CARTESIAN_POINT('',(87.4025,-86.555,0.));
#4287 = CIRCLE('',#4288,1.525);
#4288 = AXIS2_PLACEMENT_3D('',#4289,#4290,#4291);
#4289 = CARTESIAN_POINT('',(87.4025,-85.03,0.));
#4290 = DIRECTION('',(-0.,0.,-1.));
#4291 = DIRECTION('',(-0.,-1.,0.));
#4292 = FACE_BOUND('',#4293,.F.);
#4293 = EDGE_LOOP('',(#4294,#4305,#4314,#4322,#4330,#4339,#4348,#4357,
    #4365,#4373,#4382,#4391,#4400,#4408,#4416,#4425,#4434,#4443,#4451,
    #4459));
#4294 = ORIENTED_EDGE('',*,*,#4295,.F.);
#4295 = EDGE_CURVE('',#4296,#4298,#4300,.T.);
#4296 = VERTEX_POINT('',#4297);
#4297 = CARTESIAN_POINT('',(92.956434,-72.743345,0.));
#4298 = VERTEX_POINT('',#4299);
#4299 = CARTESIAN_POINT('',(92.269155,-72.056066,0.));
#4300 = CIRCLE('',#4301,0.499999603944);
#4301 = AXIS2_PLACEMENT_3D('',#4302,#4303,#4304);
#4302 = CARTESIAN_POINT('',(92.52965788946,-72.48284211054,0.));
#4303 = DIRECTION('',(0.,0.,1.));
#4304 = DIRECTION('',(0.853552897188,-0.521006191616,0.));
#4305 = ORIENTED_EDGE('',*,*,#4306,.F.);
#4306 = EDGE_CURVE('',#4307,#4296,#4309,.T.);
#4307 = VERTEX_POINT('',#4308);
#4308 = CARTESIAN_POINT('',(92.9125,-72.899647,0.));
#4309 = CIRCLE('',#4310,0.299683785035);
#4310 = AXIS2_PLACEMENT_3D('',#4311,#4312,#4313);
#4311 = CARTESIAN_POINT('',(93.212183771747,-72.8995577564,0.));
#4312 = DIRECTION('',(0.,0.,-1.));
#4313 = DIRECTION('',(-0.99999995566,-2.977925314543E-04,-0.));
#4314 = ORIENTED_EDGE('',*,*,#4315,.F.);
#4315 = EDGE_CURVE('',#4316,#4307,#4318,.T.);
#4316 = VERTEX_POINT('',#4317);
#4317 = CARTESIAN_POINT('',(92.9125,-73.6,0.));
#4318 = LINE('',#4319,#4320);
#4319 = CARTESIAN_POINT('',(92.9125,-73.6,0.));
#4320 = VECTOR('',#4321,1.);
#4321 = DIRECTION('',(0.,1.,0.));
#4322 = ORIENTED_EDGE('',*,*,#4323,.F.);
#4323 = EDGE_CURVE('',#4324,#4316,#4326,.T.);
#4324 = VERTEX_POINT('',#4325);
#4325 = CARTESIAN_POINT('',(92.9125,-74.300353,0.));
#4326 = LINE('',#4327,#4328);
#4327 = CARTESIAN_POINT('',(92.9125,-74.300353,0.));
#4328 = VECTOR('',#4329,1.);
#4329 = DIRECTION('',(0.,1.,0.));
#4330 = ORIENTED_EDGE('',*,*,#4331,.F.);
#4331 = EDGE_CURVE('',#4332,#4324,#4334,.T.);
#4332 = VERTEX_POINT('',#4333);
#4333 = CARTESIAN_POINT('',(92.956434,-74.456655,0.));
#4334 = CIRCLE('',#4335,0.299966762338);
#4335 = AXIS2_PLACEMENT_3D('',#4336,#4337,#4338);
#4336 = CARTESIAN_POINT('',(93.212466762182,-74.30036269949,0.));
#4337 = DIRECTION('',(0.,0.,-1.));
#4338 = DIRECTION('',(-0.853537105864,-0.521032061311,-0.));
#4339 = ORIENTED_EDGE('',*,*,#4340,.F.);
#4340 = EDGE_CURVE('',#4341,#4332,#4343,.T.);
#4341 = VERTEX_POINT('',#4342);
#4342 = CARTESIAN_POINT('',(92.269155,-75.143934,0.));
#4343 = CIRCLE('',#4344,0.499998734392);
#4344 = AXIS2_PLACEMENT_3D('',#4345,#4346,#4347);
#4345 = CARTESIAN_POINT('',(92.529660504327,-74.71716050432,0.));
#4346 = DIRECTION('',(0.,0.,1.));
#4347 = DIRECTION('',(-0.521012327448,-0.853549151864,0.));
#4348 = ORIENTED_EDGE('',*,*,#4349,.F.);
#4349 = EDGE_CURVE('',#4350,#4341,#4352,.T.);
#4350 = VERTEX_POINT('',#4351);
#4351 = CARTESIAN_POINT('',(92.112853,-75.1,0.));
#4352 = CIRCLE('',#4353,0.300023425677);
#4353 = AXIS2_PLACEMENT_3D('',#4354,#4355,#4356);
#4354 = CARTESIAN_POINT('',(92.112846772307,-75.40002342561,0.));
#4355 = DIRECTION('',(0.,0.,-1.));
#4356 = DIRECTION('',(2.075735531735E-05,0.999999999785,0.));
#4357 = ORIENTED_EDGE('',*,*,#4358,.F.);
#4358 = EDGE_CURVE('',#4359,#4350,#4361,.T.);
#4359 = VERTEX_POINT('',#4360);
#4360 = CARTESIAN_POINT('',(91.2125,-75.1,0.));
#4361 = LINE('',#4362,#4363);
#4362 = CARTESIAN_POINT('',(91.2125,-75.1,0.));
#4363 = VECTOR('',#4364,1.);
#4364 = DIRECTION('',(1.,0.,0.));
#4365 = ORIENTED_EDGE('',*,*,#4366,.F.);
#4366 = EDGE_CURVE('',#4367,#4359,#4369,.T.);
#4367 = VERTEX_POINT('',#4368);
#4368 = CARTESIAN_POINT('',(90.312147,-75.1,0.));
#4369 = LINE('',#4370,#4371);
#4370 = CARTESIAN_POINT('',(90.312147,-75.1,0.));
#4371 = VECTOR('',#4372,1.);
#4372 = DIRECTION('',(1.,0.,0.));
#4373 = ORIENTED_EDGE('',*,*,#4374,.F.);
#4374 = EDGE_CURVE('',#4375,#4367,#4377,.T.);
#4375 = VERTEX_POINT('',#4376);
#4376 = CARTESIAN_POINT('',(90.155845,-75.143934,0.));
#4377 = CIRCLE('',#4378,0.299991600078);
#4378 = AXIS2_PLACEMENT_3D('',#4379,#4380,#4381);
#4379 = CARTESIAN_POINT('',(90.312144282039,-75.39999160006,0.));
#4380 = DIRECTION('',(0.,0.,-1.));
#4381 = DIRECTION('',(-0.521012195003,0.853549232709,0.));
#4382 = ORIENTED_EDGE('',*,*,#4383,.F.);
#4383 = EDGE_CURVE('',#4384,#4375,#4386,.T.);
#4384 = VERTEX_POINT('',#4385);
#4385 = CARTESIAN_POINT('',(89.468566,-74.456655,0.));
#4386 = CIRCLE('',#4387,0.499999603944);
#4387 = AXIS2_PLACEMENT_3D('',#4388,#4389,#4390);
#4388 = CARTESIAN_POINT('',(89.89534211054,-74.71715788946,0.));
#4389 = DIRECTION('',(0.,0.,1.));
#4390 = DIRECTION('',(-0.853552897188,0.521006191616,0.));
#4391 = ORIENTED_EDGE('',*,*,#4392,.F.);
#4392 = EDGE_CURVE('',#4393,#4384,#4395,.T.);
#4393 = VERTEX_POINT('',#4394);
#4394 = CARTESIAN_POINT('',(89.5125,-74.300353,0.));
#4395 = CIRCLE('',#4396,0.299991600078);
#4396 = AXIS2_PLACEMENT_3D('',#4397,#4398,#4399);
#4397 = CARTESIAN_POINT('',(89.212508399935,-74.30035571796,0.));
#4398 = DIRECTION('',(0.,0.,-1.));
#4399 = DIRECTION('',(0.999999999959,9.060123382972E-06,0.));
#4400 = ORIENTED_EDGE('',*,*,#4401,.F.);
#4401 = EDGE_CURVE('',#4402,#4393,#4404,.T.);
#4402 = VERTEX_POINT('',#4403);
#4403 = CARTESIAN_POINT('',(89.5125,-73.6,0.));
#4404 = LINE('',#4405,#4406);
#4405 = CARTESIAN_POINT('',(89.5125,-73.6,0.));
#4406 = VECTOR('',#4407,1.);
#4407 = DIRECTION('',(0.,-1.,0.));
#4408 = ORIENTED_EDGE('',*,*,#4409,.F.);
#4409 = EDGE_CURVE('',#4410,#4402,#4412,.T.);
#4410 = VERTEX_POINT('',#4411);
#4411 = CARTESIAN_POINT('',(89.5125,-72.899647,0.));
#4412 = LINE('',#4413,#4414);
#4413 = CARTESIAN_POINT('',(89.5125,-72.899647,0.));
#4414 = VECTOR('',#4415,1.);
#4415 = DIRECTION('',(0.,-1.,0.));
#4416 = ORIENTED_EDGE('',*,*,#4417,.F.);
#4417 = EDGE_CURVE('',#4418,#4410,#4420,.T.);
#4418 = VERTEX_POINT('',#4419);
#4419 = CARTESIAN_POINT('',(89.468566,-72.743345,0.));
#4420 = CIRCLE('',#4421,0.299991600078);
#4421 = AXIS2_PLACEMENT_3D('',#4422,#4423,#4424);
#4422 = CARTESIAN_POINT('',(89.212508399935,-72.89964428203,0.));
#4423 = DIRECTION('',(0.,0.,-1.));
#4424 = DIRECTION('',(0.853549232709,0.521012195003,0.));
#4425 = ORIENTED_EDGE('',*,*,#4426,.F.);
#4426 = EDGE_CURVE('',#4427,#4418,#4429,.T.);
#4427 = VERTEX_POINT('',#4428);
#4428 = CARTESIAN_POINT('',(90.155845,-72.056066,0.));
#4429 = CIRCLE('',#4430,0.499999603944);
#4430 = AXIS2_PLACEMENT_3D('',#4431,#4432,#4433);
#4431 = CARTESIAN_POINT('',(89.89534211054,-72.48284211054,0.));
#4432 = DIRECTION('',(0.,0.,1.));
#4433 = DIRECTION('',(0.521006191616,0.853552897188,-0.));
#4434 = ORIENTED_EDGE('',*,*,#4435,.F.);
#4435 = EDGE_CURVE('',#4436,#4427,#4438,.T.);
#4436 = VERTEX_POINT('',#4437);
#4437 = CARTESIAN_POINT('',(90.312147,-72.1,0.));
#4438 = CIRCLE('',#4439,0.299991600078);
#4439 = AXIS2_PLACEMENT_3D('',#4440,#4441,#4442);
#4440 = CARTESIAN_POINT('',(90.312144282039,-71.80000839993,0.));
#4441 = DIRECTION('',(0.,0.,-1.));
#4442 = DIRECTION('',(9.060123525087E-06,-0.999999999959,0.));
#4443 = ORIENTED_EDGE('',*,*,#4444,.F.);
#4444 = EDGE_CURVE('',#4445,#4436,#4447,.T.);
#4445 = VERTEX_POINT('',#4446);
#4446 = CARTESIAN_POINT('',(91.2125,-72.1,0.));
#4447 = LINE('',#4448,#4449);
#4448 = CARTESIAN_POINT('',(91.2125,-72.1,0.));
#4449 = VECTOR('',#4450,1.);
#4450 = DIRECTION('',(-1.,0.,0.));
#4451 = ORIENTED_EDGE('',*,*,#4452,.F.);
#4452 = EDGE_CURVE('',#4453,#4445,#4455,.T.);
#4453 = VERTEX_POINT('',#4454);
#4454 = CARTESIAN_POINT('',(92.112853,-72.1,0.));
#4455 = LINE('',#4456,#4457);
#4456 = CARTESIAN_POINT('',(92.112853,-72.1,0.));
#4457 = VECTOR('',#4458,1.);
#4458 = DIRECTION('',(-1.,0.,0.));
#4459 = ORIENTED_EDGE('',*,*,#4460,.F.);
#4460 = EDGE_CURVE('',#4298,#4453,#4461,.T.);
#4461 = CIRCLE('',#4462,0.299966762338);
#4462 = AXIS2_PLACEMENT_3D('',#4463,#4464,#4465);
#4463 = CARTESIAN_POINT('',(92.112862699494,-71.80003323781,0.));
#4464 = DIRECTION('',(0.,0.,-1.));
#4465 = DIRECTION('',(0.521032061311,-0.853537105863,0.));
#4466 = FACE_BOUND('',#4467,.F.);
#4467 = EDGE_LOOP('',(#4468));
#4468 = ORIENTED_EDGE('',*,*,#4469,.T.);
#4469 = EDGE_CURVE('',#4470,#4470,#4472,.T.);
#4470 = VERTEX_POINT('',#4471);
#4471 = CARTESIAN_POINT('',(93.7525,-84.015,0.));
#4472 = CIRCLE('',#4473,1.525);
#4473 = AXIS2_PLACEMENT_3D('',#4474,#4475,#4476);
#4474 = CARTESIAN_POINT('',(93.7525,-82.49,0.));
#4475 = DIRECTION('',(-0.,0.,-1.));
#4476 = DIRECTION('',(-0.,-1.,0.));
#4477 = FACE_BOUND('',#4478,.F.);
#4478 = EDGE_LOOP('',(#4479));
#4479 = ORIENTED_EDGE('',*,*,#4480,.T.);
#4480 = EDGE_CURVE('',#4481,#4481,#4483,.T.);
#4481 = VERTEX_POINT('',#4482);
#4482 = CARTESIAN_POINT('',(105.1825,-88.445,0.));
#4483 = CIRCLE('',#4484,0.875);
#4484 = AXIS2_PLACEMENT_3D('',#4485,#4486,#4487);
#4485 = CARTESIAN_POINT('',(105.1825,-87.57,0.));
#4486 = DIRECTION('',(-0.,0.,-1.));
#4487 = DIRECTION('',(-0.,-1.,0.));
#4488 = FACE_BOUND('',#4489,.F.);
#4489 = EDGE_LOOP('',(#4490,#4501,#4510,#4518,#4526,#4535,#4544,#4553,
    #4561,#4569,#4578,#4587,#4596,#4604,#4612,#4621,#4630,#4639,#4647,
    #4655));
#4490 = ORIENTED_EDGE('',*,*,#4491,.F.);
#4491 = EDGE_CURVE('',#4492,#4494,#4496,.T.);
#4492 = VERTEX_POINT('',#4493);
#4493 = CARTESIAN_POINT('',(112.006434,-91.793345,0.));
#4494 = VERTEX_POINT('',#4495);
#4495 = CARTESIAN_POINT('',(111.319155,-91.106066,0.));
#4496 = CIRCLE('',#4497,0.499999603944);
#4497 = AXIS2_PLACEMENT_3D('',#4498,#4499,#4500);
#4498 = CARTESIAN_POINT('',(111.57965788946,-91.53284211054,0.));
#4499 = DIRECTION('',(0.,0.,1.));
#4500 = DIRECTION('',(0.853552897188,-0.521006191616,0.));
#4501 = ORIENTED_EDGE('',*,*,#4502,.F.);
#4502 = EDGE_CURVE('',#4503,#4492,#4505,.T.);
#4503 = VERTEX_POINT('',#4504);
#4504 = CARTESIAN_POINT('',(111.9625,-91.949647,0.));
#4505 = CIRCLE('',#4506,0.299683785035);
#4506 = AXIS2_PLACEMENT_3D('',#4507,#4508,#4509);
#4507 = CARTESIAN_POINT('',(112.26218377174,-91.9495577564,0.));
#4508 = DIRECTION('',(0.,0.,-1.));
#4509 = DIRECTION('',(-0.99999995566,-2.97792531739E-04,-0.));
#4510 = ORIENTED_EDGE('',*,*,#4511,.F.);
#4511 = EDGE_CURVE('',#4512,#4503,#4514,.T.);
#4512 = VERTEX_POINT('',#4513);
#4513 = CARTESIAN_POINT('',(111.9625,-92.65,0.));
#4514 = LINE('',#4515,#4516);
#4515 = CARTESIAN_POINT('',(111.9625,-92.65,0.));
#4516 = VECTOR('',#4517,1.);
#4517 = DIRECTION('',(0.,1.,0.));
#4518 = ORIENTED_EDGE('',*,*,#4519,.F.);
#4519 = EDGE_CURVE('',#4520,#4512,#4522,.T.);
#4520 = VERTEX_POINT('',#4521);
#4521 = CARTESIAN_POINT('',(111.9625,-93.350353,0.));
#4522 = LINE('',#4523,#4524);
#4523 = CARTESIAN_POINT('',(111.9625,-93.350353,0.));
#4524 = VECTOR('',#4525,1.);
#4525 = DIRECTION('',(0.,1.,0.));
#4526 = ORIENTED_EDGE('',*,*,#4527,.F.);
#4527 = EDGE_CURVE('',#4528,#4520,#4530,.T.);
#4528 = VERTEX_POINT('',#4529);
#4529 = CARTESIAN_POINT('',(112.006434,-93.506655,0.));
#4530 = CIRCLE('',#4531,0.299966762338);
#4531 = AXIS2_PLACEMENT_3D('',#4532,#4533,#4534);
#4532 = CARTESIAN_POINT('',(112.26246676218,-93.35036269949,0.));
#4533 = DIRECTION('',(0.,0.,-1.));
#4534 = DIRECTION('',(-0.853537105864,-0.521032061311,-0.));
#4535 = ORIENTED_EDGE('',*,*,#4536,.F.);
#4536 = EDGE_CURVE('',#4537,#4528,#4539,.T.);
#4537 = VERTEX_POINT('',#4538);
#4538 = CARTESIAN_POINT('',(111.319155,-94.193934,0.));
#4539 = CIRCLE('',#4540,0.499998734392);
#4540 = AXIS2_PLACEMENT_3D('',#4541,#4542,#4543);
#4541 = CARTESIAN_POINT('',(111.57966050432,-93.76716050432,0.));
#4542 = DIRECTION('',(0.,0.,1.));
#4543 = DIRECTION('',(-0.521012327448,-0.853549151864,0.));
#4544 = ORIENTED_EDGE('',*,*,#4545,.F.);
#4545 = EDGE_CURVE('',#4546,#4537,#4548,.T.);
#4546 = VERTEX_POINT('',#4547);
#4547 = CARTESIAN_POINT('',(111.162853,-94.15,0.));
#4548 = CIRCLE('',#4549,0.300023425677);
#4549 = AXIS2_PLACEMENT_3D('',#4550,#4551,#4552);
#4550 = CARTESIAN_POINT('',(111.1628467723,-94.45002342561,0.));
#4551 = DIRECTION('',(0.,0.,-1.));
#4552 = DIRECTION('',(2.07573551279E-05,0.999999999785,0.));
#4553 = ORIENTED_EDGE('',*,*,#4554,.F.);
#4554 = EDGE_CURVE('',#4555,#4546,#4557,.T.);
#4555 = VERTEX_POINT('',#4556);
#4556 = CARTESIAN_POINT('',(110.2625,-94.15,0.));
#4557 = LINE('',#4558,#4559);
#4558 = CARTESIAN_POINT('',(110.2625,-94.15,0.));
#4559 = VECTOR('',#4560,1.);
#4560 = DIRECTION('',(1.,0.,0.));
#4561 = ORIENTED_EDGE('',*,*,#4562,.F.);
#4562 = EDGE_CURVE('',#4563,#4555,#4565,.T.);
#4563 = VERTEX_POINT('',#4564);
#4564 = CARTESIAN_POINT('',(109.362147,-94.15,0.));
#4565 = LINE('',#4566,#4567);
#4566 = CARTESIAN_POINT('',(109.362147,-94.15,0.));
#4567 = VECTOR('',#4568,1.);
#4568 = DIRECTION('',(1.,0.,0.));
#4569 = ORIENTED_EDGE('',*,*,#4570,.F.);
#4570 = EDGE_CURVE('',#4571,#4563,#4573,.T.);
#4571 = VERTEX_POINT('',#4572);
#4572 = CARTESIAN_POINT('',(109.205845,-94.193934,0.));
#4573 = CIRCLE('',#4574,0.299991600078);
#4574 = AXIS2_PLACEMENT_3D('',#4575,#4576,#4577);
#4575 = CARTESIAN_POINT('',(109.36214428203,-94.44999160006,0.));
#4576 = DIRECTION('',(0.,0.,-1.));
#4577 = DIRECTION('',(-0.521012195003,0.853549232709,0.));
#4578 = ORIENTED_EDGE('',*,*,#4579,.F.);
#4579 = EDGE_CURVE('',#4580,#4571,#4582,.T.);
#4580 = VERTEX_POINT('',#4581);
#4581 = CARTESIAN_POINT('',(108.518566,-93.506655,0.));
#4582 = CIRCLE('',#4583,0.499999603944);
#4583 = AXIS2_PLACEMENT_3D('',#4584,#4585,#4586);
#4584 = CARTESIAN_POINT('',(108.94534211054,-93.76715788946,0.));
#4585 = DIRECTION('',(0.,0.,1.));
#4586 = DIRECTION('',(-0.853552897188,0.521006191616,0.));
#4587 = ORIENTED_EDGE('',*,*,#4588,.F.);
#4588 = EDGE_CURVE('',#4589,#4580,#4591,.T.);
#4589 = VERTEX_POINT('',#4590);
#4590 = CARTESIAN_POINT('',(108.5625,-93.350353,0.));
#4591 = CIRCLE('',#4592,0.299991600078);
#4592 = AXIS2_PLACEMENT_3D('',#4593,#4594,#4595);
#4593 = CARTESIAN_POINT('',(108.26250839993,-93.35035571796,0.));
#4594 = DIRECTION('',(0.,0.,-1.));
#4595 = DIRECTION('',(0.999999999959,9.060123572459E-06,0.));
#4596 = ORIENTED_EDGE('',*,*,#4597,.F.);
#4597 = EDGE_CURVE('',#4598,#4589,#4600,.T.);
#4598 = VERTEX_POINT('',#4599);
#4599 = CARTESIAN_POINT('',(108.5625,-92.65,0.));
#4600 = LINE('',#4601,#4602);
#4601 = CARTESIAN_POINT('',(108.5625,-92.65,0.));
#4602 = VECTOR('',#4603,1.);
#4603 = DIRECTION('',(0.,-1.,0.));
#4604 = ORIENTED_EDGE('',*,*,#4605,.F.);
#4605 = EDGE_CURVE('',#4606,#4598,#4608,.T.);
#4606 = VERTEX_POINT('',#4607);
#4607 = CARTESIAN_POINT('',(108.5625,-91.949647,0.));
#4608 = LINE('',#4609,#4610);
#4609 = CARTESIAN_POINT('',(108.5625,-91.949647,0.));
#4610 = VECTOR('',#4611,1.);
#4611 = DIRECTION('',(0.,-1.,0.));
#4612 = ORIENTED_EDGE('',*,*,#4613,.F.);
#4613 = EDGE_CURVE('',#4614,#4606,#4616,.T.);
#4614 = VERTEX_POINT('',#4615);
#4615 = CARTESIAN_POINT('',(108.518566,-91.793345,0.));
#4616 = CIRCLE('',#4617,0.299991600077);
#4617 = AXIS2_PLACEMENT_3D('',#4618,#4619,#4620);
#4618 = CARTESIAN_POINT('',(108.26250839993,-91.94964428203,0.));
#4619 = DIRECTION('',(0.,0.,-1.));
#4620 = DIRECTION('',(0.853549232709,0.521012195004,0.));
#4621 = ORIENTED_EDGE('',*,*,#4622,.F.);
#4622 = EDGE_CURVE('',#4623,#4614,#4625,.T.);
#4623 = VERTEX_POINT('',#4624);
#4624 = CARTESIAN_POINT('',(109.205845,-91.106066,0.));
#4625 = CIRCLE('',#4626,0.499999603944);
#4626 = AXIS2_PLACEMENT_3D('',#4627,#4628,#4629);
#4627 = CARTESIAN_POINT('',(108.94534211054,-91.53284211054,0.));
#4628 = DIRECTION('',(0.,0.,1.));
#4629 = DIRECTION('',(0.521006191616,0.853552897188,-0.));
#4630 = ORIENTED_EDGE('',*,*,#4631,.F.);
#4631 = EDGE_CURVE('',#4632,#4623,#4634,.T.);
#4632 = VERTEX_POINT('',#4633);
#4633 = CARTESIAN_POINT('',(109.362147,-91.15,0.));
#4634 = CIRCLE('',#4635,0.299991600078);
#4635 = AXIS2_PLACEMENT_3D('',#4636,#4637,#4638);
#4636 = CARTESIAN_POINT('',(109.36214428203,-90.85000839993,0.));
#4637 = DIRECTION('',(0.,0.,-1.));
#4638 = DIRECTION('',(9.060123240854E-06,-0.999999999959,0.));
#4639 = ORIENTED_EDGE('',*,*,#4640,.F.);
#4640 = EDGE_CURVE('',#4641,#4632,#4643,.T.);
#4641 = VERTEX_POINT('',#4642);
#4642 = CARTESIAN_POINT('',(110.2625,-91.15,0.));
#4643 = LINE('',#4644,#4645);
#4644 = CARTESIAN_POINT('',(110.2625,-91.15,0.));
#4645 = VECTOR('',#4646,1.);
#4646 = DIRECTION('',(-1.,0.,0.));
#4647 = ORIENTED_EDGE('',*,*,#4648,.F.);
#4648 = EDGE_CURVE('',#4649,#4641,#4651,.T.);
#4649 = VERTEX_POINT('',#4650);
#4650 = CARTESIAN_POINT('',(111.162853,-91.15,0.));
#4651 = LINE('',#4652,#4653);
#4652 = CARTESIAN_POINT('',(111.162853,-91.15,0.));
#4653 = VECTOR('',#4654,1.);
#4654 = DIRECTION('',(-1.,0.,0.));
#4655 = ORIENTED_EDGE('',*,*,#4656,.F.);
#4656 = EDGE_CURVE('',#4494,#4649,#4657,.T.);
#4657 = CIRCLE('',#4658,0.299966762338);
#4658 = AXIS2_PLACEMENT_3D('',#4659,#4660,#4661);
#4659 = CARTESIAN_POINT('',(111.16286269949,-90.85003323781,0.));
#4660 = DIRECTION('',(0.,0.,-1.));
#4661 = DIRECTION('',(0.521032061311,-0.853537105864,0.));
#4662 = FACE_BOUND('',#4663,.F.);
#4663 = EDGE_LOOP('',(#4664));
#4664 = ORIENTED_EDGE('',*,*,#4665,.T.);
#4665 = EDGE_CURVE('',#4666,#4666,#4668,.T.);
#4666 = VERTEX_POINT('',#4667);
#4667 = CARTESIAN_POINT('',(110.2625,-89.57,0.));
#4668 = CIRCLE('',#4669,2.);
#4669 = AXIS2_PLACEMENT_3D('',#4670,#4671,#4672);
#4670 = CARTESIAN_POINT('',(110.2625,-87.57,0.));
#4671 = DIRECTION('',(-0.,0.,-1.));
#4672 = DIRECTION('',(-0.,-1.,0.));
#4673 = FACE_BOUND('',#4674,.F.);
#4674 = EDGE_LOOP('',(#4675));
#4675 = ORIENTED_EDGE('',*,*,#4676,.T.);
#4676 = EDGE_CURVE('',#4677,#4677,#4679,.T.);
#4677 = VERTEX_POINT('',#4678);
#4678 = CARTESIAN_POINT('',(115.3425,-88.445,0.));
#4679 = CIRCLE('',#4680,0.875);
#4680 = AXIS2_PLACEMENT_3D('',#4681,#4682,#4683);
#4681 = CARTESIAN_POINT('',(115.3425,-87.57,0.));
#4682 = DIRECTION('',(-0.,0.,-1.));
#4683 = DIRECTION('',(-0.,-1.,0.));
#4684 = FACE_BOUND('',#4685,.F.);
#4685 = EDGE_LOOP('',(#4686));
#4686 = ORIENTED_EDGE('',*,*,#4687,.T.);
#4687 = EDGE_CURVE('',#4688,#4688,#4690,.T.);
#4688 = VERTEX_POINT('',#4689);
#4689 = CARTESIAN_POINT('',(106.4525,-86.555,0.));
#4690 = CIRCLE('',#4691,1.525);
#4691 = AXIS2_PLACEMENT_3D('',#4692,#4693,#4694);
#4692 = CARTESIAN_POINT('',(106.4525,-85.03,0.));
#4693 = DIRECTION('',(-0.,0.,-1.));
#4694 = DIRECTION('',(-0.,-1.,0.));
#4695 = FACE_BOUND('',#4696,.F.);
#4696 = EDGE_LOOP('',(#4697));
#4697 = ORIENTED_EDGE('',*,*,#4698,.T.);
#4698 = EDGE_CURVE('',#4699,#4699,#4701,.T.);
#4699 = VERTEX_POINT('',#4700);
#4700 = CARTESIAN_POINT('',(112.8025,-84.015,0.));
#4701 = CIRCLE('',#4702,1.525);
#4702 = AXIS2_PLACEMENT_3D('',#4703,#4704,#4705);
#4703 = CARTESIAN_POINT('',(112.8025,-82.49,0.));
#4704 = DIRECTION('',(-0.,0.,-1.));
#4705 = DIRECTION('',(-9.31859325587E-15,-1.,0.));
#4706 = FACE_BOUND('',#4707,.F.);
#4707 = EDGE_LOOP('',(#4708,#4719,#4728,#4736,#4744,#4753,#4762,#4771,
    #4779,#4787,#4796,#4805,#4814,#4822,#4830,#4839,#4848,#4857,#4865,
    #4873));
#4708 = ORIENTED_EDGE('',*,*,#4709,.F.);
#4709 = EDGE_CURVE('',#4710,#4712,#4714,.T.);
#4710 = VERTEX_POINT('',#4711);
#4711 = CARTESIAN_POINT('',(112.006434,-72.743345,0.));
#4712 = VERTEX_POINT('',#4713);
#4713 = CARTESIAN_POINT('',(111.319155,-72.056066,0.));
#4714 = CIRCLE('',#4715,0.499999603944);
#4715 = AXIS2_PLACEMENT_3D('',#4716,#4717,#4718);
#4716 = CARTESIAN_POINT('',(111.57965788946,-72.48284211054,0.));
#4717 = DIRECTION('',(0.,0.,1.));
#4718 = DIRECTION('',(0.853552897188,-0.521006191616,0.));
#4719 = ORIENTED_EDGE('',*,*,#4720,.F.);
#4720 = EDGE_CURVE('',#4721,#4710,#4723,.T.);
#4721 = VERTEX_POINT('',#4722);
#4722 = CARTESIAN_POINT('',(111.9625,-72.899647,0.));
#4723 = CIRCLE('',#4724,0.299683785035);
#4724 = AXIS2_PLACEMENT_3D('',#4725,#4726,#4727);
#4725 = CARTESIAN_POINT('',(112.26218377174,-72.8995577564,0.));
#4726 = DIRECTION('',(0.,0.,-1.));
#4727 = DIRECTION('',(-0.99999995566,-2.977925316915E-04,-0.));
#4728 = ORIENTED_EDGE('',*,*,#4729,.F.);
#4729 = EDGE_CURVE('',#4730,#4721,#4732,.T.);
#4730 = VERTEX_POINT('',#4731);
#4731 = CARTESIAN_POINT('',(111.9625,-73.6,0.));
#4732 = LINE('',#4733,#4734);
#4733 = CARTESIAN_POINT('',(111.9625,-73.6,0.));
#4734 = VECTOR('',#4735,1.);
#4735 = DIRECTION('',(0.,1.,0.));
#4736 = ORIENTED_EDGE('',*,*,#4737,.F.);
#4737 = EDGE_CURVE('',#4738,#4730,#4740,.T.);
#4738 = VERTEX_POINT('',#4739);
#4739 = CARTESIAN_POINT('',(111.9625,-74.300353,0.));
#4740 = LINE('',#4741,#4742);
#4741 = CARTESIAN_POINT('',(111.9625,-74.300353,0.));
#4742 = VECTOR('',#4743,1.);
#4743 = DIRECTION('',(0.,1.,0.));
#4744 = ORIENTED_EDGE('',*,*,#4745,.F.);
#4745 = EDGE_CURVE('',#4746,#4738,#4748,.T.);
#4746 = VERTEX_POINT('',#4747);
#4747 = CARTESIAN_POINT('',(112.006434,-74.456655,0.));
#4748 = CIRCLE('',#4749,0.299966762338);
#4749 = AXIS2_PLACEMENT_3D('',#4750,#4751,#4752);
#4750 = CARTESIAN_POINT('',(112.26246676218,-74.30036269949,0.));
#4751 = DIRECTION('',(0.,0.,-1.));
#4752 = DIRECTION('',(-0.853537105863,-0.521032061311,-0.));
#4753 = ORIENTED_EDGE('',*,*,#4754,.F.);
#4754 = EDGE_CURVE('',#4755,#4746,#4757,.T.);
#4755 = VERTEX_POINT('',#4756);
#4756 = CARTESIAN_POINT('',(111.319155,-75.143934,0.));
#4757 = CIRCLE('',#4758,0.499998734392);
#4758 = AXIS2_PLACEMENT_3D('',#4759,#4760,#4761);
#4759 = CARTESIAN_POINT('',(111.57966050432,-74.71716050432,0.));
#4760 = DIRECTION('',(0.,0.,1.));
#4761 = DIRECTION('',(-0.521012327448,-0.853549151864,0.));
#4762 = ORIENTED_EDGE('',*,*,#4763,.F.);
#4763 = EDGE_CURVE('',#4764,#4755,#4766,.T.);
#4764 = VERTEX_POINT('',#4765);
#4765 = CARTESIAN_POINT('',(111.162853,-75.1,0.));
#4766 = CIRCLE('',#4767,0.300023425677);
#4767 = AXIS2_PLACEMENT_3D('',#4768,#4769,#4770);
#4768 = CARTESIAN_POINT('',(111.1628467723,-75.40002342561,0.));
#4769 = DIRECTION('',(0.,0.,-1.));
#4770 = DIRECTION('',(2.075735541208E-05,0.999999999785,0.));
#4771 = ORIENTED_EDGE('',*,*,#4772,.F.);
#4772 = EDGE_CURVE('',#4773,#4764,#4775,.T.);
#4773 = VERTEX_POINT('',#4774);
#4774 = CARTESIAN_POINT('',(110.2625,-75.1,0.));
#4775 = LINE('',#4776,#4777);
#4776 = CARTESIAN_POINT('',(110.2625,-75.1,0.));
#4777 = VECTOR('',#4778,1.);
#4778 = DIRECTION('',(1.,0.,0.));
#4779 = ORIENTED_EDGE('',*,*,#4780,.F.);
#4780 = EDGE_CURVE('',#4781,#4773,#4783,.T.);
#4781 = VERTEX_POINT('',#4782);
#4782 = CARTESIAN_POINT('',(109.362147,-75.1,0.));
#4783 = LINE('',#4784,#4785);
#4784 = CARTESIAN_POINT('',(109.362147,-75.1,0.));
#4785 = VECTOR('',#4786,1.);
#4786 = DIRECTION('',(1.,0.,0.));
#4787 = ORIENTED_EDGE('',*,*,#4788,.F.);
#4788 = EDGE_CURVE('',#4789,#4781,#4791,.T.);
#4789 = VERTEX_POINT('',#4790);
#4790 = CARTESIAN_POINT('',(109.205845,-75.143934,0.));
#4791 = CIRCLE('',#4792,0.299991600078);
#4792 = AXIS2_PLACEMENT_3D('',#4793,#4794,#4795);
#4793 = CARTESIAN_POINT('',(109.36214428203,-75.39999160006,0.));
#4794 = DIRECTION('',(0.,0.,-1.));
#4795 = DIRECTION('',(-0.521012195003,0.853549232709,0.));
#4796 = ORIENTED_EDGE('',*,*,#4797,.F.);
#4797 = EDGE_CURVE('',#4798,#4789,#4800,.T.);
#4798 = VERTEX_POINT('',#4799);
#4799 = CARTESIAN_POINT('',(108.518566,-74.456655,0.));
#4800 = CIRCLE('',#4801,0.499999603944);
#4801 = AXIS2_PLACEMENT_3D('',#4802,#4803,#4804);
#4802 = CARTESIAN_POINT('',(108.94534211054,-74.71715788946,0.));
#4803 = DIRECTION('',(0.,0.,1.));
#4804 = DIRECTION('',(-0.853552897188,0.521006191616,0.));
#4805 = ORIENTED_EDGE('',*,*,#4806,.F.);
#4806 = EDGE_CURVE('',#4807,#4798,#4809,.T.);
#4807 = VERTEX_POINT('',#4808);
#4808 = CARTESIAN_POINT('',(108.5625,-74.300353,0.));
#4809 = CIRCLE('',#4810,0.299991600077);
#4810 = AXIS2_PLACEMENT_3D('',#4811,#4812,#4813);
#4811 = CARTESIAN_POINT('',(108.26250839993,-74.30035571796,0.));
#4812 = DIRECTION('',(0.,0.,-1.));
#4813 = DIRECTION('',(0.999999999959,9.060123667203E-06,0.));
#4814 = ORIENTED_EDGE('',*,*,#4815,.F.);
#4815 = EDGE_CURVE('',#4816,#4807,#4818,.T.);
#4816 = VERTEX_POINT('',#4817);
#4817 = CARTESIAN_POINT('',(108.5625,-73.6,0.));
#4818 = LINE('',#4819,#4820);
#4819 = CARTESIAN_POINT('',(108.5625,-73.6,0.));
#4820 = VECTOR('',#4821,1.);
#4821 = DIRECTION('',(0.,-1.,0.));
#4822 = ORIENTED_EDGE('',*,*,#4823,.F.);
#4823 = EDGE_CURVE('',#4824,#4816,#4826,.T.);
#4824 = VERTEX_POINT('',#4825);
#4825 = CARTESIAN_POINT('',(108.5625,-72.899647,0.));
#4826 = LINE('',#4827,#4828);
#4827 = CARTESIAN_POINT('',(108.5625,-72.899647,0.));
#4828 = VECTOR('',#4829,1.);
#4829 = DIRECTION('',(0.,-1.,0.));
#4830 = ORIENTED_EDGE('',*,*,#4831,.F.);
#4831 = EDGE_CURVE('',#4832,#4824,#4834,.T.);
#4832 = VERTEX_POINT('',#4833);
#4833 = CARTESIAN_POINT('',(108.518566,-72.743345,0.));
#4834 = CIRCLE('',#4835,0.299991600078);
#4835 = AXIS2_PLACEMENT_3D('',#4836,#4837,#4838);
#4836 = CARTESIAN_POINT('',(108.26250839993,-72.89964428203,0.));
#4837 = DIRECTION('',(0.,0.,-1.));
#4838 = DIRECTION('',(0.853549232709,0.521012195004,0.));
#4839 = ORIENTED_EDGE('',*,*,#4840,.F.);
#4840 = EDGE_CURVE('',#4841,#4832,#4843,.T.);
#4841 = VERTEX_POINT('',#4842);
#4842 = CARTESIAN_POINT('',(109.205845,-72.056066,0.));
#4843 = CIRCLE('',#4844,0.499999603944);
#4844 = AXIS2_PLACEMENT_3D('',#4845,#4846,#4847);
#4845 = CARTESIAN_POINT('',(108.94534211054,-72.48284211054,0.));
#4846 = DIRECTION('',(0.,0.,1.));
#4847 = DIRECTION('',(0.521006191616,0.853552897188,-0.));
#4848 = ORIENTED_EDGE('',*,*,#4849,.F.);
#4849 = EDGE_CURVE('',#4850,#4841,#4852,.T.);
#4850 = VERTEX_POINT('',#4851);
#4851 = CARTESIAN_POINT('',(109.362147,-72.1,0.));
#4852 = CIRCLE('',#4853,0.299991600078);
#4853 = AXIS2_PLACEMENT_3D('',#4854,#4855,#4856);
#4854 = CARTESIAN_POINT('',(109.36214428203,-71.80000839993,0.));
#4855 = DIRECTION('',(0.,0.,-1.));
#4856 = DIRECTION('',(9.060123525085E-06,-0.999999999959,0.));
#4857 = ORIENTED_EDGE('',*,*,#4858,.F.);
#4858 = EDGE_CURVE('',#4859,#4850,#4861,.T.);
#4859 = VERTEX_POINT('',#4860);
#4860 = CARTESIAN_POINT('',(110.2625,-72.1,0.));
#4861 = LINE('',#4862,#4863);
#4862 = CARTESIAN_POINT('',(110.2625,-72.1,0.));
#4863 = VECTOR('',#4864,1.);
#4864 = DIRECTION('',(-1.,0.,0.));
#4865 = ORIENTED_EDGE('',*,*,#4866,.F.);
#4866 = EDGE_CURVE('',#4867,#4859,#4869,.T.);
#4867 = VERTEX_POINT('',#4868);
#4868 = CARTESIAN_POINT('',(111.162853,-72.1,0.));
#4869 = LINE('',#4870,#4871);
#4870 = CARTESIAN_POINT('',(111.162853,-72.1,0.));
#4871 = VECTOR('',#4872,1.);
#4872 = DIRECTION('',(-1.,0.,0.));
#4873 = ORIENTED_EDGE('',*,*,#4874,.F.);
#4874 = EDGE_CURVE('',#4712,#4867,#4875,.T.);
#4875 = CIRCLE('',#4876,0.299966762338);
#4876 = AXIS2_PLACEMENT_3D('',#4877,#4878,#4879);
#4877 = CARTESIAN_POINT('',(111.16286269949,-71.80003323781,0.));
#4878 = DIRECTION('',(0.,0.,-1.));
#4879 = DIRECTION('',(0.521032061311,-0.853537105864,0.));
#4880 = FACE_BOUND('',#4881,.F.);
#4881 = EDGE_LOOP('',(#4882));
#4882 = ORIENTED_EDGE('',*,*,#4883,.T.);
#4883 = EDGE_CURVE('',#4884,#4884,#4886,.T.);
#4884 = VERTEX_POINT('',#4885);
#4885 = CARTESIAN_POINT('',(86.1325,-69.395,0.));
#4886 = CIRCLE('',#4887,0.875);
#4887 = AXIS2_PLACEMENT_3D('',#4888,#4889,#4890);
#4888 = CARTESIAN_POINT('',(86.1325,-68.52,0.));
#4889 = DIRECTION('',(-0.,0.,-1.));
#4890 = DIRECTION('',(-0.,-1.,0.));
#4891 = FACE_BOUND('',#4892,.F.);
#4892 = EDGE_LOOP('',(#4893));
#4893 = ORIENTED_EDGE('',*,*,#4894,.T.);
#4894 = EDGE_CURVE('',#4895,#4895,#4897,.T.);
#4895 = VERTEX_POINT('',#4896);
#4896 = CARTESIAN_POINT('',(91.2125,-70.52,0.));
#4897 = CIRCLE('',#4898,2.);
#4898 = AXIS2_PLACEMENT_3D('',#4899,#4900,#4901);
#4899 = CARTESIAN_POINT('',(91.2125,-68.52,0.));
#4900 = DIRECTION('',(-0.,0.,-1.));
#4901 = DIRECTION('',(-0.,-1.,0.));
#4902 = FACE_BOUND('',#4903,.F.);
#4903 = EDGE_LOOP('',(#4904));
#4904 = ORIENTED_EDGE('',*,*,#4905,.T.);
#4905 = EDGE_CURVE('',#4906,#4906,#4908,.T.);
#4906 = VERTEX_POINT('',#4907);
#4907 = CARTESIAN_POINT('',(87.4025,-67.505,0.));
#4908 = CIRCLE('',#4909,1.525);
#4909 = AXIS2_PLACEMENT_3D('',#4910,#4911,#4912);
#4910 = CARTESIAN_POINT('',(87.4025,-65.98,0.));
#4911 = DIRECTION('',(-0.,0.,-1.));
#4912 = DIRECTION('',(-0.,-1.,0.));
#4913 = FACE_BOUND('',#4914,.F.);
#4914 = EDGE_LOOP('',(#4915));
#4915 = ORIENTED_EDGE('',*,*,#4916,.T.);
#4916 = EDGE_CURVE('',#4917,#4917,#4919,.T.);
#4917 = VERTEX_POINT('',#4918);
#4918 = CARTESIAN_POINT('',(96.2925,-69.395,0.));
#4919 = CIRCLE('',#4920,0.875);
#4920 = AXIS2_PLACEMENT_3D('',#4921,#4922,#4923);
#4921 = CARTESIAN_POINT('',(96.2925,-68.52,0.));
#4922 = DIRECTION('',(-0.,0.,-1.));
#4923 = DIRECTION('',(-0.,-1.,0.));
#4924 = FACE_BOUND('',#4925,.F.);
#4925 = EDGE_LOOP('',(#4926));
#4926 = ORIENTED_EDGE('',*,*,#4927,.T.);
#4927 = EDGE_CURVE('',#4928,#4928,#4930,.T.);
#4928 = VERTEX_POINT('',#4929);
#4929 = CARTESIAN_POINT('',(93.7525,-64.965,0.));
#4930 = CIRCLE('',#4931,1.525);
#4931 = AXIS2_PLACEMENT_3D('',#4932,#4933,#4934);
#4932 = CARTESIAN_POINT('',(93.7525,-63.44,0.));
#4933 = DIRECTION('',(-0.,0.,-1.));
#4934 = DIRECTION('',(-0.,-1.,0.));
#4935 = FACE_BOUND('',#4936,.F.);
#4936 = EDGE_LOOP('',(#4937));
#4937 = ORIENTED_EDGE('',*,*,#4938,.T.);
#4938 = EDGE_CURVE('',#4939,#4939,#4941,.T.);
#4939 = VERTEX_POINT('',#4940);
#4940 = CARTESIAN_POINT('',(84.825,-57.6,0.));
#4941 = CIRCLE('',#4942,0.5);
#4942 = AXIS2_PLACEMENT_3D('',#4943,#4944,#4945);
#4943 = CARTESIAN_POINT('',(84.825,-57.1,0.));
#4944 = DIRECTION('',(-0.,0.,-1.));
#4945 = DIRECTION('',(-0.,-1.,0.));
#4946 = FACE_BOUND('',#4947,.F.);
#4947 = EDGE_LOOP('',(#4948));
#4948 = ORIENTED_EDGE('',*,*,#4949,.T.);
#4949 = EDGE_CURVE('',#4950,#4950,#4952,.T.);
#4950 = VERTEX_POINT('',#4951);
#4951 = CARTESIAN_POINT('',(87.365,-57.6,0.));
#4952 = CIRCLE('',#4953,0.5);
#4953 = AXIS2_PLACEMENT_3D('',#4954,#4955,#4956);
#4954 = CARTESIAN_POINT('',(87.365,-57.1,0.));
#4955 = DIRECTION('',(-0.,0.,-1.));
#4956 = DIRECTION('',(-0.,-1.,0.));
#4957 = FACE_BOUND('',#4958,.F.);
#4958 = EDGE_LOOP('',(#4959));
#4959 = ORIENTED_EDGE('',*,*,#4960,.T.);
#4960 = EDGE_CURVE('',#4961,#4961,#4963,.T.);
#4961 = VERTEX_POINT('',#4962);
#4962 = CARTESIAN_POINT('',(84.59,-50.53,0.));
#4963 = CIRCLE('',#4964,0.325);
#4964 = AXIS2_PLACEMENT_3D('',#4965,#4966,#4967);
#4965 = CARTESIAN_POINT('',(84.59,-50.205,0.));
#4966 = DIRECTION('',(-0.,0.,-1.));
#4967 = DIRECTION('',(-0.,-1.,0.));
#4968 = FACE_BOUND('',#4969,.F.);
#4969 = EDGE_LOOP('',(#4970,#4981,#4989,#4998));
#4970 = ORIENTED_EDGE('',*,*,#4971,.T.);
#4971 = EDGE_CURVE('',#4972,#4974,#4976,.T.);
#4972 = VERTEX_POINT('',#4973);
#4973 = CARTESIAN_POINT('',(86.32,-51.255,0.));
#4974 = VERTEX_POINT('',#4975);
#4975 = CARTESIAN_POINT('',(85.72,-51.255,0.));
#4976 = CIRCLE('',#4977,0.3);
#4977 = AXIS2_PLACEMENT_3D('',#4978,#4979,#4980);
#4978 = CARTESIAN_POINT('',(86.02,-51.255,0.));
#4979 = DIRECTION('',(-0.,0.,-1.));
#4980 = DIRECTION('',(-1.,2.368475785867E-14,0.));
#4981 = ORIENTED_EDGE('',*,*,#4982,.T.);
#4982 = EDGE_CURVE('',#4974,#4983,#4985,.T.);
#4983 = VERTEX_POINT('',#4984);
#4984 = CARTESIAN_POINT('',(85.72,-50.155,0.));
#4985 = LINE('',#4986,#4987);
#4986 = CARTESIAN_POINT('',(85.72,-25.0775,0.));
#4987 = VECTOR('',#4988,1.);
#4988 = DIRECTION('',(-0.,1.,0.));
#4989 = ORIENTED_EDGE('',*,*,#4990,.T.);
#4990 = EDGE_CURVE('',#4983,#4991,#4993,.T.);
#4991 = VERTEX_POINT('',#4992);
#4992 = CARTESIAN_POINT('',(86.32,-50.155,0.));
#4993 = CIRCLE('',#4994,0.3);
#4994 = AXIS2_PLACEMENT_3D('',#4995,#4996,#4997);
#4995 = CARTESIAN_POINT('',(86.02,-50.155,0.));
#4996 = DIRECTION('',(0.,-0.,-1.));
#4997 = DIRECTION('',(1.,-7.105427357601E-14,0.));
#4998 = ORIENTED_EDGE('',*,*,#4999,.T.);
#4999 = EDGE_CURVE('',#4991,#4972,#5000,.T.);
#5000 = LINE('',#5001,#5002);
#5001 = CARTESIAN_POINT('',(86.32,-25.6275,0.));
#5002 = VECTOR('',#5003,1.);
#5003 = DIRECTION('',(0.,-1.,0.));
#5004 = FACE_BOUND('',#5005,.F.);
#5005 = EDGE_LOOP('',(#5006,#5017,#5025,#5034));
#5006 = ORIENTED_EDGE('',*,*,#5007,.T.);
#5007 = EDGE_CURVE('',#5008,#5010,#5012,.T.);
#5008 = VERTEX_POINT('',#5009);
#5009 = CARTESIAN_POINT('',(86.32,-46.925,0.));
#5010 = VERTEX_POINT('',#5011);
#5011 = CARTESIAN_POINT('',(85.72,-46.925,0.));
#5012 = CIRCLE('',#5013,0.3);
#5013 = AXIS2_PLACEMENT_3D('',#5014,#5015,#5016);
#5014 = CARTESIAN_POINT('',(86.02,-46.925,0.));
#5015 = DIRECTION('',(-0.,0.,-1.));
#5016 = DIRECTION('',(-1.,7.105427357601E-14,0.));
#5017 = ORIENTED_EDGE('',*,*,#5018,.T.);
#5018 = EDGE_CURVE('',#5010,#5019,#5021,.T.);
#5019 = VERTEX_POINT('',#5020);
#5020 = CARTESIAN_POINT('',(85.72,-46.125,0.));
#5021 = LINE('',#5022,#5023);
#5022 = CARTESIAN_POINT('',(85.72,-23.0625,0.));
#5023 = VECTOR('',#5024,1.);
#5024 = DIRECTION('',(-0.,1.,0.));
#5025 = ORIENTED_EDGE('',*,*,#5026,.T.);
#5026 = EDGE_CURVE('',#5019,#5027,#5029,.T.);
#5027 = VERTEX_POINT('',#5028);
#5028 = CARTESIAN_POINT('',(86.32,-46.125,0.));
#5029 = CIRCLE('',#5030,0.3);
#5030 = AXIS2_PLACEMENT_3D('',#5031,#5032,#5033);
#5031 = CARTESIAN_POINT('',(86.02,-46.125,0.));
#5032 = DIRECTION('',(0.,-0.,-1.));
#5033 = DIRECTION('',(1.,-2.368475785867E-14,0.));
#5034 = ORIENTED_EDGE('',*,*,#5035,.T.);
#5035 = EDGE_CURVE('',#5027,#5008,#5036,.T.);
#5036 = LINE('',#5037,#5038);
#5037 = CARTESIAN_POINT('',(86.32,-23.4625,0.));
#5038 = VECTOR('',#5039,1.);
#5039 = DIRECTION('',(0.,-1.,0.));
#5040 = FACE_BOUND('',#5041,.F.);
#5041 = EDGE_LOOP('',(#5042));
#5042 = ORIENTED_EDGE('',*,*,#5043,.T.);
#5043 = EDGE_CURVE('',#5044,#5044,#5046,.T.);
#5044 = VERTEX_POINT('',#5045);
#5045 = CARTESIAN_POINT('',(105.1825,-69.395,0.));
#5046 = CIRCLE('',#5047,0.875);
#5047 = AXIS2_PLACEMENT_3D('',#5048,#5049,#5050);
#5048 = CARTESIAN_POINT('',(105.1825,-68.52,0.));
#5049 = DIRECTION('',(-0.,0.,-1.));
#5050 = DIRECTION('',(-0.,-1.,0.));
#5051 = FACE_BOUND('',#5052,.F.);
#5052 = EDGE_LOOP('',(#5053));
#5053 = ORIENTED_EDGE('',*,*,#5054,.T.);
#5054 = EDGE_CURVE('',#5055,#5055,#5057,.T.);
#5055 = VERTEX_POINT('',#5056);
#5056 = CARTESIAN_POINT('',(110.2625,-70.52,0.));
#5057 = CIRCLE('',#5058,2.);
#5058 = AXIS2_PLACEMENT_3D('',#5059,#5060,#5061);
#5059 = CARTESIAN_POINT('',(110.2625,-68.52,0.));
#5060 = DIRECTION('',(-0.,0.,-1.));
#5061 = DIRECTION('',(-0.,-1.,0.));
#5062 = FACE_BOUND('',#5063,.F.);
#5063 = EDGE_LOOP('',(#5064));
#5064 = ORIENTED_EDGE('',*,*,#5065,.T.);
#5065 = EDGE_CURVE('',#5066,#5066,#5068,.T.);
#5066 = VERTEX_POINT('',#5067);
#5067 = CARTESIAN_POINT('',(106.4525,-67.505,0.));
#5068 = CIRCLE('',#5069,1.525);
#5069 = AXIS2_PLACEMENT_3D('',#5070,#5071,#5072);
#5070 = CARTESIAN_POINT('',(106.4525,-65.98,0.));
#5071 = DIRECTION('',(-0.,0.,-1.));
#5072 = DIRECTION('',(-0.,-1.,0.));
#5073 = FACE_BOUND('',#5074,.F.);
#5074 = EDGE_LOOP('',(#5075));
#5075 = ORIENTED_EDGE('',*,*,#5076,.T.);
#5076 = EDGE_CURVE('',#5077,#5077,#5079,.T.);
#5077 = VERTEX_POINT('',#5078);
#5078 = CARTESIAN_POINT('',(112.8025,-64.965,0.));
#5079 = CIRCLE('',#5080,1.525);
#5080 = AXIS2_PLACEMENT_3D('',#5081,#5082,#5083);
#5081 = CARTESIAN_POINT('',(112.8025,-63.44,0.));
#5082 = DIRECTION('',(-0.,0.,-1.));
#5083 = DIRECTION('',(-9.31859325587E-15,-1.,0.));
#5084 = FACE_BOUND('',#5085,.F.);
#5085 = EDGE_LOOP('',(#5086));
#5086 = ORIENTED_EDGE('',*,*,#5087,.T.);
#5087 = EDGE_CURVE('',#5088,#5088,#5090,.T.);
#5088 = VERTEX_POINT('',#5089);
#5089 = CARTESIAN_POINT('',(115.3425,-69.395,0.));
#5090 = CIRCLE('',#5091,0.875);
#5091 = AXIS2_PLACEMENT_3D('',#5092,#5093,#5094);
#5092 = CARTESIAN_POINT('',(115.3425,-68.52,0.));
#5093 = DIRECTION('',(-0.,0.,-1.));
#5094 = DIRECTION('',(-0.,-1.,0.));
#5095 = FACE_BOUND('',#5096,.F.);
#5096 = EDGE_LOOP('',(#5097));
#5097 = ORIENTED_EDGE('',*,*,#5098,.T.);
#5098 = EDGE_CURVE('',#5099,#5099,#5101,.T.);
#5099 = VERTEX_POINT('',#5100);
#5100 = CARTESIAN_POINT('',(122.8375,-50.045,0.));
#5101 = CIRCLE('',#5102,1.1);
#5102 = AXIS2_PLACEMENT_3D('',#5103,#5104,#5105);
#5103 = CARTESIAN_POINT('',(122.8375,-48.945,0.));
#5104 = DIRECTION('',(-0.,0.,-1.));
#5105 = DIRECTION('',(-0.,-1.,0.));
#5106 = PLANE('',#5107);
#5107 = AXIS2_PLACEMENT_3D('',#5108,#5109,#5110);
#5108 = CARTESIAN_POINT('',(0.,0.,0.));
#5109 = DIRECTION('',(0.,0.,1.));
#5110 = DIRECTION('',(1.,0.,-0.));
#5111 = ADVANCED_FACE('',(#5112,#5222,#5233,#5244,#5418,#5429,#5440,
    #5451,#5462,#5636,#5647,#5658,#5832,#5843,#5854,#5865,#6039,#6050,
    #6061,#6072,#6083,#6094,#6105,#6279,#6290,#6301,#6312,#6323,#6334,
    #6345,#6356,#6367,#6378,#6389,#6400,#6574,#6585,#6596,#6607,#6781,
    #6792,#6803,#6814,#6825,#6999,#7010,#7184,#7195,#7206,#7217,#7228,
    #7239,#7250,#7424,#7435,#7446,#7457,#7468,#7479,#7653,#7664,#7675,
    #7686,#7697,#7708,#7719,#7730,#7741,#7752,#7763,#7937,#7948,#7959,
    #7970,#7981,#7992,#8003,#8177,#8188,#8199,#8210,#8221,#8395,#8406,
    #8580,#8591,#8602,#8613,#8624,#8798,#8809,#8820,#8831,#8842,#8853,
    #8864,#8875,#8886,#8897,#8908,#8919,#8930,#8941,#8952,#8963,#8999,
    #9010,#9046,#9057,#9231,#9242,#9253,#9264,#9438,#9449,#9460,#9634,
    #9645,#9656,#9667,#9678,#9852,#9863,#9874,#9885,#9896,#9907,#9918,
    #9929,#9940,#9976,#10012,#10023,#10034,#10045,#10056,#10067),#10078,
  .T.);
#5112 = FACE_BOUND('',#5113,.T.);
#5113 = EDGE_LOOP('',(#5114,#5115,#5116,#5124,#5132,#5141,#5149,#5157,
    #5165,#5174,#5182,#5190,#5198,#5207,#5215,#5221));
#5114 = ORIENTED_EDGE('',*,*,#49,.F.);
#5115 = ORIENTED_EDGE('',*,*,#91,.F.);
#5116 = ORIENTED_EDGE('',*,*,#5117,.F.);
#5117 = EDGE_CURVE('',#5118,#84,#5120,.T.);
#5118 = VERTEX_POINT('',#5119);
#5119 = CARTESIAN_POINT('',(41.577665,-43.945,1.51));
#5120 = LINE('',#5121,#5122);
#5121 = CARTESIAN_POINT('',(41.577665,-43.945,1.51));
#5122 = VECTOR('',#5123,1.);
#5123 = DIRECTION('',(1.,0.,0.));
#5124 = ORIENTED_EDGE('',*,*,#5125,.F.);
#5125 = EDGE_CURVE('',#5126,#5118,#5128,.T.);
#5126 = VERTEX_POINT('',#5127);
#5127 = CARTESIAN_POINT('',(40.5375,-43.945,1.51));
#5128 = LINE('',#5129,#5130);
#5129 = CARTESIAN_POINT('',(40.5375,-43.945,1.51));
#5130 = VECTOR('',#5131,1.);
#5131 = DIRECTION('',(1.,0.,0.));
#5132 = ORIENTED_EDGE('',*,*,#5133,.F.);
#5133 = EDGE_CURVE('',#5134,#5126,#5136,.T.);
#5134 = VERTEX_POINT('',#5135);
#5135 = CARTESIAN_POINT('',(35.5375,-48.945,1.51));
#5136 = CIRCLE('',#5137,4.999999678834);
#5137 = AXIS2_PLACEMENT_3D('',#5138,#5139,#5140);
#5138 = CARTESIAN_POINT('',(40.537499678834,-48.94499967883,1.51));
#5139 = DIRECTION('',(0.,0.,-1.));
#5140 = DIRECTION('',(-1.,-6.423314275614E-08,-0.));
#5141 = ORIENTED_EDGE('',*,*,#5142,.F.);
#5142 = EDGE_CURVE('',#5143,#5134,#5145,.T.);
#5143 = VERTEX_POINT('',#5144);
#5144 = CARTESIAN_POINT('',(35.5375,-52.38299,1.51));
#5145 = LINE('',#5146,#5147);
#5146 = CARTESIAN_POINT('',(35.5375,-52.38299,1.51));
#5147 = VECTOR('',#5148,1.);
#5148 = DIRECTION('',(0.,1.,0.));
#5149 = ORIENTED_EDGE('',*,*,#5150,.F.);
#5150 = EDGE_CURVE('',#5151,#5143,#5153,.T.);
#5151 = VERTEX_POINT('',#5152);
#5152 = CARTESIAN_POINT('',(35.5375,-150.85701,1.51));
#5153 = LINE('',#5154,#5155);
#5154 = CARTESIAN_POINT('',(35.5375,-150.85701,1.51));
#5155 = VECTOR('',#5156,1.);
#5156 = DIRECTION('',(0.,1.,0.));
#5157 = ORIENTED_EDGE('',*,*,#5158,.F.);
#5158 = EDGE_CURVE('',#5159,#5151,#5161,.T.);
#5159 = VERTEX_POINT('',#5160);
#5160 = CARTESIAN_POINT('',(35.5375,-154.295,1.51));
#5161 = LINE('',#5162,#5163);
#5162 = CARTESIAN_POINT('',(35.5375,-154.295,1.51));
#5163 = VECTOR('',#5164,1.);
#5164 = DIRECTION('',(0.,1.,0.));
#5165 = ORIENTED_EDGE('',*,*,#5166,.F.);
#5166 = EDGE_CURVE('',#5167,#5159,#5169,.T.);
#5167 = VERTEX_POINT('',#5168);
#5168 = CARTESIAN_POINT('',(40.5375,-159.295,1.51));
#5169 = CIRCLE('',#5170,4.999999678834);
#5170 = AXIS2_PLACEMENT_3D('',#5171,#5172,#5173);
#5171 = CARTESIAN_POINT('',(40.537499678834,-154.2950003211,1.51));
#5172 = DIRECTION('',(0.,0.,-1.));
#5173 = DIRECTION('',(6.42331470194E-08,-1.,0.));
#5174 = ORIENTED_EDGE('',*,*,#5175,.F.);
#5175 = EDGE_CURVE('',#5176,#5167,#5178,.T.);
#5176 = VERTEX_POINT('',#5177);
#5177 = CARTESIAN_POINT('',(41.577665,-159.295,1.51));
#5178 = LINE('',#5179,#5180);
#5179 = CARTESIAN_POINT('',(41.577665,-159.295,1.51));
#5180 = VECTOR('',#5181,1.);
#5181 = DIRECTION('',(-1.,0.,0.));
#5182 = ORIENTED_EDGE('',*,*,#5183,.F.);
#5183 = EDGE_CURVE('',#5184,#5176,#5186,.T.);
#5184 = VERTEX_POINT('',#5185);
#5185 = CARTESIAN_POINT('',(121.797335,-159.295,1.51));
#5186 = LINE('',#5187,#5188);
#5187 = CARTESIAN_POINT('',(121.797335,-159.295,1.51));
#5188 = VECTOR('',#5189,1.);
#5189 = DIRECTION('',(-1.,0.,0.));
#5190 = ORIENTED_EDGE('',*,*,#5191,.F.);
#5191 = EDGE_CURVE('',#5192,#5184,#5194,.T.);
#5192 = VERTEX_POINT('',#5193);
#5193 = CARTESIAN_POINT('',(122.8375,-159.295,1.51));
#5194 = LINE('',#5195,#5196);
#5195 = CARTESIAN_POINT('',(122.8375,-159.295,1.51));
#5196 = VECTOR('',#5197,1.);
#5197 = DIRECTION('',(-1.,0.,0.));
#5198 = ORIENTED_EDGE('',*,*,#5199,.F.);
#5199 = EDGE_CURVE('',#5200,#5192,#5202,.T.);
#5200 = VERTEX_POINT('',#5201);
#5201 = CARTESIAN_POINT('',(127.8375,-154.295,1.51));
#5202 = CIRCLE('',#5203,4.999999678834);
#5203 = AXIS2_PLACEMENT_3D('',#5204,#5205,#5206);
#5204 = CARTESIAN_POINT('',(122.83750032116,-154.2950003211,1.51));
#5205 = DIRECTION('',(0.,0.,-1.));
#5206 = DIRECTION('',(1.,6.423315270374E-08,0.));
#5207 = ORIENTED_EDGE('',*,*,#5208,.F.);
#5208 = EDGE_CURVE('',#5209,#5200,#5211,.T.);
#5209 = VERTEX_POINT('',#5210);
#5210 = CARTESIAN_POINT('',(127.8375,-150.85701,1.51));
#5211 = LINE('',#5212,#5213);
#5212 = CARTESIAN_POINT('',(127.8375,-150.85701,1.51));
#5213 = VECTOR('',#5214,1.);
#5214 = DIRECTION('',(0.,-1.,0.));
#5215 = ORIENTED_EDGE('',*,*,#5216,.F.);
#5216 = EDGE_CURVE('',#114,#5209,#5217,.T.);
#5217 = LINE('',#5218,#5219);
#5218 = CARTESIAN_POINT('',(127.8375,-52.38299,1.51));
#5219 = VECTOR('',#5220,1.);
#5220 = DIRECTION('',(0.,-1.,0.));
#5221 = ORIENTED_EDGE('',*,*,#113,.F.);
#5222 = FACE_BOUND('',#5223,.T.);
#5223 = EDGE_LOOP('',(#5224));
#5224 = ORIENTED_EDGE('',*,*,#5225,.T.);
#5225 = EDGE_CURVE('',#5226,#5226,#5228,.T.);
#5226 = VERTEX_POINT('',#5227);
#5227 = CARTESIAN_POINT('',(40.5375,-155.395,1.51));
#5228 = CIRCLE('',#5229,1.1);
#5229 = AXIS2_PLACEMENT_3D('',#5230,#5231,#5232);
#5230 = CARTESIAN_POINT('',(40.5375,-154.295,1.51));
#5231 = DIRECTION('',(-0.,0.,-1.));
#5232 = DIRECTION('',(-0.,-1.,0.));
#5233 = FACE_BOUND('',#5234,.T.);
#5234 = EDGE_LOOP('',(#5235));
#5235 = ORIENTED_EDGE('',*,*,#5236,.T.);
#5236 = EDGE_CURVE('',#5237,#5237,#5239,.T.);
#5237 = VERTEX_POINT('',#5238);
#5238 = CARTESIAN_POINT('',(48.0325,-145.595,1.51));
#5239 = CIRCLE('',#5240,0.875);
#5240 = AXIS2_PLACEMENT_3D('',#5241,#5242,#5243);
#5241 = CARTESIAN_POINT('',(48.0325,-144.72,1.51));
#5242 = DIRECTION('',(-0.,0.,-1.));
#5243 = DIRECTION('',(-0.,-1.,0.));
#5244 = FACE_BOUND('',#5245,.T.);
#5245 = EDGE_LOOP('',(#5246,#5257,#5266,#5274,#5282,#5291,#5300,#5309,
    #5317,#5325,#5334,#5343,#5352,#5360,#5368,#5377,#5386,#5395,#5403,
    #5411));
#5246 = ORIENTED_EDGE('',*,*,#5247,.F.);
#5247 = EDGE_CURVE('',#5248,#5250,#5252,.T.);
#5248 = VERTEX_POINT('',#5249);
#5249 = CARTESIAN_POINT('',(54.856434,-148.943345,1.51));
#5250 = VERTEX_POINT('',#5251);
#5251 = CARTESIAN_POINT('',(54.169155,-148.256066,1.51));
#5252 = CIRCLE('',#5253,0.499999603944);
#5253 = AXIS2_PLACEMENT_3D('',#5254,#5255,#5256);
#5254 = CARTESIAN_POINT('',(54.42965788946,-148.6828421105,1.51));
#5255 = DIRECTION('',(0.,0.,1.));
#5256 = DIRECTION('',(0.853552897188,-0.521006191616,0.));
#5257 = ORIENTED_EDGE('',*,*,#5258,.F.);
#5258 = EDGE_CURVE('',#5259,#5248,#5261,.T.);
#5259 = VERTEX_POINT('',#5260);
#5260 = CARTESIAN_POINT('',(54.8125,-149.099647,1.51));
#5261 = CIRCLE('',#5262,0.299683785035);
#5262 = AXIS2_PLACEMENT_3D('',#5263,#5264,#5265);
#5263 = CARTESIAN_POINT('',(55.112183771747,-149.0995577564,1.51));
#5264 = DIRECTION('',(0.,0.,-1.));
#5265 = DIRECTION('',(-0.99999995566,-2.977925315492E-04,-0.));
#5266 = ORIENTED_EDGE('',*,*,#5267,.F.);
#5267 = EDGE_CURVE('',#5268,#5259,#5270,.T.);
#5268 = VERTEX_POINT('',#5269);
#5269 = CARTESIAN_POINT('',(54.8125,-149.8,1.51));
#5270 = LINE('',#5271,#5272);
#5271 = CARTESIAN_POINT('',(54.8125,-149.8,1.51));
#5272 = VECTOR('',#5273,1.);
#5273 = DIRECTION('',(0.,1.,0.));
#5274 = ORIENTED_EDGE('',*,*,#5275,.F.);
#5275 = EDGE_CURVE('',#5276,#5268,#5278,.T.);
#5276 = VERTEX_POINT('',#5277);
#5277 = CARTESIAN_POINT('',(54.8125,-150.500353,1.51));
#5278 = LINE('',#5279,#5280);
#5279 = CARTESIAN_POINT('',(54.8125,-150.500353,1.51));
#5280 = VECTOR('',#5281,1.);
#5281 = DIRECTION('',(0.,1.,0.));
#5282 = ORIENTED_EDGE('',*,*,#5283,.F.);
#5283 = EDGE_CURVE('',#5284,#5276,#5286,.T.);
#5284 = VERTEX_POINT('',#5285);
#5285 = CARTESIAN_POINT('',(54.856434,-150.656655,1.51));
#5286 = CIRCLE('',#5287,0.299966762338);
#5287 = AXIS2_PLACEMENT_3D('',#5288,#5289,#5290);
#5288 = CARTESIAN_POINT('',(55.112466762181,-150.5003626994,1.51));
#5289 = DIRECTION('',(0.,0.,-1.));
#5290 = DIRECTION('',(-0.853537105863,-0.521032061311,-0.));
#5291 = ORIENTED_EDGE('',*,*,#5292,.F.);
#5292 = EDGE_CURVE('',#5293,#5284,#5295,.T.);
#5293 = VERTEX_POINT('',#5294);
#5294 = CARTESIAN_POINT('',(54.169155,-151.343934,1.51));
#5295 = CIRCLE('',#5296,0.499998734392);
#5296 = AXIS2_PLACEMENT_3D('',#5297,#5298,#5299);
#5297 = CARTESIAN_POINT('',(54.429660504327,-150.9171605043,1.51));
#5298 = DIRECTION('',(0.,0.,1.));
#5299 = DIRECTION('',(-0.521012327448,-0.853549151864,0.));
#5300 = ORIENTED_EDGE('',*,*,#5301,.F.);
#5301 = EDGE_CURVE('',#5302,#5293,#5304,.T.);
#5302 = VERTEX_POINT('',#5303);
#5303 = CARTESIAN_POINT('',(54.012853,-151.3,1.51));
#5304 = CIRCLE('',#5305,0.300023425677);
#5305 = AXIS2_PLACEMENT_3D('',#5306,#5307,#5308);
#5306 = CARTESIAN_POINT('',(54.012846772307,-151.6000234256,1.51));
#5307 = DIRECTION('',(0.,0.,-1.));
#5308 = DIRECTION('',(2.075735522261E-05,0.999999999785,0.));
#5309 = ORIENTED_EDGE('',*,*,#5310,.F.);
#5310 = EDGE_CURVE('',#5311,#5302,#5313,.T.);
#5311 = VERTEX_POINT('',#5312);
#5312 = CARTESIAN_POINT('',(53.1125,-151.3,1.51));
#5313 = LINE('',#5314,#5315);
#5314 = CARTESIAN_POINT('',(53.1125,-151.3,1.51));
#5315 = VECTOR('',#5316,1.);
#5316 = DIRECTION('',(1.,0.,0.));
#5317 = ORIENTED_EDGE('',*,*,#5318,.F.);
#5318 = EDGE_CURVE('',#5319,#5311,#5321,.T.);
#5319 = VERTEX_POINT('',#5320);
#5320 = CARTESIAN_POINT('',(52.212147,-151.3,1.51));
#5321 = LINE('',#5322,#5323);
#5322 = CARTESIAN_POINT('',(52.212147,-151.3,1.51));
#5323 = VECTOR('',#5324,1.);
#5324 = DIRECTION('',(1.,0.,0.));
#5325 = ORIENTED_EDGE('',*,*,#5326,.F.);
#5326 = EDGE_CURVE('',#5327,#5319,#5329,.T.);
#5327 = VERTEX_POINT('',#5328);
#5328 = CARTESIAN_POINT('',(52.055845,-151.343934,1.51));
#5329 = CIRCLE('',#5330,0.299991600078);
#5330 = AXIS2_PLACEMENT_3D('',#5331,#5332,#5333);
#5331 = CARTESIAN_POINT('',(52.212144282039,-151.5999916,1.51));
#5332 = DIRECTION('',(0.,0.,-1.));
#5333 = DIRECTION('',(-0.521012195003,0.853549232709,0.));
#5334 = ORIENTED_EDGE('',*,*,#5335,.F.);
#5335 = EDGE_CURVE('',#5336,#5327,#5338,.T.);
#5336 = VERTEX_POINT('',#5337);
#5337 = CARTESIAN_POINT('',(51.368566,-150.656655,1.51));
#5338 = CIRCLE('',#5339,0.499999603944);
#5339 = AXIS2_PLACEMENT_3D('',#5340,#5341,#5342);
#5340 = CARTESIAN_POINT('',(51.79534211054,-150.9171578894,1.51));
#5341 = DIRECTION('',(0.,0.,1.));
#5342 = DIRECTION('',(-0.853552897188,0.521006191616,0.));
#5343 = ORIENTED_EDGE('',*,*,#5344,.F.);
#5344 = EDGE_CURVE('',#5345,#5336,#5347,.T.);
#5345 = VERTEX_POINT('',#5346);
#5346 = CARTESIAN_POINT('',(51.4125,-150.500353,1.51));
#5347 = CIRCLE('',#5348,0.299991600078);
#5348 = AXIS2_PLACEMENT_3D('',#5349,#5350,#5351);
#5349 = CARTESIAN_POINT('',(51.112508399935,-150.5003557179,1.51));
#5350 = DIRECTION('',(0.,0.,-1.));
#5351 = DIRECTION('',(0.999999999959,9.060123477714E-06,0.));
#5352 = ORIENTED_EDGE('',*,*,#5353,.F.);
#5353 = EDGE_CURVE('',#5354,#5345,#5356,.T.);
#5354 = VERTEX_POINT('',#5355);
#5355 = CARTESIAN_POINT('',(51.4125,-149.8,1.51));
#5356 = LINE('',#5357,#5358);
#5357 = CARTESIAN_POINT('',(51.4125,-149.8,1.51));
#5358 = VECTOR('',#5359,1.);
#5359 = DIRECTION('',(0.,-1.,0.));
#5360 = ORIENTED_EDGE('',*,*,#5361,.F.);
#5361 = EDGE_CURVE('',#5362,#5354,#5364,.T.);
#5362 = VERTEX_POINT('',#5363);
#5363 = CARTESIAN_POINT('',(51.4125,-149.099647,1.51));
#5364 = LINE('',#5365,#5366);
#5365 = CARTESIAN_POINT('',(51.4125,-149.099647,1.51));
#5366 = VECTOR('',#5367,1.);
#5367 = DIRECTION('',(0.,-1.,0.));
#5368 = ORIENTED_EDGE('',*,*,#5369,.F.);
#5369 = EDGE_CURVE('',#5370,#5362,#5372,.T.);
#5370 = VERTEX_POINT('',#5371);
#5371 = CARTESIAN_POINT('',(51.368566,-148.943345,1.51));
#5372 = CIRCLE('',#5373,0.299991600078);
#5373 = AXIS2_PLACEMENT_3D('',#5374,#5375,#5376);
#5374 = CARTESIAN_POINT('',(51.112508399935,-149.099644282,1.51));
#5375 = DIRECTION('',(0.,0.,-1.));
#5376 = DIRECTION('',(0.853549232709,0.521012195004,0.));
#5377 = ORIENTED_EDGE('',*,*,#5378,.F.);
#5378 = EDGE_CURVE('',#5379,#5370,#5381,.T.);
#5379 = VERTEX_POINT('',#5380);
#5380 = CARTESIAN_POINT('',(52.055845,-148.256066,1.51));
#5381 = CIRCLE('',#5382,0.499999603944);
#5382 = AXIS2_PLACEMENT_3D('',#5383,#5384,#5385);
#5383 = CARTESIAN_POINT('',(51.79534211054,-148.6828421105,1.51));
#5384 = DIRECTION('',(0.,0.,1.));
#5385 = DIRECTION('',(0.521006191616,0.853552897188,-0.));
#5386 = ORIENTED_EDGE('',*,*,#5387,.F.);
#5387 = EDGE_CURVE('',#5388,#5379,#5390,.T.);
#5388 = VERTEX_POINT('',#5389);
#5389 = CARTESIAN_POINT('',(52.212147,-148.3,1.51));
#5390 = CIRCLE('',#5391,0.299991600078);
#5391 = AXIS2_PLACEMENT_3D('',#5392,#5393,#5394);
#5392 = CARTESIAN_POINT('',(52.212144282039,-148.0000083999,1.51));
#5393 = DIRECTION('',(0.,0.,-1.));
#5394 = DIRECTION('',(9.060123027678E-06,-0.999999999959,0.));
#5395 = ORIENTED_EDGE('',*,*,#5396,.F.);
#5396 = EDGE_CURVE('',#5397,#5388,#5399,.T.);
#5397 = VERTEX_POINT('',#5398);
#5398 = CARTESIAN_POINT('',(53.1125,-148.3,1.51));
#5399 = LINE('',#5400,#5401);
#5400 = CARTESIAN_POINT('',(53.1125,-148.3,1.51));
#5401 = VECTOR('',#5402,1.);
#5402 = DIRECTION('',(-1.,0.,0.));
#5403 = ORIENTED_EDGE('',*,*,#5404,.F.);
#5404 = EDGE_CURVE('',#5405,#5397,#5407,.T.);
#5405 = VERTEX_POINT('',#5406);
#5406 = CARTESIAN_POINT('',(54.012853,-148.3,1.51));
#5407 = LINE('',#5408,#5409);
#5408 = CARTESIAN_POINT('',(54.012853,-148.3,1.51));
#5409 = VECTOR('',#5410,1.);
#5410 = DIRECTION('',(-1.,0.,0.));
#5411 = ORIENTED_EDGE('',*,*,#5412,.F.);
#5412 = EDGE_CURVE('',#5250,#5405,#5413,.T.);
#5413 = CIRCLE('',#5414,0.299966762339);
#5414 = AXIS2_PLACEMENT_3D('',#5415,#5416,#5417);
#5415 = CARTESIAN_POINT('',(54.012862699494,-148.0000332378,1.51));
#5416 = DIRECTION('',(0.,0.,-1.));
#5417 = DIRECTION('',(0.521032061311,-0.853537105864,0.));
#5418 = FACE_BOUND('',#5419,.T.);
#5419 = EDGE_LOOP('',(#5420));
#5420 = ORIENTED_EDGE('',*,*,#5421,.T.);
#5421 = EDGE_CURVE('',#5422,#5422,#5424,.T.);
#5422 = VERTEX_POINT('',#5423);
#5423 = CARTESIAN_POINT('',(49.3025,-143.705,1.51));
#5424 = CIRCLE('',#5425,1.525);
#5425 = AXIS2_PLACEMENT_3D('',#5426,#5427,#5428);
#5426 = CARTESIAN_POINT('',(49.3025,-142.18,1.51));
#5427 = DIRECTION('',(-0.,0.,-1.));
#5428 = DIRECTION('',(-0.,-1.,0.));
#5429 = FACE_BOUND('',#5430,.T.);
#5430 = EDGE_LOOP('',(#5431));
#5431 = ORIENTED_EDGE('',*,*,#5432,.T.);
#5432 = EDGE_CURVE('',#5433,#5433,#5435,.T.);
#5433 = VERTEX_POINT('',#5434);
#5434 = CARTESIAN_POINT('',(53.1125,-146.72,1.51));
#5435 = CIRCLE('',#5436,2.);
#5436 = AXIS2_PLACEMENT_3D('',#5437,#5438,#5439);
#5437 = CARTESIAN_POINT('',(53.1125,-144.72,1.51));
#5438 = DIRECTION('',(-0.,0.,-1.));
#5439 = DIRECTION('',(-0.,-1.,0.));
#5440 = FACE_BOUND('',#5441,.T.);
#5441 = EDGE_LOOP('',(#5442));
#5442 = ORIENTED_EDGE('',*,*,#5443,.T.);
#5443 = EDGE_CURVE('',#5444,#5444,#5446,.T.);
#5444 = VERTEX_POINT('',#5445);
#5445 = CARTESIAN_POINT('',(58.1925,-145.595,1.51));
#5446 = CIRCLE('',#5447,0.875);
#5447 = AXIS2_PLACEMENT_3D('',#5448,#5449,#5450);
#5448 = CARTESIAN_POINT('',(58.1925,-144.72,1.51));
#5449 = DIRECTION('',(-0.,0.,-1.));
#5450 = DIRECTION('',(-0.,-1.,0.));
#5451 = FACE_BOUND('',#5452,.T.);
#5452 = EDGE_LOOP('',(#5453));
#5453 = ORIENTED_EDGE('',*,*,#5454,.T.);
#5454 = EDGE_CURVE('',#5455,#5455,#5457,.T.);
#5455 = VERTEX_POINT('',#5456);
#5456 = CARTESIAN_POINT('',(55.6525,-141.165,1.51));
#5457 = CIRCLE('',#5458,1.525);
#5458 = AXIS2_PLACEMENT_3D('',#5459,#5460,#5461);
#5459 = CARTESIAN_POINT('',(55.6525,-139.64,1.51));
#5460 = DIRECTION('',(-0.,0.,-1.));
#5461 = DIRECTION('',(-0.,-1.,0.));
#5462 = FACE_BOUND('',#5463,.T.);
#5463 = EDGE_LOOP('',(#5464,#5475,#5484,#5492,#5500,#5509,#5518,#5527,
    #5535,#5543,#5552,#5561,#5570,#5578,#5586,#5595,#5604,#5613,#5621,
    #5629));
#5464 = ORIENTED_EDGE('',*,*,#5465,.F.);
#5465 = EDGE_CURVE('',#5466,#5468,#5470,.T.);
#5466 = VERTEX_POINT('',#5467);
#5467 = CARTESIAN_POINT('',(54.856434,-129.893345,1.51));
#5468 = VERTEX_POINT('',#5469);
#5469 = CARTESIAN_POINT('',(54.169155,-129.206066,1.51));
#5470 = CIRCLE('',#5471,0.499999603944);
#5471 = AXIS2_PLACEMENT_3D('',#5472,#5473,#5474);
#5472 = CARTESIAN_POINT('',(54.42965788946,-129.6328421105,1.51));
#5473 = DIRECTION('',(0.,0.,1.));
#5474 = DIRECTION('',(0.853552897188,-0.521006191616,0.));
#5475 = ORIENTED_EDGE('',*,*,#5476,.F.);
#5476 = EDGE_CURVE('',#5477,#5466,#5479,.T.);
#5477 = VERTEX_POINT('',#5478);
#5478 = CARTESIAN_POINT('',(54.8125,-130.049647,1.51));
#5479 = CIRCLE('',#5480,0.299683785035);
#5480 = AXIS2_PLACEMENT_3D('',#5481,#5482,#5483);
#5481 = CARTESIAN_POINT('',(55.112183771747,-130.0495577564,1.51));
#5482 = DIRECTION('',(0.,0.,-1.));
#5483 = DIRECTION('',(-0.99999995566,-2.977925316442E-04,-0.));
#5484 = ORIENTED_EDGE('',*,*,#5485,.F.);
#5485 = EDGE_CURVE('',#5486,#5477,#5488,.T.);
#5486 = VERTEX_POINT('',#5487);
#5487 = CARTESIAN_POINT('',(54.8125,-130.75,1.51));
#5488 = LINE('',#5489,#5490);
#5489 = CARTESIAN_POINT('',(54.8125,-130.75,1.51));
#5490 = VECTOR('',#5491,1.);
#5491 = DIRECTION('',(0.,1.,0.));
#5492 = ORIENTED_EDGE('',*,*,#5493,.F.);
#5493 = EDGE_CURVE('',#5494,#5486,#5496,.T.);
#5494 = VERTEX_POINT('',#5495);
#5495 = CARTESIAN_POINT('',(54.8125,-131.450353,1.51));
#5496 = LINE('',#5497,#5498);
#5497 = CARTESIAN_POINT('',(54.8125,-131.450353,1.51));
#5498 = VECTOR('',#5499,1.);
#5499 = DIRECTION('',(0.,1.,0.));
#5500 = ORIENTED_EDGE('',*,*,#5501,.F.);
#5501 = EDGE_CURVE('',#5502,#5494,#5504,.T.);
#5502 = VERTEX_POINT('',#5503);
#5503 = CARTESIAN_POINT('',(54.856434,-131.606655,1.51));
#5504 = CIRCLE('',#5505,0.299966762338);
#5505 = AXIS2_PLACEMENT_3D('',#5506,#5507,#5508);
#5506 = CARTESIAN_POINT('',(55.112466762181,-131.4503626994,1.51));
#5507 = DIRECTION('',(0.,0.,-1.));
#5508 = DIRECTION('',(-0.853537105863,-0.521032061311,-0.));
#5509 = ORIENTED_EDGE('',*,*,#5510,.F.);
#5510 = EDGE_CURVE('',#5511,#5502,#5513,.T.);
#5511 = VERTEX_POINT('',#5512);
#5512 = CARTESIAN_POINT('',(54.169155,-132.293934,1.51));
#5513 = CIRCLE('',#5514,0.499998734392);
#5514 = AXIS2_PLACEMENT_3D('',#5515,#5516,#5517);
#5515 = CARTESIAN_POINT('',(54.429660504327,-131.8671605043,1.51));
#5516 = DIRECTION('',(0.,0.,1.));
#5517 = DIRECTION('',(-0.521012327448,-0.853549151864,0.));
#5518 = ORIENTED_EDGE('',*,*,#5519,.F.);
#5519 = EDGE_CURVE('',#5520,#5511,#5522,.T.);
#5520 = VERTEX_POINT('',#5521);
#5521 = CARTESIAN_POINT('',(54.012853,-132.25,1.51));
#5522 = CIRCLE('',#5523,0.300023425677);
#5523 = AXIS2_PLACEMENT_3D('',#5524,#5525,#5526);
#5524 = CARTESIAN_POINT('',(54.012846772307,-132.5500234256,1.51));
#5525 = DIRECTION('',(0.,0.,-1.));
#5526 = DIRECTION('',(2.075735505686E-05,0.999999999785,0.));
#5527 = ORIENTED_EDGE('',*,*,#5528,.F.);
#5528 = EDGE_CURVE('',#5529,#5520,#5531,.T.);
#5529 = VERTEX_POINT('',#5530);
#5530 = CARTESIAN_POINT('',(53.1125,-132.25,1.51));
#5531 = LINE('',#5532,#5533);
#5532 = CARTESIAN_POINT('',(53.1125,-132.25,1.51));
#5533 = VECTOR('',#5534,1.);
#5534 = DIRECTION('',(1.,0.,0.));
#5535 = ORIENTED_EDGE('',*,*,#5536,.F.);
#5536 = EDGE_CURVE('',#5537,#5529,#5539,.T.);
#5537 = VERTEX_POINT('',#5538);
#5538 = CARTESIAN_POINT('',(52.212147,-132.25,1.51));
#5539 = LINE('',#5540,#5541);
#5540 = CARTESIAN_POINT('',(52.212147,-132.25,1.51));
#5541 = VECTOR('',#5542,1.);
#5542 = DIRECTION('',(1.,0.,0.));
#5543 = ORIENTED_EDGE('',*,*,#5544,.F.);
#5544 = EDGE_CURVE('',#5545,#5537,#5547,.T.);
#5545 = VERTEX_POINT('',#5546);
#5546 = CARTESIAN_POINT('',(52.055845,-132.293934,1.51));
#5547 = CIRCLE('',#5548,0.299991600077);
#5548 = AXIS2_PLACEMENT_3D('',#5549,#5550,#5551);
#5549 = CARTESIAN_POINT('',(52.212144282039,-132.5499916,1.51));
#5550 = DIRECTION('',(0.,0.,-1.));
#5551 = DIRECTION('',(-0.521012195004,0.853549232709,0.));
#5552 = ORIENTED_EDGE('',*,*,#5553,.F.);
#5553 = EDGE_CURVE('',#5554,#5545,#5556,.T.);
#5554 = VERTEX_POINT('',#5555);
#5555 = CARTESIAN_POINT('',(51.368566,-131.606655,1.51));
#5556 = CIRCLE('',#5557,0.499999603944);
#5557 = AXIS2_PLACEMENT_3D('',#5558,#5559,#5560);
#5558 = CARTESIAN_POINT('',(51.79534211054,-131.8671578894,1.51));
#5559 = DIRECTION('',(0.,0.,1.));
#5560 = DIRECTION('',(-0.853552897188,0.521006191615,0.));
#5561 = ORIENTED_EDGE('',*,*,#5562,.F.);
#5562 = EDGE_CURVE('',#5563,#5554,#5565,.T.);
#5563 = VERTEX_POINT('',#5564);
#5564 = CARTESIAN_POINT('',(51.4125,-131.450353,1.51));
#5565 = CIRCLE('',#5566,0.299991600078);
#5566 = AXIS2_PLACEMENT_3D('',#5567,#5568,#5569);
#5567 = CARTESIAN_POINT('',(51.112508399935,-131.4503557179,1.51));
#5568 = DIRECTION('',(0.,0.,-1.));
#5569 = DIRECTION('',(0.999999999959,9.060123477716E-06,0.));
#5570 = ORIENTED_EDGE('',*,*,#5571,.F.);
#5571 = EDGE_CURVE('',#5572,#5563,#5574,.T.);
#5572 = VERTEX_POINT('',#5573);
#5573 = CARTESIAN_POINT('',(51.4125,-130.75,1.51));
#5574 = LINE('',#5575,#5576);
#5575 = CARTESIAN_POINT('',(51.4125,-130.75,1.51));
#5576 = VECTOR('',#5577,1.);
#5577 = DIRECTION('',(0.,-1.,0.));
#5578 = ORIENTED_EDGE('',*,*,#5579,.F.);
#5579 = EDGE_CURVE('',#5580,#5572,#5582,.T.);
#5580 = VERTEX_POINT('',#5581);
#5581 = CARTESIAN_POINT('',(51.4125,-130.049647,1.51));
#5582 = LINE('',#5583,#5584);
#5583 = CARTESIAN_POINT('',(51.4125,-130.049647,1.51));
#5584 = VECTOR('',#5585,1.);
#5585 = DIRECTION('',(0.,-1.,0.));
#5586 = ORIENTED_EDGE('',*,*,#5587,.F.);
#5587 = EDGE_CURVE('',#5588,#5580,#5590,.T.);
#5588 = VERTEX_POINT('',#5589);
#5589 = CARTESIAN_POINT('',(51.368566,-129.893345,1.51));
#5590 = CIRCLE('',#5591,0.299991600078);
#5591 = AXIS2_PLACEMENT_3D('',#5592,#5593,#5594);
#5592 = CARTESIAN_POINT('',(51.112508399935,-130.049644282,1.51));
#5593 = DIRECTION('',(0.,0.,-1.));
#5594 = DIRECTION('',(0.853549232709,0.521012195004,0.));
#5595 = ORIENTED_EDGE('',*,*,#5596,.F.);
#5596 = EDGE_CURVE('',#5597,#5588,#5599,.T.);
#5597 = VERTEX_POINT('',#5598);
#5598 = CARTESIAN_POINT('',(52.055845,-129.206066,1.51));
#5599 = CIRCLE('',#5600,0.499999603944);
#5600 = AXIS2_PLACEMENT_3D('',#5601,#5602,#5603);
#5601 = CARTESIAN_POINT('',(51.79534211054,-129.6328421105,1.51));
#5602 = DIRECTION('',(0.,0.,1.));
#5603 = DIRECTION('',(0.521006191615,0.853552897188,-0.));
#5604 = ORIENTED_EDGE('',*,*,#5605,.F.);
#5605 = EDGE_CURVE('',#5606,#5597,#5608,.T.);
#5606 = VERTEX_POINT('',#5607);
#5607 = CARTESIAN_POINT('',(52.212147,-129.25,1.51));
#5608 = CIRCLE('',#5609,0.299991600077);
#5609 = AXIS2_PLACEMENT_3D('',#5610,#5611,#5612);
#5610 = CARTESIAN_POINT('',(52.212144282039,-128.9500083999,1.51));
#5611 = DIRECTION('',(0.,0.,-1.));
#5612 = DIRECTION('',(9.060123690891E-06,-0.999999999959,0.));
#5613 = ORIENTED_EDGE('',*,*,#5614,.F.);
#5614 = EDGE_CURVE('',#5615,#5606,#5617,.T.);
#5615 = VERTEX_POINT('',#5616);
#5616 = CARTESIAN_POINT('',(53.1125,-129.25,1.51));
#5617 = LINE('',#5618,#5619);
#5618 = CARTESIAN_POINT('',(53.1125,-129.25,1.51));
#5619 = VECTOR('',#5620,1.);
#5620 = DIRECTION('',(-1.,0.,0.));
#5621 = ORIENTED_EDGE('',*,*,#5622,.F.);
#5622 = EDGE_CURVE('',#5623,#5615,#5625,.T.);
#5623 = VERTEX_POINT('',#5624);
#5624 = CARTESIAN_POINT('',(54.012853,-129.25,1.51));
#5625 = LINE('',#5626,#5627);
#5626 = CARTESIAN_POINT('',(54.012853,-129.25,1.51));
#5627 = VECTOR('',#5628,1.);
#5628 = DIRECTION('',(-1.,0.,0.));
#5629 = ORIENTED_EDGE('',*,*,#5630,.F.);
#5630 = EDGE_CURVE('',#5468,#5623,#5631,.T.);
#5631 = CIRCLE('',#5632,0.299966762338);
#5632 = AXIS2_PLACEMENT_3D('',#5633,#5634,#5635);
#5633 = CARTESIAN_POINT('',(54.012862699494,-128.9500332378,1.51));
#5634 = DIRECTION('',(0.,0.,-1.));
#5635 = DIRECTION('',(0.521032061311,-0.853537105863,0.));
#5636 = FACE_BOUND('',#5637,.T.);
#5637 = EDGE_LOOP('',(#5638));
#5638 = ORIENTED_EDGE('',*,*,#5639,.T.);
#5639 = EDGE_CURVE('',#5640,#5640,#5642,.T.);
#5640 = VERTEX_POINT('',#5641);
#5641 = CARTESIAN_POINT('',(67.0825,-145.595,1.51));
#5642 = CIRCLE('',#5643,0.875);
#5643 = AXIS2_PLACEMENT_3D('',#5644,#5645,#5646);
#5644 = CARTESIAN_POINT('',(67.0825,-144.72,1.51));
#5645 = DIRECTION('',(-0.,0.,-1.));
#5646 = DIRECTION('',(-0.,-1.,0.));
#5647 = FACE_BOUND('',#5648,.T.);
#5648 = EDGE_LOOP('',(#5649));
#5649 = ORIENTED_EDGE('',*,*,#5650,.T.);
#5650 = EDGE_CURVE('',#5651,#5651,#5653,.T.);
#5651 = VERTEX_POINT('',#5652);
#5652 = CARTESIAN_POINT('',(68.3525,-143.705,1.51));
#5653 = CIRCLE('',#5654,1.525);
#5654 = AXIS2_PLACEMENT_3D('',#5655,#5656,#5657);
#5655 = CARTESIAN_POINT('',(68.3525,-142.18,1.51));
#5656 = DIRECTION('',(-0.,0.,-1.));
#5657 = DIRECTION('',(9.31859325587E-15,-1.,-0.));
#5658 = FACE_BOUND('',#5659,.T.);
#5659 = EDGE_LOOP('',(#5660,#5671,#5680,#5688,#5696,#5705,#5714,#5723,
    #5731,#5739,#5748,#5757,#5766,#5774,#5782,#5791,#5800,#5809,#5817,
    #5825));
#5660 = ORIENTED_EDGE('',*,*,#5661,.F.);
#5661 = EDGE_CURVE('',#5662,#5664,#5666,.T.);
#5662 = VERTEX_POINT('',#5663);
#5663 = CARTESIAN_POINT('',(73.906434,-148.943345,1.51));
#5664 = VERTEX_POINT('',#5665);
#5665 = CARTESIAN_POINT('',(73.219155,-148.256066,1.51));
#5666 = CIRCLE('',#5667,0.499999603944);
#5667 = AXIS2_PLACEMENT_3D('',#5668,#5669,#5670);
#5668 = CARTESIAN_POINT('',(73.47965788946,-148.6828421105,1.51));
#5669 = DIRECTION('',(0.,0.,1.));
#5670 = DIRECTION('',(0.853552897188,-0.521006191616,0.));
#5671 = ORIENTED_EDGE('',*,*,#5672,.F.);
#5672 = EDGE_CURVE('',#5673,#5662,#5675,.T.);
#5673 = VERTEX_POINT('',#5674);
#5674 = CARTESIAN_POINT('',(73.8625,-149.099647,1.51));
#5675 = CIRCLE('',#5676,0.299683785035);
#5676 = AXIS2_PLACEMENT_3D('',#5677,#5678,#5679);
#5677 = CARTESIAN_POINT('',(74.162183771747,-149.0995577564,1.51));
#5678 = DIRECTION('',(0.,0.,-1.));
#5679 = DIRECTION('',(-0.99999995566,-2.977925314542E-04,-0.));
#5680 = ORIENTED_EDGE('',*,*,#5681,.F.);
#5681 = EDGE_CURVE('',#5682,#5673,#5684,.T.);
#5682 = VERTEX_POINT('',#5683);
#5683 = CARTESIAN_POINT('',(73.8625,-149.8,1.51));
#5684 = LINE('',#5685,#5686);
#5685 = CARTESIAN_POINT('',(73.8625,-149.8,1.51));
#5686 = VECTOR('',#5687,1.);
#5687 = DIRECTION('',(0.,1.,0.));
#5688 = ORIENTED_EDGE('',*,*,#5689,.F.);
#5689 = EDGE_CURVE('',#5690,#5682,#5692,.T.);
#5690 = VERTEX_POINT('',#5691);
#5691 = CARTESIAN_POINT('',(73.8625,-150.500353,1.51));
#5692 = LINE('',#5693,#5694);
#5693 = CARTESIAN_POINT('',(73.8625,-150.500353,1.51));
#5694 = VECTOR('',#5695,1.);
#5695 = DIRECTION('',(0.,1.,0.));
#5696 = ORIENTED_EDGE('',*,*,#5697,.F.);
#5697 = EDGE_CURVE('',#5698,#5690,#5700,.T.);
#5698 = VERTEX_POINT('',#5699);
#5699 = CARTESIAN_POINT('',(73.906434,-150.656655,1.51));
#5700 = CIRCLE('',#5701,0.299966762338);
#5701 = AXIS2_PLACEMENT_3D('',#5702,#5703,#5704);
#5702 = CARTESIAN_POINT('',(74.162466762181,-150.5003626994,1.51));
#5703 = DIRECTION('',(0.,0.,-1.));
#5704 = DIRECTION('',(-0.853537105863,-0.521032061311,-0.));
#5705 = ORIENTED_EDGE('',*,*,#5706,.F.);
#5706 = EDGE_CURVE('',#5707,#5698,#5709,.T.);
#5707 = VERTEX_POINT('',#5708);
#5708 = CARTESIAN_POINT('',(73.219155,-151.343934,1.51));
#5709 = CIRCLE('',#5710,0.499998734392);
#5710 = AXIS2_PLACEMENT_3D('',#5711,#5712,#5713);
#5711 = CARTESIAN_POINT('',(73.479660504327,-150.9171605043,1.51));
#5712 = DIRECTION('',(0.,0.,1.));
#5713 = DIRECTION('',(-0.521012327448,-0.853549151864,0.));
#5714 = ORIENTED_EDGE('',*,*,#5715,.F.);
#5715 = EDGE_CURVE('',#5716,#5707,#5718,.T.);
#5716 = VERTEX_POINT('',#5717);
#5717 = CARTESIAN_POINT('',(73.062853,-151.3,1.51));
#5718 = CIRCLE('',#5719,0.300023425677);
#5719 = AXIS2_PLACEMENT_3D('',#5720,#5721,#5722);
#5720 = CARTESIAN_POINT('',(73.062846772307,-151.6000234256,1.51));
#5721 = DIRECTION('',(0.,0.,-1.));
#5722 = DIRECTION('',(2.075735526998E-05,0.999999999785,0.));
#5723 = ORIENTED_EDGE('',*,*,#5724,.F.);
#5724 = EDGE_CURVE('',#5725,#5716,#5727,.T.);
#5725 = VERTEX_POINT('',#5726);
#5726 = CARTESIAN_POINT('',(72.1625,-151.3,1.51));
#5727 = LINE('',#5728,#5729);
#5728 = CARTESIAN_POINT('',(72.1625,-151.3,1.51));
#5729 = VECTOR('',#5730,1.);
#5730 = DIRECTION('',(1.,0.,0.));
#5731 = ORIENTED_EDGE('',*,*,#5732,.F.);
#5732 = EDGE_CURVE('',#5733,#5725,#5735,.T.);
#5733 = VERTEX_POINT('',#5734);
#5734 = CARTESIAN_POINT('',(71.262147,-151.3,1.51));
#5735 = LINE('',#5736,#5737);
#5736 = CARTESIAN_POINT('',(71.262147,-151.3,1.51));
#5737 = VECTOR('',#5738,1.);
#5738 = DIRECTION('',(1.,0.,0.));
#5739 = ORIENTED_EDGE('',*,*,#5740,.F.);
#5740 = EDGE_CURVE('',#5741,#5733,#5743,.T.);
#5741 = VERTEX_POINT('',#5742);
#5742 = CARTESIAN_POINT('',(71.105845,-151.343934,1.51));
#5743 = CIRCLE('',#5744,0.299991600078);
#5744 = AXIS2_PLACEMENT_3D('',#5745,#5746,#5747);
#5745 = CARTESIAN_POINT('',(71.262144282039,-151.5999916,1.51));
#5746 = DIRECTION('',(0.,0.,-1.));
#5747 = DIRECTION('',(-0.521012195003,0.853549232709,0.));
#5748 = ORIENTED_EDGE('',*,*,#5749,.F.);
#5749 = EDGE_CURVE('',#5750,#5741,#5752,.T.);
#5750 = VERTEX_POINT('',#5751);
#5751 = CARTESIAN_POINT('',(70.418566,-150.656655,1.51));
#5752 = CIRCLE('',#5753,0.499999603944);
#5753 = AXIS2_PLACEMENT_3D('',#5754,#5755,#5756);
#5754 = CARTESIAN_POINT('',(70.84534211054,-150.9171578894,1.51));
#5755 = DIRECTION('',(0.,0.,1.));
#5756 = DIRECTION('',(-0.853552897188,0.521006191616,0.));
#5757 = ORIENTED_EDGE('',*,*,#5758,.F.);
#5758 = EDGE_CURVE('',#5759,#5750,#5761,.T.);
#5759 = VERTEX_POINT('',#5760);
#5760 = CARTESIAN_POINT('',(70.4625,-150.500353,1.51));
#5761 = CIRCLE('',#5762,0.299991600078);
#5762 = AXIS2_PLACEMENT_3D('',#5763,#5764,#5765);
#5763 = CARTESIAN_POINT('',(70.162508399935,-150.5003557179,1.51));
#5764 = DIRECTION('',(0.,0.,-1.));
#5765 = DIRECTION('',(0.999999999959,9.060123382969E-06,0.));
#5766 = ORIENTED_EDGE('',*,*,#5767,.F.);
#5767 = EDGE_CURVE('',#5768,#5759,#5770,.T.);
#5768 = VERTEX_POINT('',#5769);
#5769 = CARTESIAN_POINT('',(70.4625,-149.8,1.51));
#5770 = LINE('',#5771,#5772);
#5771 = CARTESIAN_POINT('',(70.4625,-149.8,1.51));
#5772 = VECTOR('',#5773,1.);
#5773 = DIRECTION('',(0.,-1.,0.));
#5774 = ORIENTED_EDGE('',*,*,#5775,.F.);
#5775 = EDGE_CURVE('',#5776,#5768,#5778,.T.);
#5776 = VERTEX_POINT('',#5777);
#5777 = CARTESIAN_POINT('',(70.4625,-149.099647,1.51));
#5778 = LINE('',#5779,#5780);
#5779 = CARTESIAN_POINT('',(70.4625,-149.099647,1.51));
#5780 = VECTOR('',#5781,1.);
#5781 = DIRECTION('',(0.,-1.,0.));
#5782 = ORIENTED_EDGE('',*,*,#5783,.F.);
#5783 = EDGE_CURVE('',#5784,#5776,#5786,.T.);
#5784 = VERTEX_POINT('',#5785);
#5785 = CARTESIAN_POINT('',(70.418566,-148.943345,1.51));
#5786 = CIRCLE('',#5787,0.299991600078);
#5787 = AXIS2_PLACEMENT_3D('',#5788,#5789,#5790);
#5788 = CARTESIAN_POINT('',(70.162508399935,-149.099644282,1.51));
#5789 = DIRECTION('',(0.,0.,-1.));
#5790 = DIRECTION('',(0.853549232709,0.521012195004,0.));
#5791 = ORIENTED_EDGE('',*,*,#5792,.F.);
#5792 = EDGE_CURVE('',#5793,#5784,#5795,.T.);
#5793 = VERTEX_POINT('',#5794);
#5794 = CARTESIAN_POINT('',(71.105845,-148.256066,1.51));
#5795 = CIRCLE('',#5796,0.499999603944);
#5796 = AXIS2_PLACEMENT_3D('',#5797,#5798,#5799);
#5797 = CARTESIAN_POINT('',(70.84534211054,-148.6828421105,1.51));
#5798 = DIRECTION('',(0.,0.,1.));
#5799 = DIRECTION('',(0.521006191616,0.853552897188,-0.));
#5800 = ORIENTED_EDGE('',*,*,#5801,.F.);
#5801 = EDGE_CURVE('',#5802,#5793,#5804,.T.);
#5802 = VERTEX_POINT('',#5803);
#5803 = CARTESIAN_POINT('',(71.262147,-148.3,1.51));
#5804 = CIRCLE('',#5805,0.299991600078);
#5805 = AXIS2_PLACEMENT_3D('',#5806,#5807,#5808);
#5806 = CARTESIAN_POINT('',(71.262144282039,-148.0000083999,1.51));
#5807 = DIRECTION('',(0.,0.,-1.));
#5808 = DIRECTION('',(9.060123051365E-06,-0.999999999959,0.));
#5809 = ORIENTED_EDGE('',*,*,#5810,.F.);
#5810 = EDGE_CURVE('',#5811,#5802,#5813,.T.);
#5811 = VERTEX_POINT('',#5812);
#5812 = CARTESIAN_POINT('',(72.1625,-148.3,1.51));
#5813 = LINE('',#5814,#5815);
#5814 = CARTESIAN_POINT('',(72.1625,-148.3,1.51));
#5815 = VECTOR('',#5816,1.);
#5816 = DIRECTION('',(-1.,0.,0.));
#5817 = ORIENTED_EDGE('',*,*,#5818,.F.);
#5818 = EDGE_CURVE('',#5819,#5811,#5821,.T.);
#5819 = VERTEX_POINT('',#5820);
#5820 = CARTESIAN_POINT('',(73.062853,-148.3,1.51));
#5821 = LINE('',#5822,#5823);
#5822 = CARTESIAN_POINT('',(73.062853,-148.3,1.51));
#5823 = VECTOR('',#5824,1.);
#5824 = DIRECTION('',(-1.,0.,0.));
#5825 = ORIENTED_EDGE('',*,*,#5826,.F.);
#5826 = EDGE_CURVE('',#5664,#5819,#5827,.T.);
#5827 = CIRCLE('',#5828,0.299966762339);
#5828 = AXIS2_PLACEMENT_3D('',#5829,#5830,#5831);
#5829 = CARTESIAN_POINT('',(73.062862699494,-148.0000332378,1.51));
#5830 = DIRECTION('',(0.,0.,-1.));
#5831 = DIRECTION('',(0.521032061311,-0.853537105864,0.));
#5832 = FACE_BOUND('',#5833,.T.);
#5833 = EDGE_LOOP('',(#5834));
#5834 = ORIENTED_EDGE('',*,*,#5835,.T.);
#5835 = EDGE_CURVE('',#5836,#5836,#5838,.T.);
#5836 = VERTEX_POINT('',#5837);
#5837 = CARTESIAN_POINT('',(72.1625,-146.72,1.51));
#5838 = CIRCLE('',#5839,2.);
#5839 = AXIS2_PLACEMENT_3D('',#5840,#5841,#5842);
#5840 = CARTESIAN_POINT('',(72.1625,-144.72,1.51));
#5841 = DIRECTION('',(-0.,0.,-1.));
#5842 = DIRECTION('',(-0.,-1.,0.));
#5843 = FACE_BOUND('',#5844,.T.);
#5844 = EDGE_LOOP('',(#5845));
#5845 = ORIENTED_EDGE('',*,*,#5846,.T.);
#5846 = EDGE_CURVE('',#5847,#5847,#5849,.T.);
#5847 = VERTEX_POINT('',#5848);
#5848 = CARTESIAN_POINT('',(77.2425,-145.595,1.51));
#5849 = CIRCLE('',#5850,0.875);
#5850 = AXIS2_PLACEMENT_3D('',#5851,#5852,#5853);
#5851 = CARTESIAN_POINT('',(77.2425,-144.72,1.51));
#5852 = DIRECTION('',(-0.,0.,-1.));
#5853 = DIRECTION('',(-0.,-1.,0.));
#5854 = FACE_BOUND('',#5855,.T.);
#5855 = EDGE_LOOP('',(#5856));
#5856 = ORIENTED_EDGE('',*,*,#5857,.T.);
#5857 = EDGE_CURVE('',#5858,#5858,#5860,.T.);
#5858 = VERTEX_POINT('',#5859);
#5859 = CARTESIAN_POINT('',(74.7025,-141.165,1.51));
#5860 = CIRCLE('',#5861,1.525);
#5861 = AXIS2_PLACEMENT_3D('',#5862,#5863,#5864);
#5862 = CARTESIAN_POINT('',(74.7025,-139.64,1.51));
#5863 = DIRECTION('',(-0.,0.,-1.));
#5864 = DIRECTION('',(-0.,-1.,0.));
#5865 = FACE_BOUND('',#5866,.T.);
#5866 = EDGE_LOOP('',(#5867,#5878,#5887,#5895,#5903,#5912,#5921,#5930,
    #5938,#5946,#5955,#5964,#5973,#5981,#5989,#5998,#6007,#6016,#6024,
    #6032));
#5867 = ORIENTED_EDGE('',*,*,#5868,.F.);
#5868 = EDGE_CURVE('',#5869,#5871,#5873,.T.);
#5869 = VERTEX_POINT('',#5870);
#5870 = CARTESIAN_POINT('',(73.906434,-129.893345,1.51));
#5871 = VERTEX_POINT('',#5872);
#5872 = CARTESIAN_POINT('',(73.219155,-129.206066,1.51));
#5873 = CIRCLE('',#5874,0.499999603944);
#5874 = AXIS2_PLACEMENT_3D('',#5875,#5876,#5877);
#5875 = CARTESIAN_POINT('',(73.47965788946,-129.6328421105,1.51));
#5876 = DIRECTION('',(0.,0.,1.));
#5877 = DIRECTION('',(0.853552897188,-0.521006191615,0.));
#5878 = ORIENTED_EDGE('',*,*,#5879,.F.);
#5879 = EDGE_CURVE('',#5880,#5869,#5882,.T.);
#5880 = VERTEX_POINT('',#5881);
#5881 = CARTESIAN_POINT('',(73.8625,-130.049647,1.51));
#5882 = CIRCLE('',#5883,0.299683785035);
#5883 = AXIS2_PLACEMENT_3D('',#5884,#5885,#5886);
#5884 = CARTESIAN_POINT('',(74.162183771747,-130.0495577564,1.51));
#5885 = DIRECTION('',(0.,0.,-1.));
#5886 = DIRECTION('',(-0.99999995566,-2.977925314544E-04,-0.));
#5887 = ORIENTED_EDGE('',*,*,#5888,.F.);
#5888 = EDGE_CURVE('',#5889,#5880,#5891,.T.);
#5889 = VERTEX_POINT('',#5890);
#5890 = CARTESIAN_POINT('',(73.8625,-130.75,1.51));
#5891 = LINE('',#5892,#5893);
#5892 = CARTESIAN_POINT('',(73.8625,-130.75,1.51));
#5893 = VECTOR('',#5894,1.);
#5894 = DIRECTION('',(0.,1.,0.));
#5895 = ORIENTED_EDGE('',*,*,#5896,.F.);
#5896 = EDGE_CURVE('',#5897,#5889,#5899,.T.);
#5897 = VERTEX_POINT('',#5898);
#5898 = CARTESIAN_POINT('',(73.8625,-131.450353,1.51));
#5899 = LINE('',#5900,#5901);
#5900 = CARTESIAN_POINT('',(73.8625,-131.450353,1.51));
#5901 = VECTOR('',#5902,1.);
#5902 = DIRECTION('',(0.,1.,0.));
#5903 = ORIENTED_EDGE('',*,*,#5904,.F.);
#5904 = EDGE_CURVE('',#5905,#5897,#5907,.T.);
#5905 = VERTEX_POINT('',#5906);
#5906 = CARTESIAN_POINT('',(73.906434,-131.606655,1.51));
#5907 = CIRCLE('',#5908,0.299966762338);
#5908 = AXIS2_PLACEMENT_3D('',#5909,#5910,#5911);
#5909 = CARTESIAN_POINT('',(74.162466762181,-131.4503626994,1.51));
#5910 = DIRECTION('',(0.,0.,-1.));
#5911 = DIRECTION('',(-0.853537105863,-0.521032061311,-0.));
#5912 = ORIENTED_EDGE('',*,*,#5913,.F.);
#5913 = EDGE_CURVE('',#5914,#5905,#5916,.T.);
#5914 = VERTEX_POINT('',#5915);
#5915 = CARTESIAN_POINT('',(73.219155,-132.293934,1.51));
#5916 = CIRCLE('',#5917,0.499998734392);
#5917 = AXIS2_PLACEMENT_3D('',#5918,#5919,#5920);
#5918 = CARTESIAN_POINT('',(73.479660504327,-131.8671605043,1.51));
#5919 = DIRECTION('',(0.,0.,1.));
#5920 = DIRECTION('',(-0.521012327448,-0.853549151864,0.));
#5921 = ORIENTED_EDGE('',*,*,#5922,.F.);
#5922 = EDGE_CURVE('',#5923,#5914,#5925,.T.);
#5923 = VERTEX_POINT('',#5924);
#5924 = CARTESIAN_POINT('',(73.062853,-132.25,1.51));
#5925 = CIRCLE('',#5926,0.300023425677);
#5926 = AXIS2_PLACEMENT_3D('',#5927,#5928,#5929);
#5927 = CARTESIAN_POINT('',(73.062846772307,-132.5500234256,1.51));
#5928 = DIRECTION('',(0.,0.,-1.));
#5929 = DIRECTION('',(2.075735508054E-05,0.999999999785,0.));
#5930 = ORIENTED_EDGE('',*,*,#5931,.F.);
#5931 = EDGE_CURVE('',#5932,#5923,#5934,.T.);
#5932 = VERTEX_POINT('',#5933);
#5933 = CARTESIAN_POINT('',(72.1625,-132.25,1.51));
#5934 = LINE('',#5935,#5936);
#5935 = CARTESIAN_POINT('',(72.1625,-132.25,1.51));
#5936 = VECTOR('',#5937,1.);
#5937 = DIRECTION('',(1.,0.,0.));
#5938 = ORIENTED_EDGE('',*,*,#5939,.F.);
#5939 = EDGE_CURVE('',#5940,#5932,#5942,.T.);
#5940 = VERTEX_POINT('',#5941);
#5941 = CARTESIAN_POINT('',(71.262147,-132.25,1.51));
#5942 = LINE('',#5943,#5944);
#5943 = CARTESIAN_POINT('',(71.262147,-132.25,1.51));
#5944 = VECTOR('',#5945,1.);
#5945 = DIRECTION('',(1.,0.,0.));
#5946 = ORIENTED_EDGE('',*,*,#5947,.F.);
#5947 = EDGE_CURVE('',#5948,#5940,#5950,.T.);
#5948 = VERTEX_POINT('',#5949);
#5949 = CARTESIAN_POINT('',(71.105845,-132.293934,1.51));
#5950 = CIRCLE('',#5951,0.299991600077);
#5951 = AXIS2_PLACEMENT_3D('',#5952,#5953,#5954);
#5952 = CARTESIAN_POINT('',(71.262144282039,-132.5499916,1.51));
#5953 = DIRECTION('',(0.,0.,-1.));
#5954 = DIRECTION('',(-0.521012195004,0.853549232709,0.));
#5955 = ORIENTED_EDGE('',*,*,#5956,.F.);
#5956 = EDGE_CURVE('',#5957,#5948,#5959,.T.);
#5957 = VERTEX_POINT('',#5958);
#5958 = CARTESIAN_POINT('',(70.418566,-131.606655,1.51));
#5959 = CIRCLE('',#5960,0.499999603944);
#5960 = AXIS2_PLACEMENT_3D('',#5961,#5962,#5963);
#5961 = CARTESIAN_POINT('',(70.84534211054,-131.8671578894,1.51));
#5962 = DIRECTION('',(0.,0.,1.));
#5963 = DIRECTION('',(-0.853552897188,0.521006191615,0.));
#5964 = ORIENTED_EDGE('',*,*,#5965,.F.);
#5965 = EDGE_CURVE('',#5966,#5957,#5968,.T.);
#5966 = VERTEX_POINT('',#5967);
#5967 = CARTESIAN_POINT('',(70.4625,-131.450353,1.51));
#5968 = CIRCLE('',#5969,0.299991600078);
#5969 = AXIS2_PLACEMENT_3D('',#5970,#5971,#5972);
#5970 = CARTESIAN_POINT('',(70.162508399935,-131.4503557179,1.51));
#5971 = DIRECTION('',(0.,0.,-1.));
#5972 = DIRECTION('',(0.999999999959,9.06012338297E-06,0.));
#5973 = ORIENTED_EDGE('',*,*,#5974,.F.);
#5974 = EDGE_CURVE('',#5975,#5966,#5977,.T.);
#5975 = VERTEX_POINT('',#5976);
#5976 = CARTESIAN_POINT('',(70.4625,-130.75,1.51));
#5977 = LINE('',#5978,#5979);
#5978 = CARTESIAN_POINT('',(70.4625,-130.75,1.51));
#5979 = VECTOR('',#5980,1.);
#5980 = DIRECTION('',(0.,-1.,0.));
#5981 = ORIENTED_EDGE('',*,*,#5982,.F.);
#5982 = EDGE_CURVE('',#5983,#5975,#5985,.T.);
#5983 = VERTEX_POINT('',#5984);
#5984 = CARTESIAN_POINT('',(70.4625,-130.049647,1.51));
#5985 = LINE('',#5986,#5987);
#5986 = CARTESIAN_POINT('',(70.4625,-130.049647,1.51));
#5987 = VECTOR('',#5988,1.);
#5988 = DIRECTION('',(0.,-1.,0.));
#5989 = ORIENTED_EDGE('',*,*,#5990,.F.);
#5990 = EDGE_CURVE('',#5991,#5983,#5993,.T.);
#5991 = VERTEX_POINT('',#5992);
#5992 = CARTESIAN_POINT('',(70.418566,-129.893345,1.51));
#5993 = CIRCLE('',#5994,0.299991600078);
#5994 = AXIS2_PLACEMENT_3D('',#5995,#5996,#5997);
#5995 = CARTESIAN_POINT('',(70.162508399935,-130.049644282,1.51));
#5996 = DIRECTION('',(0.,0.,-1.));
#5997 = DIRECTION('',(0.853549232709,0.521012195003,0.));
#5998 = ORIENTED_EDGE('',*,*,#5999,.F.);
#5999 = EDGE_CURVE('',#6000,#5991,#6002,.T.);
#6000 = VERTEX_POINT('',#6001);
#6001 = CARTESIAN_POINT('',(71.105845,-129.206066,1.51));
#6002 = CIRCLE('',#6003,0.499999603944);
#6003 = AXIS2_PLACEMENT_3D('',#6004,#6005,#6006);
#6004 = CARTESIAN_POINT('',(70.84534211054,-129.6328421105,1.51));
#6005 = DIRECTION('',(0.,0.,1.));
#6006 = DIRECTION('',(0.521006191615,0.853552897188,-0.));
#6007 = ORIENTED_EDGE('',*,*,#6008,.F.);
#6008 = EDGE_CURVE('',#6009,#6000,#6011,.T.);
#6009 = VERTEX_POINT('',#6010);
#6010 = CARTESIAN_POINT('',(71.262147,-129.25,1.51));
#6011 = CIRCLE('',#6012,0.299991600077);
#6012 = AXIS2_PLACEMENT_3D('',#6013,#6014,#6015);
#6013 = CARTESIAN_POINT('',(71.262144282039,-128.9500083999,1.51));
#6014 = DIRECTION('',(0.,0.,-1.));
#6015 = DIRECTION('',(9.060123714578E-06,-0.999999999959,0.));
#6016 = ORIENTED_EDGE('',*,*,#6017,.F.);
#6017 = EDGE_CURVE('',#6018,#6009,#6020,.T.);
#6018 = VERTEX_POINT('',#6019);
#6019 = CARTESIAN_POINT('',(72.1625,-129.25,1.51));
#6020 = LINE('',#6021,#6022);
#6021 = CARTESIAN_POINT('',(72.1625,-129.25,1.51));
#6022 = VECTOR('',#6023,1.);
#6023 = DIRECTION('',(-1.,0.,0.));
#6024 = ORIENTED_EDGE('',*,*,#6025,.F.);
#6025 = EDGE_CURVE('',#6026,#6018,#6028,.T.);
#6026 = VERTEX_POINT('',#6027);
#6027 = CARTESIAN_POINT('',(73.062853,-129.25,1.51));
#6028 = LINE('',#6029,#6030);
#6029 = CARTESIAN_POINT('',(73.062853,-129.25,1.51));
#6030 = VECTOR('',#6031,1.);
#6031 = DIRECTION('',(-1.,0.,0.));
#6032 = ORIENTED_EDGE('',*,*,#6033,.F.);
#6033 = EDGE_CURVE('',#5871,#6026,#6034,.T.);
#6034 = CIRCLE('',#6035,0.299966762338);
#6035 = AXIS2_PLACEMENT_3D('',#6036,#6037,#6038);
#6036 = CARTESIAN_POINT('',(73.062862699494,-128.9500332378,1.51));
#6037 = DIRECTION('',(0.,0.,-1.));
#6038 = DIRECTION('',(0.521032061311,-0.853537105863,0.));
#6039 = FACE_BOUND('',#6040,.T.);
#6040 = EDGE_LOOP('',(#6041));
#6041 = ORIENTED_EDGE('',*,*,#6042,.T.);
#6042 = EDGE_CURVE('',#6043,#6043,#6045,.T.);
#6043 = VERTEX_POINT('',#6044);
#6044 = CARTESIAN_POINT('',(48.0325,-126.545,1.51));
#6045 = CIRCLE('',#6046,0.875);
#6046 = AXIS2_PLACEMENT_3D('',#6047,#6048,#6049);
#6047 = CARTESIAN_POINT('',(48.0325,-125.67,1.51));
#6048 = DIRECTION('',(-0.,0.,-1.));
#6049 = DIRECTION('',(-0.,-1.,0.));
#6050 = FACE_BOUND('',#6051,.T.);
#6051 = EDGE_LOOP('',(#6052));
#6052 = ORIENTED_EDGE('',*,*,#6053,.T.);
#6053 = EDGE_CURVE('',#6054,#6054,#6056,.T.);
#6054 = VERTEX_POINT('',#6055);
#6055 = CARTESIAN_POINT('',(53.1125,-127.67,1.51));
#6056 = CIRCLE('',#6057,2.);
#6057 = AXIS2_PLACEMENT_3D('',#6058,#6059,#6060);
#6058 = CARTESIAN_POINT('',(53.1125,-125.67,1.51));
#6059 = DIRECTION('',(-0.,0.,-1.));
#6060 = DIRECTION('',(-0.,-1.,0.));
#6061 = FACE_BOUND('',#6062,.T.);
#6062 = EDGE_LOOP('',(#6063));
#6063 = ORIENTED_EDGE('',*,*,#6064,.T.);
#6064 = EDGE_CURVE('',#6065,#6065,#6067,.T.);
#6065 = VERTEX_POINT('',#6066);
#6066 = CARTESIAN_POINT('',(49.3025,-124.655,1.51));
#6067 = CIRCLE('',#6068,1.525);
#6068 = AXIS2_PLACEMENT_3D('',#6069,#6070,#6071);
#6069 = CARTESIAN_POINT('',(49.3025,-123.13,1.51));
#6070 = DIRECTION('',(-0.,0.,-1.));
#6071 = DIRECTION('',(-0.,-1.,0.));
#6072 = FACE_BOUND('',#6073,.T.);
#6073 = EDGE_LOOP('',(#6074));
#6074 = ORIENTED_EDGE('',*,*,#6075,.T.);
#6075 = EDGE_CURVE('',#6076,#6076,#6078,.T.);
#6076 = VERTEX_POINT('',#6077);
#6077 = CARTESIAN_POINT('',(58.1925,-126.545,1.51));
#6078 = CIRCLE('',#6079,0.875);
#6079 = AXIS2_PLACEMENT_3D('',#6080,#6081,#6082);
#6080 = CARTESIAN_POINT('',(58.1925,-125.67,1.51));
#6081 = DIRECTION('',(-0.,0.,-1.));
#6082 = DIRECTION('',(-0.,-1.,0.));
#6083 = FACE_BOUND('',#6084,.T.);
#6084 = EDGE_LOOP('',(#6085));
#6085 = ORIENTED_EDGE('',*,*,#6086,.T.);
#6086 = EDGE_CURVE('',#6087,#6087,#6089,.T.);
#6087 = VERTEX_POINT('',#6088);
#6088 = CARTESIAN_POINT('',(55.6525,-122.115,1.51));
#6089 = CIRCLE('',#6090,1.525);
#6090 = AXIS2_PLACEMENT_3D('',#6091,#6092,#6093);
#6091 = CARTESIAN_POINT('',(55.6525,-120.59,1.51));
#6092 = DIRECTION('',(-0.,0.,-1.));
#6093 = DIRECTION('',(-0.,-1.,0.));
#6094 = FACE_BOUND('',#6095,.T.);
#6095 = EDGE_LOOP('',(#6096));
#6096 = ORIENTED_EDGE('',*,*,#6097,.T.);
#6097 = EDGE_CURVE('',#6098,#6098,#6100,.T.);
#6098 = VERTEX_POINT('',#6099);
#6099 = CARTESIAN_POINT('',(48.0325,-107.495,1.51));
#6100 = CIRCLE('',#6101,0.875);
#6101 = AXIS2_PLACEMENT_3D('',#6102,#6103,#6104);
#6102 = CARTESIAN_POINT('',(48.0325,-106.62,1.51));
#6103 = DIRECTION('',(-0.,0.,-1.));
#6104 = DIRECTION('',(-0.,-1.,0.));
#6105 = FACE_BOUND('',#6106,.T.);
#6106 = EDGE_LOOP('',(#6107,#6118,#6127,#6135,#6143,#6152,#6161,#6170,
    #6178,#6186,#6195,#6204,#6213,#6221,#6229,#6238,#6247,#6256,#6264,
    #6272));
#6107 = ORIENTED_EDGE('',*,*,#6108,.F.);
#6108 = EDGE_CURVE('',#6109,#6111,#6113,.T.);
#6109 = VERTEX_POINT('',#6110);
#6110 = CARTESIAN_POINT('',(54.856434,-110.843345,1.51));
#6111 = VERTEX_POINT('',#6112);
#6112 = CARTESIAN_POINT('',(54.169155,-110.156066,1.51));
#6113 = CIRCLE('',#6114,0.499999603944);
#6114 = AXIS2_PLACEMENT_3D('',#6115,#6116,#6117);
#6115 = CARTESIAN_POINT('',(54.42965788946,-110.5828421105,1.51));
#6116 = DIRECTION('',(0.,0.,1.));
#6117 = DIRECTION('',(0.853552897188,-0.521006191616,0.));
#6118 = ORIENTED_EDGE('',*,*,#6119,.F.);
#6119 = EDGE_CURVE('',#6120,#6109,#6122,.T.);
#6120 = VERTEX_POINT('',#6121);
#6121 = CARTESIAN_POINT('',(54.8125,-110.999647,1.51));
#6122 = CIRCLE('',#6123,0.299683785035);
#6123 = AXIS2_PLACEMENT_3D('',#6124,#6125,#6126);
#6124 = CARTESIAN_POINT('',(55.112183771747,-110.9995577564,1.51));
#6125 = DIRECTION('',(0.,0.,-1.));
#6126 = DIRECTION('',(-0.99999995566,-2.977925314543E-04,-0.));
#6127 = ORIENTED_EDGE('',*,*,#6128,.F.);
#6128 = EDGE_CURVE('',#6129,#6120,#6131,.T.);
#6129 = VERTEX_POINT('',#6130);
#6130 = CARTESIAN_POINT('',(54.8125,-111.7,1.51));
#6131 = LINE('',#6132,#6133);
#6132 = CARTESIAN_POINT('',(54.8125,-111.7,1.51));
#6133 = VECTOR('',#6134,1.);
#6134 = DIRECTION('',(0.,1.,0.));
#6135 = ORIENTED_EDGE('',*,*,#6136,.F.);
#6136 = EDGE_CURVE('',#6137,#6129,#6139,.T.);
#6137 = VERTEX_POINT('',#6138);
#6138 = CARTESIAN_POINT('',(54.8125,-112.400353,1.51));
#6139 = LINE('',#6140,#6141);
#6140 = CARTESIAN_POINT('',(54.8125,-112.400353,1.51));
#6141 = VECTOR('',#6142,1.);
#6142 = DIRECTION('',(0.,1.,0.));
#6143 = ORIENTED_EDGE('',*,*,#6144,.F.);
#6144 = EDGE_CURVE('',#6145,#6137,#6147,.T.);
#6145 = VERTEX_POINT('',#6146);
#6146 = CARTESIAN_POINT('',(54.856434,-112.556655,1.51));
#6147 = CIRCLE('',#6148,0.299966762338);
#6148 = AXIS2_PLACEMENT_3D('',#6149,#6150,#6151);
#6149 = CARTESIAN_POINT('',(55.112466762181,-112.4003626994,1.51));
#6150 = DIRECTION('',(0.,0.,-1.));
#6151 = DIRECTION('',(-0.853537105863,-0.521032061311,-0.));
#6152 = ORIENTED_EDGE('',*,*,#6153,.F.);
#6153 = EDGE_CURVE('',#6154,#6145,#6156,.T.);
#6154 = VERTEX_POINT('',#6155);
#6155 = CARTESIAN_POINT('',(54.169155,-113.243934,1.51));
#6156 = CIRCLE('',#6157,0.499998734392);
#6157 = AXIS2_PLACEMENT_3D('',#6158,#6159,#6160);
#6158 = CARTESIAN_POINT('',(54.429660504327,-112.8171605043,1.51));
#6159 = DIRECTION('',(0.,0.,1.));
#6160 = DIRECTION('',(-0.521012327448,-0.853549151864,0.));
#6161 = ORIENTED_EDGE('',*,*,#6162,.F.);
#6162 = EDGE_CURVE('',#6163,#6154,#6165,.T.);
#6163 = VERTEX_POINT('',#6164);
#6164 = CARTESIAN_POINT('',(54.012853,-113.2,1.51));
#6165 = CIRCLE('',#6166,0.300023425677);
#6166 = AXIS2_PLACEMENT_3D('',#6167,#6168,#6169);
#6167 = CARTESIAN_POINT('',(54.012846772307,-113.5000234256,1.51));
#6168 = DIRECTION('',(0.,0.,-1.));
#6169 = DIRECTION('',(2.075735515157E-05,0.999999999785,0.));
#6170 = ORIENTED_EDGE('',*,*,#6171,.F.);
#6171 = EDGE_CURVE('',#6172,#6163,#6174,.T.);
#6172 = VERTEX_POINT('',#6173);
#6173 = CARTESIAN_POINT('',(53.1125,-113.2,1.51));
#6174 = LINE('',#6175,#6176);
#6175 = CARTESIAN_POINT('',(53.1125,-113.2,1.51));
#6176 = VECTOR('',#6177,1.);
#6177 = DIRECTION('',(1.,0.,0.));
#6178 = ORIENTED_EDGE('',*,*,#6179,.F.);
#6179 = EDGE_CURVE('',#6180,#6172,#6182,.T.);
#6180 = VERTEX_POINT('',#6181);
#6181 = CARTESIAN_POINT('',(52.212147,-113.2,1.51));
#6182 = LINE('',#6183,#6184);
#6183 = CARTESIAN_POINT('',(52.212147,-113.2,1.51));
#6184 = VECTOR('',#6185,1.);
#6185 = DIRECTION('',(1.,0.,0.));
#6186 = ORIENTED_EDGE('',*,*,#6187,.F.);
#6187 = EDGE_CURVE('',#6188,#6180,#6190,.T.);
#6188 = VERTEX_POINT('',#6189);
#6189 = CARTESIAN_POINT('',(52.055845,-113.243934,1.51));
#6190 = CIRCLE('',#6191,0.299991600078);
#6191 = AXIS2_PLACEMENT_3D('',#6192,#6193,#6194);
#6192 = CARTESIAN_POINT('',(52.212144282039,-113.4999916,1.51));
#6193 = DIRECTION('',(0.,0.,-1.));
#6194 = DIRECTION('',(-0.521012195004,0.853549232709,0.));
#6195 = ORIENTED_EDGE('',*,*,#6196,.F.);
#6196 = EDGE_CURVE('',#6197,#6188,#6199,.T.);
#6197 = VERTEX_POINT('',#6198);
#6198 = CARTESIAN_POINT('',(51.368566,-112.556655,1.51));
#6199 = CIRCLE('',#6200,0.499999603944);
#6200 = AXIS2_PLACEMENT_3D('',#6201,#6202,#6203);
#6201 = CARTESIAN_POINT('',(51.79534211054,-112.8171578894,1.51));
#6202 = DIRECTION('',(0.,0.,1.));
#6203 = DIRECTION('',(-0.853552897188,0.521006191616,0.));
#6204 = ORIENTED_EDGE('',*,*,#6205,.F.);
#6205 = EDGE_CURVE('',#6206,#6197,#6208,.T.);
#6206 = VERTEX_POINT('',#6207);
#6207 = CARTESIAN_POINT('',(51.4125,-112.400353,1.51));
#6208 = CIRCLE('',#6209,0.299991600078);
#6209 = AXIS2_PLACEMENT_3D('',#6210,#6211,#6212);
#6210 = CARTESIAN_POINT('',(51.112508399935,-112.4003557179,1.51));
#6211 = DIRECTION('',(0.,0.,-1.));
#6212 = DIRECTION('',(0.999999999959,9.060123477714E-06,0.));
#6213 = ORIENTED_EDGE('',*,*,#6214,.F.);
#6214 = EDGE_CURVE('',#6215,#6206,#6217,.T.);
#6215 = VERTEX_POINT('',#6216);
#6216 = CARTESIAN_POINT('',(51.4125,-111.7,1.51));
#6217 = LINE('',#6218,#6219);
#6218 = CARTESIAN_POINT('',(51.4125,-111.7,1.51));
#6219 = VECTOR('',#6220,1.);
#6220 = DIRECTION('',(0.,-1.,0.));
#6221 = ORIENTED_EDGE('',*,*,#6222,.F.);
#6222 = EDGE_CURVE('',#6223,#6215,#6225,.T.);
#6223 = VERTEX_POINT('',#6224);
#6224 = CARTESIAN_POINT('',(51.4125,-110.999647,1.51));
#6225 = LINE('',#6226,#6227);
#6226 = CARTESIAN_POINT('',(51.4125,-110.999647,1.51));
#6227 = VECTOR('',#6228,1.);
#6228 = DIRECTION('',(0.,-1.,0.));
#6229 = ORIENTED_EDGE('',*,*,#6230,.F.);
#6230 = EDGE_CURVE('',#6231,#6223,#6233,.T.);
#6231 = VERTEX_POINT('',#6232);
#6232 = CARTESIAN_POINT('',(51.368566,-110.843345,1.51));
#6233 = CIRCLE('',#6234,0.299991600078);
#6234 = AXIS2_PLACEMENT_3D('',#6235,#6236,#6237);
#6235 = CARTESIAN_POINT('',(51.112508399935,-110.999644282,1.51));
#6236 = DIRECTION('',(0.,0.,-1.));
#6237 = DIRECTION('',(0.853549232709,0.521012195004,0.));
#6238 = ORIENTED_EDGE('',*,*,#6239,.F.);
#6239 = EDGE_CURVE('',#6240,#6231,#6242,.T.);
#6240 = VERTEX_POINT('',#6241);
#6241 = CARTESIAN_POINT('',(52.055845,-110.156066,1.51));
#6242 = CIRCLE('',#6243,0.499999603944);
#6243 = AXIS2_PLACEMENT_3D('',#6244,#6245,#6246);
#6244 = CARTESIAN_POINT('',(51.79534211054,-110.5828421105,1.51));
#6245 = DIRECTION('',(0.,0.,1.));
#6246 = DIRECTION('',(0.521006191616,0.853552897188,-0.));
#6247 = ORIENTED_EDGE('',*,*,#6248,.F.);
#6248 = EDGE_CURVE('',#6249,#6240,#6251,.T.);
#6249 = VERTEX_POINT('',#6250);
#6250 = CARTESIAN_POINT('',(52.212147,-110.2,1.51));
#6251 = CIRCLE('',#6252,0.299991600078);
#6252 = AXIS2_PLACEMENT_3D('',#6253,#6254,#6255);
#6253 = CARTESIAN_POINT('',(52.212144282039,-109.9000083999,1.51));
#6254 = DIRECTION('',(0.,0.,-1.));
#6255 = DIRECTION('',(9.060123359285E-06,-0.999999999959,0.));
#6256 = ORIENTED_EDGE('',*,*,#6257,.F.);
#6257 = EDGE_CURVE('',#6258,#6249,#6260,.T.);
#6258 = VERTEX_POINT('',#6259);
#6259 = CARTESIAN_POINT('',(53.1125,-110.2,1.51));
#6260 = LINE('',#6261,#6262);
#6261 = CARTESIAN_POINT('',(53.1125,-110.2,1.51));
#6262 = VECTOR('',#6263,1.);
#6263 = DIRECTION('',(-1.,0.,0.));
#6264 = ORIENTED_EDGE('',*,*,#6265,.F.);
#6265 = EDGE_CURVE('',#6266,#6258,#6268,.T.);
#6266 = VERTEX_POINT('',#6267);
#6267 = CARTESIAN_POINT('',(54.012853,-110.2,1.51));
#6268 = LINE('',#6269,#6270);
#6269 = CARTESIAN_POINT('',(54.012853,-110.2,1.51));
#6270 = VECTOR('',#6271,1.);
#6271 = DIRECTION('',(-1.,0.,0.));
#6272 = ORIENTED_EDGE('',*,*,#6273,.F.);
#6273 = EDGE_CURVE('',#6111,#6266,#6274,.T.);
#6274 = CIRCLE('',#6275,0.299966762338);
#6275 = AXIS2_PLACEMENT_3D('',#6276,#6277,#6278);
#6276 = CARTESIAN_POINT('',(54.012862699494,-109.9000332378,1.51));
#6277 = DIRECTION('',(0.,0.,-1.));
#6278 = DIRECTION('',(0.521032061311,-0.853537105863,0.));
#6279 = FACE_BOUND('',#6280,.T.);
#6280 = EDGE_LOOP('',(#6281));
#6281 = ORIENTED_EDGE('',*,*,#6282,.T.);
#6282 = EDGE_CURVE('',#6283,#6283,#6285,.T.);
#6283 = VERTEX_POINT('',#6284);
#6284 = CARTESIAN_POINT('',(49.3025,-105.605,1.51));
#6285 = CIRCLE('',#6286,1.525);
#6286 = AXIS2_PLACEMENT_3D('',#6287,#6288,#6289);
#6287 = CARTESIAN_POINT('',(49.3025,-104.08,1.51));
#6288 = DIRECTION('',(-0.,0.,-1.));
#6289 = DIRECTION('',(-0.,-1.,0.));
#6290 = FACE_BOUND('',#6291,.T.);
#6291 = EDGE_LOOP('',(#6292));
#6292 = ORIENTED_EDGE('',*,*,#6293,.T.);
#6293 = EDGE_CURVE('',#6294,#6294,#6296,.T.);
#6294 = VERTEX_POINT('',#6295);
#6295 = CARTESIAN_POINT('',(53.1125,-108.62,1.51));
#6296 = CIRCLE('',#6297,2.);
#6297 = AXIS2_PLACEMENT_3D('',#6298,#6299,#6300);
#6298 = CARTESIAN_POINT('',(53.1125,-106.62,1.51));
#6299 = DIRECTION('',(-0.,0.,-1.));
#6300 = DIRECTION('',(-0.,-1.,0.));
#6301 = FACE_BOUND('',#6302,.T.);
#6302 = EDGE_LOOP('',(#6303));
#6303 = ORIENTED_EDGE('',*,*,#6304,.T.);
#6304 = EDGE_CURVE('',#6305,#6305,#6307,.T.);
#6305 = VERTEX_POINT('',#6306);
#6306 = CARTESIAN_POINT('',(58.1925,-107.495,1.51));
#6307 = CIRCLE('',#6308,0.875);
#6308 = AXIS2_PLACEMENT_3D('',#6309,#6310,#6311);
#6309 = CARTESIAN_POINT('',(58.1925,-106.62,1.51));
#6310 = DIRECTION('',(-0.,0.,-1.));
#6311 = DIRECTION('',(-0.,-1.,0.));
#6312 = FACE_BOUND('',#6313,.T.);
#6313 = EDGE_LOOP('',(#6314));
#6314 = ORIENTED_EDGE('',*,*,#6315,.T.);
#6315 = EDGE_CURVE('',#6316,#6316,#6318,.T.);
#6316 = VERTEX_POINT('',#6317);
#6317 = CARTESIAN_POINT('',(55.6525,-103.065,1.51));
#6318 = CIRCLE('',#6319,1.525);
#6319 = AXIS2_PLACEMENT_3D('',#6320,#6321,#6322);
#6320 = CARTESIAN_POINT('',(55.6525,-101.54,1.51));
#6321 = DIRECTION('',(-0.,0.,-1.));
#6322 = DIRECTION('',(-0.,-1.,0.));
#6323 = FACE_BOUND('',#6324,.T.);
#6324 = EDGE_LOOP('',(#6325));
#6325 = ORIENTED_EDGE('',*,*,#6326,.T.);
#6326 = EDGE_CURVE('',#6327,#6327,#6329,.T.);
#6327 = VERTEX_POINT('',#6328);
#6328 = CARTESIAN_POINT('',(67.0825,-126.545,1.51));
#6329 = CIRCLE('',#6330,0.875);
#6330 = AXIS2_PLACEMENT_3D('',#6331,#6332,#6333);
#6331 = CARTESIAN_POINT('',(67.0825,-125.67,1.51));
#6332 = DIRECTION('',(-0.,0.,-1.));
#6333 = DIRECTION('',(-0.,-1.,0.));
#6334 = FACE_BOUND('',#6335,.T.);
#6335 = EDGE_LOOP('',(#6336));
#6336 = ORIENTED_EDGE('',*,*,#6337,.T.);
#6337 = EDGE_CURVE('',#6338,#6338,#6340,.T.);
#6338 = VERTEX_POINT('',#6339);
#6339 = CARTESIAN_POINT('',(68.3525,-124.655,1.51));
#6340 = CIRCLE('',#6341,1.525);
#6341 = AXIS2_PLACEMENT_3D('',#6342,#6343,#6344);
#6342 = CARTESIAN_POINT('',(68.3525,-123.13,1.51));
#6343 = DIRECTION('',(-0.,0.,-1.));
#6344 = DIRECTION('',(9.31859325587E-15,-1.,-0.));
#6345 = FACE_BOUND('',#6346,.T.);
#6346 = EDGE_LOOP('',(#6347));
#6347 = ORIENTED_EDGE('',*,*,#6348,.T.);
#6348 = EDGE_CURVE('',#6349,#6349,#6351,.T.);
#6349 = VERTEX_POINT('',#6350);
#6350 = CARTESIAN_POINT('',(72.1625,-127.67,1.51));
#6351 = CIRCLE('',#6352,2.);
#6352 = AXIS2_PLACEMENT_3D('',#6353,#6354,#6355);
#6353 = CARTESIAN_POINT('',(72.1625,-125.67,1.51));
#6354 = DIRECTION('',(-0.,0.,-1.));
#6355 = DIRECTION('',(-0.,-1.,0.));
#6356 = FACE_BOUND('',#6357,.T.);
#6357 = EDGE_LOOP('',(#6358));
#6358 = ORIENTED_EDGE('',*,*,#6359,.T.);
#6359 = EDGE_CURVE('',#6360,#6360,#6362,.T.);
#6360 = VERTEX_POINT('',#6361);
#6361 = CARTESIAN_POINT('',(77.2425,-126.545,1.51));
#6362 = CIRCLE('',#6363,0.875);
#6363 = AXIS2_PLACEMENT_3D('',#6364,#6365,#6366);
#6364 = CARTESIAN_POINT('',(77.2425,-125.67,1.51));
#6365 = DIRECTION('',(-0.,0.,-1.));
#6366 = DIRECTION('',(-0.,-1.,0.));
#6367 = FACE_BOUND('',#6368,.T.);
#6368 = EDGE_LOOP('',(#6369));
#6369 = ORIENTED_EDGE('',*,*,#6370,.T.);
#6370 = EDGE_CURVE('',#6371,#6371,#6373,.T.);
#6371 = VERTEX_POINT('',#6372);
#6372 = CARTESIAN_POINT('',(74.7025,-122.115,1.51));
#6373 = CIRCLE('',#6374,1.525);
#6374 = AXIS2_PLACEMENT_3D('',#6375,#6376,#6377);
#6375 = CARTESIAN_POINT('',(74.7025,-120.59,1.51));
#6376 = DIRECTION('',(-0.,0.,-1.));
#6377 = DIRECTION('',(-0.,-1.,0.));
#6378 = FACE_BOUND('',#6379,.T.);
#6379 = EDGE_LOOP('',(#6380));
#6380 = ORIENTED_EDGE('',*,*,#6381,.T.);
#6381 = EDGE_CURVE('',#6382,#6382,#6384,.T.);
#6382 = VERTEX_POINT('',#6383);
#6383 = CARTESIAN_POINT('',(67.0825,-107.495,1.51));
#6384 = CIRCLE('',#6385,0.875);
#6385 = AXIS2_PLACEMENT_3D('',#6386,#6387,#6388);
#6386 = CARTESIAN_POINT('',(67.0825,-106.62,1.51));
#6387 = DIRECTION('',(-0.,0.,-1.));
#6388 = DIRECTION('',(-0.,-1.,0.));
#6389 = FACE_BOUND('',#6390,.T.);
#6390 = EDGE_LOOP('',(#6391));
#6391 = ORIENTED_EDGE('',*,*,#6392,.T.);
#6392 = EDGE_CURVE('',#6393,#6393,#6395,.T.);
#6393 = VERTEX_POINT('',#6394);
#6394 = CARTESIAN_POINT('',(68.3525,-105.605,1.51));
#6395 = CIRCLE('',#6396,1.525);
#6396 = AXIS2_PLACEMENT_3D('',#6397,#6398,#6399);
#6397 = CARTESIAN_POINT('',(68.3525,-104.08,1.51));
#6398 = DIRECTION('',(-0.,0.,-1.));
#6399 = DIRECTION('',(9.31859325587E-15,-1.,-0.));
#6400 = FACE_BOUND('',#6401,.T.);
#6401 = EDGE_LOOP('',(#6402,#6413,#6422,#6430,#6438,#6447,#6456,#6465,
    #6473,#6481,#6490,#6499,#6508,#6516,#6524,#6533,#6542,#6551,#6559,
    #6567));
#6402 = ORIENTED_EDGE('',*,*,#6403,.F.);
#6403 = EDGE_CURVE('',#6404,#6406,#6408,.T.);
#6404 = VERTEX_POINT('',#6405);
#6405 = CARTESIAN_POINT('',(73.906434,-110.843345,1.51));
#6406 = VERTEX_POINT('',#6407);
#6407 = CARTESIAN_POINT('',(73.219155,-110.156066,1.51));
#6408 = CIRCLE('',#6409,0.499999603944);
#6409 = AXIS2_PLACEMENT_3D('',#6410,#6411,#6412);
#6410 = CARTESIAN_POINT('',(73.47965788946,-110.5828421105,1.51));
#6411 = DIRECTION('',(0.,0.,1.));
#6412 = DIRECTION('',(0.853552897188,-0.521006191616,0.));
#6413 = ORIENTED_EDGE('',*,*,#6414,.F.);
#6414 = EDGE_CURVE('',#6415,#6404,#6417,.T.);
#6415 = VERTEX_POINT('',#6416);
#6416 = CARTESIAN_POINT('',(73.8625,-110.999647,1.51));
#6417 = CIRCLE('',#6418,0.299683785035);
#6418 = AXIS2_PLACEMENT_3D('',#6419,#6420,#6421);
#6419 = CARTESIAN_POINT('',(74.162183771747,-110.9995577564,1.51));
#6420 = DIRECTION('',(0.,0.,-1.));
#6421 = DIRECTION('',(-0.99999995566,-2.977925313119E-04,-0.));
#6422 = ORIENTED_EDGE('',*,*,#6423,.F.);
#6423 = EDGE_CURVE('',#6424,#6415,#6426,.T.);
#6424 = VERTEX_POINT('',#6425);
#6425 = CARTESIAN_POINT('',(73.8625,-111.7,1.51));
#6426 = LINE('',#6427,#6428);
#6427 = CARTESIAN_POINT('',(73.8625,-111.7,1.51));
#6428 = VECTOR('',#6429,1.);
#6429 = DIRECTION('',(0.,1.,0.));
#6430 = ORIENTED_EDGE('',*,*,#6431,.F.);
#6431 = EDGE_CURVE('',#6432,#6424,#6434,.T.);
#6432 = VERTEX_POINT('',#6433);
#6433 = CARTESIAN_POINT('',(73.8625,-112.400353,1.51));
#6434 = LINE('',#6435,#6436);
#6435 = CARTESIAN_POINT('',(73.8625,-112.400353,1.51));
#6436 = VECTOR('',#6437,1.);
#6437 = DIRECTION('',(0.,1.,0.));
#6438 = ORIENTED_EDGE('',*,*,#6439,.F.);
#6439 = EDGE_CURVE('',#6440,#6432,#6442,.T.);
#6440 = VERTEX_POINT('',#6441);
#6441 = CARTESIAN_POINT('',(73.906434,-112.556655,1.51));
#6442 = CIRCLE('',#6443,0.299966762338);
#6443 = AXIS2_PLACEMENT_3D('',#6444,#6445,#6446);
#6444 = CARTESIAN_POINT('',(74.162466762181,-112.4003626994,1.51));
#6445 = DIRECTION('',(0.,0.,-1.));
#6446 = DIRECTION('',(-0.853537105863,-0.521032061311,-0.));
#6447 = ORIENTED_EDGE('',*,*,#6448,.F.);
#6448 = EDGE_CURVE('',#6449,#6440,#6451,.T.);
#6449 = VERTEX_POINT('',#6450);
#6450 = CARTESIAN_POINT('',(73.219155,-113.243934,1.51));
#6451 = CIRCLE('',#6452,0.499998734392);
#6452 = AXIS2_PLACEMENT_3D('',#6453,#6454,#6455);
#6453 = CARTESIAN_POINT('',(73.479660504327,-112.8171605043,1.51));
#6454 = DIRECTION('',(0.,0.,1.));
#6455 = DIRECTION('',(-0.521012327448,-0.853549151864,0.));
#6456 = ORIENTED_EDGE('',*,*,#6457,.F.);
#6457 = EDGE_CURVE('',#6458,#6449,#6460,.T.);
#6458 = VERTEX_POINT('',#6459);
#6459 = CARTESIAN_POINT('',(73.062853,-113.2,1.51));
#6460 = CIRCLE('',#6461,0.300023425677);
#6461 = AXIS2_PLACEMENT_3D('',#6462,#6463,#6464);
#6462 = CARTESIAN_POINT('',(73.062846772307,-113.5000234256,1.51));
#6463 = DIRECTION('',(0.,0.,-1.));
#6464 = DIRECTION('',(2.075735517526E-05,0.999999999785,0.));
#6465 = ORIENTED_EDGE('',*,*,#6466,.F.);
#6466 = EDGE_CURVE('',#6467,#6458,#6469,.T.);
#6467 = VERTEX_POINT('',#6468);
#6468 = CARTESIAN_POINT('',(72.1625,-113.2,1.51));
#6469 = LINE('',#6470,#6471);
#6470 = CARTESIAN_POINT('',(72.1625,-113.2,1.51));
#6471 = VECTOR('',#6472,1.);
#6472 = DIRECTION('',(1.,0.,0.));
#6473 = ORIENTED_EDGE('',*,*,#6474,.F.);
#6474 = EDGE_CURVE('',#6475,#6467,#6477,.T.);
#6475 = VERTEX_POINT('',#6476);
#6476 = CARTESIAN_POINT('',(71.262147,-113.2,1.51));
#6477 = LINE('',#6478,#6479);
#6478 = CARTESIAN_POINT('',(71.262147,-113.2,1.51));
#6479 = VECTOR('',#6480,1.);
#6480 = DIRECTION('',(1.,0.,0.));
#6481 = ORIENTED_EDGE('',*,*,#6482,.F.);
#6482 = EDGE_CURVE('',#6483,#6475,#6485,.T.);
#6483 = VERTEX_POINT('',#6484);
#6484 = CARTESIAN_POINT('',(71.105845,-113.243934,1.51));
#6485 = CIRCLE('',#6486,0.299991600077);
#6486 = AXIS2_PLACEMENT_3D('',#6487,#6488,#6489);
#6487 = CARTESIAN_POINT('',(71.262144282039,-113.4999916,1.51));
#6488 = DIRECTION('',(0.,0.,-1.));
#6489 = DIRECTION('',(-0.521012195004,0.853549232709,0.));
#6490 = ORIENTED_EDGE('',*,*,#6491,.F.);
#6491 = EDGE_CURVE('',#6492,#6483,#6494,.T.);
#6492 = VERTEX_POINT('',#6493);
#6493 = CARTESIAN_POINT('',(70.418566,-112.556655,1.51));
#6494 = CIRCLE('',#6495,0.499999603944);
#6495 = AXIS2_PLACEMENT_3D('',#6496,#6497,#6498);
#6496 = CARTESIAN_POINT('',(70.84534211054,-112.8171578894,1.51));
#6497 = DIRECTION('',(0.,0.,1.));
#6498 = DIRECTION('',(-0.853552897188,0.521006191616,0.));
#6499 = ORIENTED_EDGE('',*,*,#6500,.F.);
#6500 = EDGE_CURVE('',#6501,#6492,#6503,.T.);
#6501 = VERTEX_POINT('',#6502);
#6502 = CARTESIAN_POINT('',(70.4625,-112.400353,1.51));
#6503 = CIRCLE('',#6504,0.299991600078);
#6504 = AXIS2_PLACEMENT_3D('',#6505,#6506,#6507);
#6505 = CARTESIAN_POINT('',(70.162508399935,-112.4003557179,1.51));
#6506 = DIRECTION('',(0.,0.,-1.));
#6507 = DIRECTION('',(0.999999999959,9.060123335598E-06,0.));
#6508 = ORIENTED_EDGE('',*,*,#6509,.F.);
#6509 = EDGE_CURVE('',#6510,#6501,#6512,.T.);
#6510 = VERTEX_POINT('',#6511);
#6511 = CARTESIAN_POINT('',(70.4625,-111.7,1.51));
#6512 = LINE('',#6513,#6514);
#6513 = CARTESIAN_POINT('',(70.4625,-111.7,1.51));
#6514 = VECTOR('',#6515,1.);
#6515 = DIRECTION('',(0.,-1.,0.));
#6516 = ORIENTED_EDGE('',*,*,#6517,.F.);
#6517 = EDGE_CURVE('',#6518,#6510,#6520,.T.);
#6518 = VERTEX_POINT('',#6519);
#6519 = CARTESIAN_POINT('',(70.4625,-110.999647,1.51));
#6520 = LINE('',#6521,#6522);
#6521 = CARTESIAN_POINT('',(70.4625,-110.999647,1.51));
#6522 = VECTOR('',#6523,1.);
#6523 = DIRECTION('',(0.,-1.,0.));
#6524 = ORIENTED_EDGE('',*,*,#6525,.F.);
#6525 = EDGE_CURVE('',#6526,#6518,#6528,.T.);
#6526 = VERTEX_POINT('',#6527);
#6527 = CARTESIAN_POINT('',(70.418566,-110.843345,1.51));
#6528 = CIRCLE('',#6529,0.299991600078);
#6529 = AXIS2_PLACEMENT_3D('',#6530,#6531,#6532);
#6530 = CARTESIAN_POINT('',(70.162508399935,-110.999644282,1.51));
#6531 = DIRECTION('',(0.,0.,-1.));
#6532 = DIRECTION('',(0.853549232709,0.521012195003,0.));
#6533 = ORIENTED_EDGE('',*,*,#6534,.F.);
#6534 = EDGE_CURVE('',#6535,#6526,#6537,.T.);
#6535 = VERTEX_POINT('',#6536);
#6536 = CARTESIAN_POINT('',(71.105845,-110.156066,1.51));
#6537 = CIRCLE('',#6538,0.499999603944);
#6538 = AXIS2_PLACEMENT_3D('',#6539,#6540,#6541);
#6539 = CARTESIAN_POINT('',(70.84534211054,-110.5828421105,1.51));
#6540 = DIRECTION('',(0.,0.,1.));
#6541 = DIRECTION('',(0.521006191616,0.853552897188,-0.));
#6542 = ORIENTED_EDGE('',*,*,#6543,.F.);
#6543 = EDGE_CURVE('',#6544,#6535,#6546,.T.);
#6544 = VERTEX_POINT('',#6545);
#6545 = CARTESIAN_POINT('',(71.262147,-110.2,1.51));
#6546 = CIRCLE('',#6547,0.299991600078);
#6547 = AXIS2_PLACEMENT_3D('',#6548,#6549,#6550);
#6548 = CARTESIAN_POINT('',(71.262144282039,-109.9000083999,1.51));
#6549 = DIRECTION('',(0.,0.,-1.));
#6550 = DIRECTION('',(9.060123382972E-06,-0.999999999959,0.));
#6551 = ORIENTED_EDGE('',*,*,#6552,.F.);
#6552 = EDGE_CURVE('',#6553,#6544,#6555,.T.);
#6553 = VERTEX_POINT('',#6554);
#6554 = CARTESIAN_POINT('',(72.1625,-110.2,1.51));
#6555 = LINE('',#6556,#6557);
#6556 = CARTESIAN_POINT('',(72.1625,-110.2,1.51));
#6557 = VECTOR('',#6558,1.);
#6558 = DIRECTION('',(-1.,0.,0.));
#6559 = ORIENTED_EDGE('',*,*,#6560,.F.);
#6560 = EDGE_CURVE('',#6561,#6553,#6563,.T.);
#6561 = VERTEX_POINT('',#6562);
#6562 = CARTESIAN_POINT('',(73.062853,-110.2,1.51));
#6563 = LINE('',#6564,#6565);
#6564 = CARTESIAN_POINT('',(73.062853,-110.2,1.51));
#6565 = VECTOR('',#6566,1.);
#6566 = DIRECTION('',(-1.,0.,0.));
#6567 = ORIENTED_EDGE('',*,*,#6568,.F.);
#6568 = EDGE_CURVE('',#6406,#6561,#6569,.T.);
#6569 = CIRCLE('',#6570,0.299966762338);
#6570 = AXIS2_PLACEMENT_3D('',#6571,#6572,#6573);
#6571 = CARTESIAN_POINT('',(73.062862699494,-109.9000332378,1.51));
#6572 = DIRECTION('',(0.,0.,-1.));
#6573 = DIRECTION('',(0.521032061311,-0.853537105863,0.));
#6574 = FACE_BOUND('',#6575,.T.);
#6575 = EDGE_LOOP('',(#6576));
#6576 = ORIENTED_EDGE('',*,*,#6577,.T.);
#6577 = EDGE_CURVE('',#6578,#6578,#6580,.T.);
#6578 = VERTEX_POINT('',#6579);
#6579 = CARTESIAN_POINT('',(72.1625,-108.62,1.51));
#6580 = CIRCLE('',#6581,2.);
#6581 = AXIS2_PLACEMENT_3D('',#6582,#6583,#6584);
#6582 = CARTESIAN_POINT('',(72.1625,-106.62,1.51));
#6583 = DIRECTION('',(-0.,0.,-1.));
#6584 = DIRECTION('',(-0.,-1.,0.));
#6585 = FACE_BOUND('',#6586,.T.);
#6586 = EDGE_LOOP('',(#6587));
#6587 = ORIENTED_EDGE('',*,*,#6588,.T.);
#6588 = EDGE_CURVE('',#6589,#6589,#6591,.T.);
#6589 = VERTEX_POINT('',#6590);
#6590 = CARTESIAN_POINT('',(74.7025,-103.065,1.51));
#6591 = CIRCLE('',#6592,1.525);
#6592 = AXIS2_PLACEMENT_3D('',#6593,#6594,#6595);
#6593 = CARTESIAN_POINT('',(74.7025,-101.54,1.51));
#6594 = DIRECTION('',(-0.,0.,-1.));
#6595 = DIRECTION('',(-0.,-1.,0.));
#6596 = FACE_BOUND('',#6597,.T.);
#6597 = EDGE_LOOP('',(#6598));
#6598 = ORIENTED_EDGE('',*,*,#6599,.T.);
#6599 = EDGE_CURVE('',#6600,#6600,#6602,.T.);
#6600 = VERTEX_POINT('',#6601);
#6601 = CARTESIAN_POINT('',(77.2425,-107.495,1.51));
#6602 = CIRCLE('',#6603,0.875);
#6603 = AXIS2_PLACEMENT_3D('',#6604,#6605,#6606);
#6604 = CARTESIAN_POINT('',(77.2425,-106.62,1.51));
#6605 = DIRECTION('',(-0.,0.,-1.));
#6606 = DIRECTION('',(-0.,-1.,0.));
#6607 = FACE_BOUND('',#6608,.T.);
#6608 = EDGE_LOOP('',(#6609,#6620,#6629,#6637,#6645,#6654,#6663,#6672,
    #6680,#6688,#6697,#6706,#6715,#6723,#6731,#6740,#6749,#6758,#6766,
    #6774));
#6609 = ORIENTED_EDGE('',*,*,#6610,.F.);
#6610 = EDGE_CURVE('',#6611,#6613,#6615,.T.);
#6611 = VERTEX_POINT('',#6612);
#6612 = CARTESIAN_POINT('',(92.956434,-148.943345,1.51));
#6613 = VERTEX_POINT('',#6614);
#6614 = CARTESIAN_POINT('',(92.269155,-148.256066,1.51));
#6615 = CIRCLE('',#6616,0.499999603944);
#6616 = AXIS2_PLACEMENT_3D('',#6617,#6618,#6619);
#6617 = CARTESIAN_POINT('',(92.52965788946,-148.6828421105,1.51));
#6618 = DIRECTION('',(0.,0.,1.));
#6619 = DIRECTION('',(0.853552897188,-0.521006191616,0.));
#6620 = ORIENTED_EDGE('',*,*,#6621,.F.);
#6621 = EDGE_CURVE('',#6622,#6611,#6624,.T.);
#6622 = VERTEX_POINT('',#6623);
#6623 = CARTESIAN_POINT('',(92.9125,-149.099647,1.51));
#6624 = CIRCLE('',#6625,0.299683785035);
#6625 = AXIS2_PLACEMENT_3D('',#6626,#6627,#6628);
#6626 = CARTESIAN_POINT('',(93.212183771747,-149.0995577564,1.51));
#6627 = DIRECTION('',(0.,0.,-1.));
#6628 = DIRECTION('',(-0.99999995566,-2.977925314542E-04,-0.));
#6629 = ORIENTED_EDGE('',*,*,#6630,.F.);
#6630 = EDGE_CURVE('',#6631,#6622,#6633,.T.);
#6631 = VERTEX_POINT('',#6632);
#6632 = CARTESIAN_POINT('',(92.9125,-149.8,1.51));
#6633 = LINE('',#6634,#6635);
#6634 = CARTESIAN_POINT('',(92.9125,-149.8,1.51));
#6635 = VECTOR('',#6636,1.);
#6636 = DIRECTION('',(0.,1.,0.));
#6637 = ORIENTED_EDGE('',*,*,#6638,.F.);
#6638 = EDGE_CURVE('',#6639,#6631,#6641,.T.);
#6639 = VERTEX_POINT('',#6640);
#6640 = CARTESIAN_POINT('',(92.9125,-150.500353,1.51));
#6641 = LINE('',#6642,#6643);
#6642 = CARTESIAN_POINT('',(92.9125,-150.500353,1.51));
#6643 = VECTOR('',#6644,1.);
#6644 = DIRECTION('',(0.,1.,0.));
#6645 = ORIENTED_EDGE('',*,*,#6646,.F.);
#6646 = EDGE_CURVE('',#6647,#6639,#6649,.T.);
#6647 = VERTEX_POINT('',#6648);
#6648 = CARTESIAN_POINT('',(92.956434,-150.656655,1.51));
#6649 = CIRCLE('',#6650,0.299966762338);
#6650 = AXIS2_PLACEMENT_3D('',#6651,#6652,#6653);
#6651 = CARTESIAN_POINT('',(93.212466762182,-150.5003626994,1.51));
#6652 = DIRECTION('',(0.,0.,-1.));
#6653 = DIRECTION('',(-0.853537105864,-0.521032061311,-0.));
#6654 = ORIENTED_EDGE('',*,*,#6655,.F.);
#6655 = EDGE_CURVE('',#6656,#6647,#6658,.T.);
#6656 = VERTEX_POINT('',#6657);
#6657 = CARTESIAN_POINT('',(92.269155,-151.343934,1.51));
#6658 = CIRCLE('',#6659,0.499998734392);
#6659 = AXIS2_PLACEMENT_3D('',#6660,#6661,#6662);
#6660 = CARTESIAN_POINT('',(92.529660504327,-150.9171605043,1.51));
#6661 = DIRECTION('',(0.,0.,1.));
#6662 = DIRECTION('',(-0.521012327448,-0.853549151864,0.));
#6663 = ORIENTED_EDGE('',*,*,#6664,.F.);
#6664 = EDGE_CURVE('',#6665,#6656,#6667,.T.);
#6665 = VERTEX_POINT('',#6666);
#6666 = CARTESIAN_POINT('',(92.112853,-151.3,1.51));
#6667 = CIRCLE('',#6668,0.300023425677);
#6668 = AXIS2_PLACEMENT_3D('',#6669,#6670,#6671);
#6669 = CARTESIAN_POINT('',(92.112846772307,-151.6000234256,1.51));
#6670 = DIRECTION('',(0.,0.,-1.));
#6671 = DIRECTION('',(2.075735512789E-05,0.999999999785,0.));
#6672 = ORIENTED_EDGE('',*,*,#6673,.F.);
#6673 = EDGE_CURVE('',#6674,#6665,#6676,.T.);
#6674 = VERTEX_POINT('',#6675);
#6675 = CARTESIAN_POINT('',(91.2125,-151.3,1.51));
#6676 = LINE('',#6677,#6678);
#6677 = CARTESIAN_POINT('',(91.2125,-151.3,1.51));
#6678 = VECTOR('',#6679,1.);
#6679 = DIRECTION('',(1.,0.,0.));
#6680 = ORIENTED_EDGE('',*,*,#6681,.F.);
#6681 = EDGE_CURVE('',#6682,#6674,#6684,.T.);
#6682 = VERTEX_POINT('',#6683);
#6683 = CARTESIAN_POINT('',(90.312147,-151.3,1.51));
#6684 = LINE('',#6685,#6686);
#6685 = CARTESIAN_POINT('',(90.312147,-151.3,1.51));
#6686 = VECTOR('',#6687,1.);
#6687 = DIRECTION('',(1.,0.,0.));
#6688 = ORIENTED_EDGE('',*,*,#6689,.F.);
#6689 = EDGE_CURVE('',#6690,#6682,#6692,.T.);
#6690 = VERTEX_POINT('',#6691);
#6691 = CARTESIAN_POINT('',(90.155845,-151.343934,1.51));
#6692 = CIRCLE('',#6693,0.299991600078);
#6693 = AXIS2_PLACEMENT_3D('',#6694,#6695,#6696);
#6694 = CARTESIAN_POINT('',(90.312144282039,-151.5999916,1.51));
#6695 = DIRECTION('',(0.,0.,-1.));
#6696 = DIRECTION('',(-0.521012195003,0.853549232709,0.));
#6697 = ORIENTED_EDGE('',*,*,#6698,.F.);
#6698 = EDGE_CURVE('',#6699,#6690,#6701,.T.);
#6699 = VERTEX_POINT('',#6700);
#6700 = CARTESIAN_POINT('',(89.468566,-150.656655,1.51));
#6701 = CIRCLE('',#6702,0.499999603944);
#6702 = AXIS2_PLACEMENT_3D('',#6703,#6704,#6705);
#6703 = CARTESIAN_POINT('',(89.89534211054,-150.9171578894,1.51));
#6704 = DIRECTION('',(0.,0.,1.));
#6705 = DIRECTION('',(-0.853552897188,0.521006191616,0.));
#6706 = ORIENTED_EDGE('',*,*,#6707,.F.);
#6707 = EDGE_CURVE('',#6708,#6699,#6710,.T.);
#6708 = VERTEX_POINT('',#6709);
#6709 = CARTESIAN_POINT('',(89.5125,-150.500353,1.51));
#6710 = CIRCLE('',#6711,0.299991600078);
#6711 = AXIS2_PLACEMENT_3D('',#6712,#6713,#6714);
#6712 = CARTESIAN_POINT('',(89.212508399935,-150.5003557179,1.51));
#6713 = DIRECTION('',(0.,0.,-1.));
#6714 = DIRECTION('',(0.999999999959,9.06012338297E-06,0.));
#6715 = ORIENTED_EDGE('',*,*,#6716,.F.);
#6716 = EDGE_CURVE('',#6717,#6708,#6719,.T.);
#6717 = VERTEX_POINT('',#6718);
#6718 = CARTESIAN_POINT('',(89.5125,-149.8,1.51));
#6719 = LINE('',#6720,#6721);
#6720 = CARTESIAN_POINT('',(89.5125,-149.8,1.51));
#6721 = VECTOR('',#6722,1.);
#6722 = DIRECTION('',(0.,-1.,0.));
#6723 = ORIENTED_EDGE('',*,*,#6724,.F.);
#6724 = EDGE_CURVE('',#6725,#6717,#6727,.T.);
#6725 = VERTEX_POINT('',#6726);
#6726 = CARTESIAN_POINT('',(89.5125,-149.099647,1.51));
#6727 = LINE('',#6728,#6729);
#6728 = CARTESIAN_POINT('',(89.5125,-149.099647,1.51));
#6729 = VECTOR('',#6730,1.);
#6730 = DIRECTION('',(0.,-1.,0.));
#6731 = ORIENTED_EDGE('',*,*,#6732,.F.);
#6732 = EDGE_CURVE('',#6733,#6725,#6735,.T.);
#6733 = VERTEX_POINT('',#6734);
#6734 = CARTESIAN_POINT('',(89.468566,-148.943345,1.51));
#6735 = CIRCLE('',#6736,0.299991600078);
#6736 = AXIS2_PLACEMENT_3D('',#6737,#6738,#6739);
#6737 = CARTESIAN_POINT('',(89.212508399935,-149.099644282,1.51));
#6738 = DIRECTION('',(0.,0.,-1.));
#6739 = DIRECTION('',(0.853549232709,0.521012195004,0.));
#6740 = ORIENTED_EDGE('',*,*,#6741,.F.);
#6741 = EDGE_CURVE('',#6742,#6733,#6744,.T.);
#6742 = VERTEX_POINT('',#6743);
#6743 = CARTESIAN_POINT('',(90.155845,-148.256066,1.51));
#6744 = CIRCLE('',#6745,0.499999603944);
#6745 = AXIS2_PLACEMENT_3D('',#6746,#6747,#6748);
#6746 = CARTESIAN_POINT('',(89.89534211054,-148.6828421105,1.51));
#6747 = DIRECTION('',(0.,0.,1.));
#6748 = DIRECTION('',(0.521006191616,0.853552897188,-0.));
#6749 = ORIENTED_EDGE('',*,*,#6750,.F.);
#6750 = EDGE_CURVE('',#6751,#6742,#6753,.T.);
#6751 = VERTEX_POINT('',#6752);
#6752 = CARTESIAN_POINT('',(90.312147,-148.3,1.51));
#6753 = CIRCLE('',#6754,0.299991600078);
#6754 = AXIS2_PLACEMENT_3D('',#6755,#6756,#6757);
#6755 = CARTESIAN_POINT('',(90.312144282039,-148.0000083999,1.51));
#6756 = DIRECTION('',(0.,0.,-1.));
#6757 = DIRECTION('',(9.060122956621E-06,-0.999999999959,0.));
#6758 = ORIENTED_EDGE('',*,*,#6759,.F.);
#6759 = EDGE_CURVE('',#6760,#6751,#6762,.T.);
#6760 = VERTEX_POINT('',#6761);
#6761 = CARTESIAN_POINT('',(91.2125,-148.3,1.51));
#6762 = LINE('',#6763,#6764);
#6763 = CARTESIAN_POINT('',(91.2125,-148.3,1.51));
#6764 = VECTOR('',#6765,1.);
#6765 = DIRECTION('',(-1.,0.,0.));
#6766 = ORIENTED_EDGE('',*,*,#6767,.F.);
#6767 = EDGE_CURVE('',#6768,#6760,#6770,.T.);
#6768 = VERTEX_POINT('',#6769);
#6769 = CARTESIAN_POINT('',(92.112853,-148.3,1.51));
#6770 = LINE('',#6771,#6772);
#6771 = CARTESIAN_POINT('',(92.112853,-148.3,1.51));
#6772 = VECTOR('',#6773,1.);
#6773 = DIRECTION('',(-1.,0.,0.));
#6774 = ORIENTED_EDGE('',*,*,#6775,.F.);
#6775 = EDGE_CURVE('',#6613,#6768,#6776,.T.);
#6776 = CIRCLE('',#6777,0.299966762339);
#6777 = AXIS2_PLACEMENT_3D('',#6778,#6779,#6780);
#6778 = CARTESIAN_POINT('',(92.112862699494,-148.0000332378,1.51));
#6779 = DIRECTION('',(0.,0.,-1.));
#6780 = DIRECTION('',(0.521032061311,-0.853537105864,0.));
#6781 = FACE_BOUND('',#6782,.T.);
#6782 = EDGE_LOOP('',(#6783));
#6783 = ORIENTED_EDGE('',*,*,#6784,.T.);
#6784 = EDGE_CURVE('',#6785,#6785,#6787,.T.);
#6785 = VERTEX_POINT('',#6786);
#6786 = CARTESIAN_POINT('',(86.1325,-145.595,1.51));
#6787 = CIRCLE('',#6788,0.875);
#6788 = AXIS2_PLACEMENT_3D('',#6789,#6790,#6791);
#6789 = CARTESIAN_POINT('',(86.1325,-144.72,1.51));
#6790 = DIRECTION('',(-0.,0.,-1.));
#6791 = DIRECTION('',(-0.,-1.,0.));
#6792 = FACE_BOUND('',#6793,.T.);
#6793 = EDGE_LOOP('',(#6794));
#6794 = ORIENTED_EDGE('',*,*,#6795,.T.);
#6795 = EDGE_CURVE('',#6796,#6796,#6798,.T.);
#6796 = VERTEX_POINT('',#6797);
#6797 = CARTESIAN_POINT('',(87.4025,-143.705,1.51));
#6798 = CIRCLE('',#6799,1.525);
#6799 = AXIS2_PLACEMENT_3D('',#6800,#6801,#6802);
#6800 = CARTESIAN_POINT('',(87.4025,-142.18,1.51));
#6801 = DIRECTION('',(-0.,0.,-1.));
#6802 = DIRECTION('',(-0.,-1.,0.));
#6803 = FACE_BOUND('',#6804,.T.);
#6804 = EDGE_LOOP('',(#6805));
#6805 = ORIENTED_EDGE('',*,*,#6806,.T.);
#6806 = EDGE_CURVE('',#6807,#6807,#6809,.T.);
#6807 = VERTEX_POINT('',#6808);
#6808 = CARTESIAN_POINT('',(91.2125,-146.72,1.51));
#6809 = CIRCLE('',#6810,2.);
#6810 = AXIS2_PLACEMENT_3D('',#6811,#6812,#6813);
#6811 = CARTESIAN_POINT('',(91.2125,-144.72,1.51));
#6812 = DIRECTION('',(-0.,0.,-1.));
#6813 = DIRECTION('',(-0.,-1.,0.));
#6814 = FACE_BOUND('',#6815,.T.);
#6815 = EDGE_LOOP('',(#6816));
#6816 = ORIENTED_EDGE('',*,*,#6817,.T.);
#6817 = EDGE_CURVE('',#6818,#6818,#6820,.T.);
#6818 = VERTEX_POINT('',#6819);
#6819 = CARTESIAN_POINT('',(96.2925,-145.595,1.51));
#6820 = CIRCLE('',#6821,0.875);
#6821 = AXIS2_PLACEMENT_3D('',#6822,#6823,#6824);
#6822 = CARTESIAN_POINT('',(96.2925,-144.72,1.51));
#6823 = DIRECTION('',(-0.,0.,-1.));
#6824 = DIRECTION('',(-0.,-1.,0.));
#6825 = FACE_BOUND('',#6826,.T.);
#6826 = EDGE_LOOP('',(#6827,#6838,#6847,#6855,#6863,#6872,#6881,#6890,
    #6898,#6906,#6915,#6924,#6933,#6941,#6949,#6958,#6967,#6976,#6984,
    #6992));
#6827 = ORIENTED_EDGE('',*,*,#6828,.F.);
#6828 = EDGE_CURVE('',#6829,#6831,#6833,.T.);
#6829 = VERTEX_POINT('',#6830);
#6830 = CARTESIAN_POINT('',(92.956434,-129.893345,1.51));
#6831 = VERTEX_POINT('',#6832);
#6832 = CARTESIAN_POINT('',(92.269155,-129.206066,1.51));
#6833 = CIRCLE('',#6834,0.499999603944);
#6834 = AXIS2_PLACEMENT_3D('',#6835,#6836,#6837);
#6835 = CARTESIAN_POINT('',(92.52965788946,-129.6328421105,1.51));
#6836 = DIRECTION('',(0.,0.,1.));
#6837 = DIRECTION('',(0.853552897188,-0.521006191615,0.));
#6838 = ORIENTED_EDGE('',*,*,#6839,.F.);
#6839 = EDGE_CURVE('',#6840,#6829,#6842,.T.);
#6840 = VERTEX_POINT('',#6841);
#6841 = CARTESIAN_POINT('',(92.9125,-130.049647,1.51));
#6842 = CIRCLE('',#6843,0.299683785035);
#6843 = AXIS2_PLACEMENT_3D('',#6844,#6845,#6846);
#6844 = CARTESIAN_POINT('',(93.212183771747,-130.0495577564,1.51));
#6845 = DIRECTION('',(0.,0.,-1.));
#6846 = DIRECTION('',(-0.99999995566,-2.977925315492E-04,-0.));
#6847 = ORIENTED_EDGE('',*,*,#6848,.F.);
#6848 = EDGE_CURVE('',#6849,#6840,#6851,.T.);
#6849 = VERTEX_POINT('',#6850);
#6850 = CARTESIAN_POINT('',(92.9125,-130.75,1.51));
#6851 = LINE('',#6852,#6853);
#6852 = CARTESIAN_POINT('',(92.9125,-130.75,1.51));
#6853 = VECTOR('',#6854,1.);
#6854 = DIRECTION('',(0.,1.,0.));
#6855 = ORIENTED_EDGE('',*,*,#6856,.F.);
#6856 = EDGE_CURVE('',#6857,#6849,#6859,.T.);
#6857 = VERTEX_POINT('',#6858);
#6858 = CARTESIAN_POINT('',(92.9125,-131.450353,1.51));
#6859 = LINE('',#6860,#6861);
#6860 = CARTESIAN_POINT('',(92.9125,-131.450353,1.51));
#6861 = VECTOR('',#6862,1.);
#6862 = DIRECTION('',(0.,1.,0.));
#6863 = ORIENTED_EDGE('',*,*,#6864,.F.);
#6864 = EDGE_CURVE('',#6865,#6857,#6867,.T.);
#6865 = VERTEX_POINT('',#6866);
#6866 = CARTESIAN_POINT('',(92.956434,-131.606655,1.51));
#6867 = CIRCLE('',#6868,0.299966762338);
#6868 = AXIS2_PLACEMENT_3D('',#6869,#6870,#6871);
#6869 = CARTESIAN_POINT('',(93.212466762182,-131.4503626994,1.51));
#6870 = DIRECTION('',(0.,0.,-1.));
#6871 = DIRECTION('',(-0.853537105864,-0.521032061311,-0.));
#6872 = ORIENTED_EDGE('',*,*,#6873,.F.);
#6873 = EDGE_CURVE('',#6874,#6865,#6876,.T.);
#6874 = VERTEX_POINT('',#6875);
#6875 = CARTESIAN_POINT('',(92.269155,-132.293934,1.51));
#6876 = CIRCLE('',#6877,0.499998734392);
#6877 = AXIS2_PLACEMENT_3D('',#6878,#6879,#6880);
#6878 = CARTESIAN_POINT('',(92.529660504327,-131.8671605043,1.51));
#6879 = DIRECTION('',(0.,0.,1.));
#6880 = DIRECTION('',(-0.521012327448,-0.853549151864,0.));
#6881 = ORIENTED_EDGE('',*,*,#6882,.F.);
#6882 = EDGE_CURVE('',#6883,#6874,#6885,.T.);
#6883 = VERTEX_POINT('',#6884);
#6884 = CARTESIAN_POINT('',(92.112853,-132.25,1.51));
#6885 = CIRCLE('',#6886,0.300023425676);
#6886 = AXIS2_PLACEMENT_3D('',#6887,#6888,#6889);
#6887 = CARTESIAN_POINT('',(92.112846772307,-132.5500234256,1.51));
#6888 = DIRECTION('',(0.,0.,-1.));
#6889 = DIRECTION('',(2.075735498582E-05,0.999999999785,0.));
#6890 = ORIENTED_EDGE('',*,*,#6891,.F.);
#6891 = EDGE_CURVE('',#6892,#6883,#6894,.T.);
#6892 = VERTEX_POINT('',#6893);
#6893 = CARTESIAN_POINT('',(91.2125,-132.25,1.51));
#6894 = LINE('',#6895,#6896);
#6895 = CARTESIAN_POINT('',(91.2125,-132.25,1.51));
#6896 = VECTOR('',#6897,1.);
#6897 = DIRECTION('',(1.,0.,0.));
#6898 = ORIENTED_EDGE('',*,*,#6899,.F.);
#6899 = EDGE_CURVE('',#6900,#6892,#6902,.T.);
#6900 = VERTEX_POINT('',#6901);
#6901 = CARTESIAN_POINT('',(90.312147,-132.25,1.51));
#6902 = LINE('',#6903,#6904);
#6903 = CARTESIAN_POINT('',(90.312147,-132.25,1.51));
#6904 = VECTOR('',#6905,1.);
#6905 = DIRECTION('',(1.,0.,0.));
#6906 = ORIENTED_EDGE('',*,*,#6907,.F.);
#6907 = EDGE_CURVE('',#6908,#6900,#6910,.T.);
#6908 = VERTEX_POINT('',#6909);
#6909 = CARTESIAN_POINT('',(90.155845,-132.293934,1.51));
#6910 = CIRCLE('',#6911,0.299991600077);
#6911 = AXIS2_PLACEMENT_3D('',#6912,#6913,#6914);
#6912 = CARTESIAN_POINT('',(90.312144282039,-132.5499916,1.51));
#6913 = DIRECTION('',(0.,0.,-1.));
#6914 = DIRECTION('',(-0.521012195004,0.853549232709,0.));
#6915 = ORIENTED_EDGE('',*,*,#6916,.F.);
#6916 = EDGE_CURVE('',#6917,#6908,#6919,.T.);
#6917 = VERTEX_POINT('',#6918);
#6918 = CARTESIAN_POINT('',(89.468566,-131.606655,1.51));
#6919 = CIRCLE('',#6920,0.499999603944);
#6920 = AXIS2_PLACEMENT_3D('',#6921,#6922,#6923);
#6921 = CARTESIAN_POINT('',(89.89534211054,-131.8671578894,1.51));
#6922 = DIRECTION('',(0.,0.,1.));
#6923 = DIRECTION('',(-0.853552897188,0.521006191615,0.));
#6924 = ORIENTED_EDGE('',*,*,#6925,.F.);
#6925 = EDGE_CURVE('',#6926,#6917,#6928,.T.);
#6926 = VERTEX_POINT('',#6927);
#6927 = CARTESIAN_POINT('',(89.5125,-131.450353,1.51));
#6928 = CIRCLE('',#6929,0.299991600078);
#6929 = AXIS2_PLACEMENT_3D('',#6930,#6931,#6932);
#6930 = CARTESIAN_POINT('',(89.212508399935,-131.4503557179,1.51));
#6931 = DIRECTION('',(0.,0.,-1.));
#6932 = DIRECTION('',(0.999999999959,9.060123382971E-06,0.));
#6933 = ORIENTED_EDGE('',*,*,#6934,.F.);
#6934 = EDGE_CURVE('',#6935,#6926,#6937,.T.);
#6935 = VERTEX_POINT('',#6936);
#6936 = CARTESIAN_POINT('',(89.5125,-130.75,1.51));
#6937 = LINE('',#6938,#6939);
#6938 = CARTESIAN_POINT('',(89.5125,-130.75,1.51));
#6939 = VECTOR('',#6940,1.);
#6940 = DIRECTION('',(0.,-1.,0.));
#6941 = ORIENTED_EDGE('',*,*,#6942,.F.);
#6942 = EDGE_CURVE('',#6943,#6935,#6945,.T.);
#6943 = VERTEX_POINT('',#6944);
#6944 = CARTESIAN_POINT('',(89.5125,-130.049647,1.51));
#6945 = LINE('',#6946,#6947);
#6946 = CARTESIAN_POINT('',(89.5125,-130.049647,1.51));
#6947 = VECTOR('',#6948,1.);
#6948 = DIRECTION('',(0.,-1.,0.));
#6949 = ORIENTED_EDGE('',*,*,#6950,.F.);
#6950 = EDGE_CURVE('',#6951,#6943,#6953,.T.);
#6951 = VERTEX_POINT('',#6952);
#6952 = CARTESIAN_POINT('',(89.468566,-129.893345,1.51));
#6953 = CIRCLE('',#6954,0.299991600078);
#6954 = AXIS2_PLACEMENT_3D('',#6955,#6956,#6957);
#6955 = CARTESIAN_POINT('',(89.212508399935,-130.049644282,1.51));
#6956 = DIRECTION('',(0.,0.,-1.));
#6957 = DIRECTION('',(0.853549232709,0.521012195003,0.));
#6958 = ORIENTED_EDGE('',*,*,#6959,.F.);
#6959 = EDGE_CURVE('',#6960,#6951,#6962,.T.);
#6960 = VERTEX_POINT('',#6961);
#6961 = CARTESIAN_POINT('',(90.155845,-129.206066,1.51));
#6962 = CIRCLE('',#6963,0.499999603944);
#6963 = AXIS2_PLACEMENT_3D('',#6964,#6965,#6966);
#6964 = CARTESIAN_POINT('',(89.89534211054,-129.6328421105,1.51));
#6965 = DIRECTION('',(0.,0.,1.));
#6966 = DIRECTION('',(0.521006191615,0.853552897188,-0.));
#6967 = ORIENTED_EDGE('',*,*,#6968,.F.);
#6968 = EDGE_CURVE('',#6969,#6960,#6971,.T.);
#6969 = VERTEX_POINT('',#6970);
#6970 = CARTESIAN_POINT('',(90.312147,-129.25,1.51));
#6971 = CIRCLE('',#6972,0.299991600077);
#6972 = AXIS2_PLACEMENT_3D('',#6973,#6974,#6975);
#6973 = CARTESIAN_POINT('',(90.312144282039,-128.9500083999,1.51));
#6974 = DIRECTION('',(0.,0.,-1.));
#6975 = DIRECTION('',(9.060123619834E-06,-0.999999999959,0.));
#6976 = ORIENTED_EDGE('',*,*,#6977,.F.);
#6977 = EDGE_CURVE('',#6978,#6969,#6980,.T.);
#6978 = VERTEX_POINT('',#6979);
#6979 = CARTESIAN_POINT('',(91.2125,-129.25,1.51));
#6980 = LINE('',#6981,#6982);
#6981 = CARTESIAN_POINT('',(91.2125,-129.25,1.51));
#6982 = VECTOR('',#6983,1.);
#6983 = DIRECTION('',(-1.,0.,0.));
#6984 = ORIENTED_EDGE('',*,*,#6985,.F.);
#6985 = EDGE_CURVE('',#6986,#6978,#6988,.T.);
#6986 = VERTEX_POINT('',#6987);
#6987 = CARTESIAN_POINT('',(92.112853,-129.25,1.51));
#6988 = LINE('',#6989,#6990);
#6989 = CARTESIAN_POINT('',(92.112853,-129.25,1.51));
#6990 = VECTOR('',#6991,1.);
#6991 = DIRECTION('',(-1.,0.,0.));
#6992 = ORIENTED_EDGE('',*,*,#6993,.F.);
#6993 = EDGE_CURVE('',#6831,#6986,#6994,.T.);
#6994 = CIRCLE('',#6995,0.299966762338);
#6995 = AXIS2_PLACEMENT_3D('',#6996,#6997,#6998);
#6996 = CARTESIAN_POINT('',(92.112862699494,-128.9500332378,1.51));
#6997 = DIRECTION('',(0.,0.,-1.));
#6998 = DIRECTION('',(0.521032061311,-0.853537105863,0.));
#6999 = FACE_BOUND('',#7000,.T.);
#7000 = EDGE_LOOP('',(#7001));
#7001 = ORIENTED_EDGE('',*,*,#7002,.T.);
#7002 = EDGE_CURVE('',#7003,#7003,#7005,.T.);
#7003 = VERTEX_POINT('',#7004);
#7004 = CARTESIAN_POINT('',(93.7525,-141.165,1.51));
#7005 = CIRCLE('',#7006,1.525);
#7006 = AXIS2_PLACEMENT_3D('',#7007,#7008,#7009);
#7007 = CARTESIAN_POINT('',(93.7525,-139.64,1.51));
#7008 = DIRECTION('',(-0.,0.,-1.));
#7009 = DIRECTION('',(-0.,-1.,0.));
#7010 = FACE_BOUND('',#7011,.T.);
#7011 = EDGE_LOOP('',(#7012,#7023,#7032,#7040,#7048,#7057,#7066,#7075,
    #7083,#7091,#7100,#7109,#7118,#7126,#7134,#7143,#7152,#7161,#7169,
    #7177));
#7012 = ORIENTED_EDGE('',*,*,#7013,.F.);
#7013 = EDGE_CURVE('',#7014,#7016,#7018,.T.);
#7014 = VERTEX_POINT('',#7015);
#7015 = CARTESIAN_POINT('',(112.006434,-148.943345,1.51));
#7016 = VERTEX_POINT('',#7017);
#7017 = CARTESIAN_POINT('',(111.319155,-148.256066,1.51));
#7018 = CIRCLE('',#7019,0.499999603944);
#7019 = AXIS2_PLACEMENT_3D('',#7020,#7021,#7022);
#7020 = CARTESIAN_POINT('',(111.57965788946,-148.6828421105,1.51));
#7021 = DIRECTION('',(0.,0.,1.));
#7022 = DIRECTION('',(0.853552897188,-0.521006191616,0.));
#7023 = ORIENTED_EDGE('',*,*,#7024,.F.);
#7024 = EDGE_CURVE('',#7025,#7014,#7027,.T.);
#7025 = VERTEX_POINT('',#7026);
#7026 = CARTESIAN_POINT('',(111.9625,-149.099647,1.51));
#7027 = CIRCLE('',#7028,0.299683785035);
#7028 = AXIS2_PLACEMENT_3D('',#7029,#7030,#7031);
#7029 = CARTESIAN_POINT('',(112.26218377174,-149.0995577564,1.51));
#7030 = DIRECTION('',(0.,0.,-1.));
#7031 = DIRECTION('',(-0.99999995566,-2.977925317389E-04,-0.));
#7032 = ORIENTED_EDGE('',*,*,#7033,.F.);
#7033 = EDGE_CURVE('',#7034,#7025,#7036,.T.);
#7034 = VERTEX_POINT('',#7035);
#7035 = CARTESIAN_POINT('',(111.9625,-149.8,1.51));
#7036 = LINE('',#7037,#7038);
#7037 = CARTESIAN_POINT('',(111.9625,-149.8,1.51));
#7038 = VECTOR('',#7039,1.);
#7039 = DIRECTION('',(0.,1.,0.));
#7040 = ORIENTED_EDGE('',*,*,#7041,.F.);
#7041 = EDGE_CURVE('',#7042,#7034,#7044,.T.);
#7042 = VERTEX_POINT('',#7043);
#7043 = CARTESIAN_POINT('',(111.9625,-150.500353,1.51));
#7044 = LINE('',#7045,#7046);
#7045 = CARTESIAN_POINT('',(111.9625,-150.500353,1.51));
#7046 = VECTOR('',#7047,1.);
#7047 = DIRECTION('',(0.,1.,0.));
#7048 = ORIENTED_EDGE('',*,*,#7049,.F.);
#7049 = EDGE_CURVE('',#7050,#7042,#7052,.T.);
#7050 = VERTEX_POINT('',#7051);
#7051 = CARTESIAN_POINT('',(112.006434,-150.656655,1.51));
#7052 = CIRCLE('',#7053,0.299966762338);
#7053 = AXIS2_PLACEMENT_3D('',#7054,#7055,#7056);
#7054 = CARTESIAN_POINT('',(112.26246676218,-150.5003626994,1.51));
#7055 = DIRECTION('',(0.,0.,-1.));
#7056 = DIRECTION('',(-0.853537105864,-0.521032061311,-0.));
#7057 = ORIENTED_EDGE('',*,*,#7058,.F.);
#7058 = EDGE_CURVE('',#7059,#7050,#7061,.T.);
#7059 = VERTEX_POINT('',#7060);
#7060 = CARTESIAN_POINT('',(111.319155,-151.343934,1.51));
#7061 = CIRCLE('',#7062,0.499998734392);
#7062 = AXIS2_PLACEMENT_3D('',#7063,#7064,#7065);
#7063 = CARTESIAN_POINT('',(111.57966050432,-150.9171605043,1.51));
#7064 = DIRECTION('',(0.,0.,1.));
#7065 = DIRECTION('',(-0.521012327448,-0.853549151864,0.));
#7066 = ORIENTED_EDGE('',*,*,#7067,.F.);
#7067 = EDGE_CURVE('',#7068,#7059,#7070,.T.);
#7068 = VERTEX_POINT('',#7069);
#7069 = CARTESIAN_POINT('',(111.162853,-151.3,1.51));
#7070 = CIRCLE('',#7071,0.300023425677);
#7071 = AXIS2_PLACEMENT_3D('',#7072,#7073,#7074);
#7072 = CARTESIAN_POINT('',(111.1628467723,-151.6000234256,1.51));
#7073 = DIRECTION('',(0.,0.,-1.));
#7074 = DIRECTION('',(2.075735522262E-05,0.999999999785,0.));
#7075 = ORIENTED_EDGE('',*,*,#7076,.F.);
#7076 = EDGE_CURVE('',#7077,#7068,#7079,.T.);
#7077 = VERTEX_POINT('',#7078);
#7078 = CARTESIAN_POINT('',(110.2625,-151.3,1.51));
#7079 = LINE('',#7080,#7081);
#7080 = CARTESIAN_POINT('',(110.2625,-151.3,1.51));
#7081 = VECTOR('',#7082,1.);
#7082 = DIRECTION('',(1.,0.,0.));
#7083 = ORIENTED_EDGE('',*,*,#7084,.F.);
#7084 = EDGE_CURVE('',#7085,#7077,#7087,.T.);
#7085 = VERTEX_POINT('',#7086);
#7086 = CARTESIAN_POINT('',(109.362147,-151.3,1.51));
#7087 = LINE('',#7088,#7089);
#7088 = CARTESIAN_POINT('',(109.362147,-151.3,1.51));
#7089 = VECTOR('',#7090,1.);
#7090 = DIRECTION('',(1.,0.,0.));
#7091 = ORIENTED_EDGE('',*,*,#7092,.F.);
#7092 = EDGE_CURVE('',#7093,#7085,#7095,.T.);
#7093 = VERTEX_POINT('',#7094);
#7094 = CARTESIAN_POINT('',(109.205845,-151.343934,1.51));
#7095 = CIRCLE('',#7096,0.299991600078);
#7096 = AXIS2_PLACEMENT_3D('',#7097,#7098,#7099);
#7097 = CARTESIAN_POINT('',(109.36214428203,-151.5999916,1.51));
#7098 = DIRECTION('',(0.,0.,-1.));
#7099 = DIRECTION('',(-0.521012195003,0.853549232709,0.));
#7100 = ORIENTED_EDGE('',*,*,#7101,.F.);
#7101 = EDGE_CURVE('',#7102,#7093,#7104,.T.);
#7102 = VERTEX_POINT('',#7103);
#7103 = CARTESIAN_POINT('',(108.518566,-150.656655,1.51));
#7104 = CIRCLE('',#7105,0.499999603944);
#7105 = AXIS2_PLACEMENT_3D('',#7106,#7107,#7108);
#7106 = CARTESIAN_POINT('',(108.94534211054,-150.9171578894,1.51));
#7107 = DIRECTION('',(0.,0.,1.));
#7108 = DIRECTION('',(-0.853552897188,0.521006191616,0.));
#7109 = ORIENTED_EDGE('',*,*,#7110,.F.);
#7110 = EDGE_CURVE('',#7111,#7102,#7113,.T.);
#7111 = VERTEX_POINT('',#7112);
#7112 = CARTESIAN_POINT('',(108.5625,-150.500353,1.51));
#7113 = CIRCLE('',#7114,0.299991600078);
#7114 = AXIS2_PLACEMENT_3D('',#7115,#7116,#7117);
#7115 = CARTESIAN_POINT('',(108.26250839993,-150.5003557179,1.51));
#7116 = DIRECTION('',(0.,0.,-1.));
#7117 = DIRECTION('',(0.999999999959,9.060123667201E-06,0.));
#7118 = ORIENTED_EDGE('',*,*,#7119,.F.);
#7119 = EDGE_CURVE('',#7120,#7111,#7122,.T.);
#7120 = VERTEX_POINT('',#7121);
#7121 = CARTESIAN_POINT('',(108.5625,-149.8,1.51));
#7122 = LINE('',#7123,#7124);
#7123 = CARTESIAN_POINT('',(108.5625,-149.8,1.51));
#7124 = VECTOR('',#7125,1.);
#7125 = DIRECTION('',(0.,-1.,0.));
#7126 = ORIENTED_EDGE('',*,*,#7127,.F.);
#7127 = EDGE_CURVE('',#7128,#7120,#7130,.T.);
#7128 = VERTEX_POINT('',#7129);
#7129 = CARTESIAN_POINT('',(108.5625,-149.099647,1.51));
#7130 = LINE('',#7131,#7132);
#7131 = CARTESIAN_POINT('',(108.5625,-149.099647,1.51));
#7132 = VECTOR('',#7133,1.);
#7133 = DIRECTION('',(0.,-1.,0.));
#7134 = ORIENTED_EDGE('',*,*,#7135,.F.);
#7135 = EDGE_CURVE('',#7136,#7128,#7138,.T.);
#7136 = VERTEX_POINT('',#7137);
#7137 = CARTESIAN_POINT('',(108.518566,-148.943345,1.51));
#7138 = CIRCLE('',#7139,0.299991600077);
#7139 = AXIS2_PLACEMENT_3D('',#7140,#7141,#7142);
#7140 = CARTESIAN_POINT('',(108.26250839993,-149.099644282,1.51));
#7141 = DIRECTION('',(0.,0.,-1.));
#7142 = DIRECTION('',(0.853549232709,0.521012195004,0.));
#7143 = ORIENTED_EDGE('',*,*,#7144,.F.);
#7144 = EDGE_CURVE('',#7145,#7136,#7147,.T.);
#7145 = VERTEX_POINT('',#7146);
#7146 = CARTESIAN_POINT('',(109.205845,-148.256066,1.51));
#7147 = CIRCLE('',#7148,0.499999603944);
#7148 = AXIS2_PLACEMENT_3D('',#7149,#7150,#7151);
#7149 = CARTESIAN_POINT('',(108.94534211054,-148.6828421105,1.51));
#7150 = DIRECTION('',(0.,0.,1.));
#7151 = DIRECTION('',(0.521006191616,0.853552897188,-0.));
#7152 = ORIENTED_EDGE('',*,*,#7153,.F.);
#7153 = EDGE_CURVE('',#7154,#7145,#7156,.T.);
#7154 = VERTEX_POINT('',#7155);
#7155 = CARTESIAN_POINT('',(109.362147,-148.3,1.51));
#7156 = CIRCLE('',#7157,0.299991600078);
#7157 = AXIS2_PLACEMENT_3D('',#7158,#7159,#7160);
#7158 = CARTESIAN_POINT('',(109.36214428203,-148.0000083999,1.51));
#7159 = DIRECTION('',(0.,0.,-1.));
#7160 = DIRECTION('',(9.060122909248E-06,-0.999999999959,0.));
#7161 = ORIENTED_EDGE('',*,*,#7162,.F.);
#7162 = EDGE_CURVE('',#7163,#7154,#7165,.T.);
#7163 = VERTEX_POINT('',#7164);
#7164 = CARTESIAN_POINT('',(110.2625,-148.3,1.51));
#7165 = LINE('',#7166,#7167);
#7166 = CARTESIAN_POINT('',(110.2625,-148.3,1.51));
#7167 = VECTOR('',#7168,1.);
#7168 = DIRECTION('',(-1.,0.,0.));
#7169 = ORIENTED_EDGE('',*,*,#7170,.F.);
#7170 = EDGE_CURVE('',#7171,#7163,#7173,.T.);
#7171 = VERTEX_POINT('',#7172);
#7172 = CARTESIAN_POINT('',(111.162853,-148.3,1.51));
#7173 = LINE('',#7174,#7175);
#7174 = CARTESIAN_POINT('',(111.162853,-148.3,1.51));
#7175 = VECTOR('',#7176,1.);
#7176 = DIRECTION('',(-1.,0.,0.));
#7177 = ORIENTED_EDGE('',*,*,#7178,.F.);
#7178 = EDGE_CURVE('',#7016,#7171,#7179,.T.);
#7179 = CIRCLE('',#7180,0.299966762339);
#7180 = AXIS2_PLACEMENT_3D('',#7181,#7182,#7183);
#7181 = CARTESIAN_POINT('',(111.16286269949,-148.0000332378,1.51));
#7182 = DIRECTION('',(0.,0.,-1.));
#7183 = DIRECTION('',(0.521032061311,-0.853537105864,0.));
#7184 = FACE_BOUND('',#7185,.T.);
#7185 = EDGE_LOOP('',(#7186));
#7186 = ORIENTED_EDGE('',*,*,#7187,.T.);
#7187 = EDGE_CURVE('',#7188,#7188,#7190,.T.);
#7188 = VERTEX_POINT('',#7189);
#7189 = CARTESIAN_POINT('',(105.1825,-145.595,1.51));
#7190 = CIRCLE('',#7191,0.875);
#7191 = AXIS2_PLACEMENT_3D('',#7192,#7193,#7194);
#7192 = CARTESIAN_POINT('',(105.1825,-144.72,1.51));
#7193 = DIRECTION('',(-0.,0.,-1.));
#7194 = DIRECTION('',(-0.,-1.,0.));
#7195 = FACE_BOUND('',#7196,.T.);
#7196 = EDGE_LOOP('',(#7197));
#7197 = ORIENTED_EDGE('',*,*,#7198,.T.);
#7198 = EDGE_CURVE('',#7199,#7199,#7201,.T.);
#7199 = VERTEX_POINT('',#7200);
#7200 = CARTESIAN_POINT('',(106.4525,-143.705,1.51));
#7201 = CIRCLE('',#7202,1.525);
#7202 = AXIS2_PLACEMENT_3D('',#7203,#7204,#7205);
#7203 = CARTESIAN_POINT('',(106.4525,-142.18,1.51));
#7204 = DIRECTION('',(-0.,0.,-1.));
#7205 = DIRECTION('',(-0.,-1.,0.));
#7206 = FACE_BOUND('',#7207,.T.);
#7207 = EDGE_LOOP('',(#7208));
#7208 = ORIENTED_EDGE('',*,*,#7209,.T.);
#7209 = EDGE_CURVE('',#7210,#7210,#7212,.T.);
#7210 = VERTEX_POINT('',#7211);
#7211 = CARTESIAN_POINT('',(110.2625,-146.72,1.51));
#7212 = CIRCLE('',#7213,2.);
#7213 = AXIS2_PLACEMENT_3D('',#7214,#7215,#7216);
#7214 = CARTESIAN_POINT('',(110.2625,-144.72,1.51));
#7215 = DIRECTION('',(-0.,0.,-1.));
#7216 = DIRECTION('',(-0.,-1.,0.));
#7217 = FACE_BOUND('',#7218,.T.);
#7218 = EDGE_LOOP('',(#7219));
#7219 = ORIENTED_EDGE('',*,*,#7220,.T.);
#7220 = EDGE_CURVE('',#7221,#7221,#7223,.T.);
#7221 = VERTEX_POINT('',#7222);
#7222 = CARTESIAN_POINT('',(122.8375,-155.395,1.51));
#7223 = CIRCLE('',#7224,1.1);
#7224 = AXIS2_PLACEMENT_3D('',#7225,#7226,#7227);
#7225 = CARTESIAN_POINT('',(122.8375,-154.295,1.51));
#7226 = DIRECTION('',(-0.,0.,-1.));
#7227 = DIRECTION('',(-0.,-1.,0.));
#7228 = FACE_BOUND('',#7229,.T.);
#7229 = EDGE_LOOP('',(#7230));
#7230 = ORIENTED_EDGE('',*,*,#7231,.T.);
#7231 = EDGE_CURVE('',#7232,#7232,#7234,.T.);
#7232 = VERTEX_POINT('',#7233);
#7233 = CARTESIAN_POINT('',(115.3425,-145.595,1.51));
#7234 = CIRCLE('',#7235,0.875);
#7235 = AXIS2_PLACEMENT_3D('',#7236,#7237,#7238);
#7236 = CARTESIAN_POINT('',(115.3425,-144.72,1.51));
#7237 = DIRECTION('',(-0.,0.,-1.));
#7238 = DIRECTION('',(-0.,-1.,0.));
#7239 = FACE_BOUND('',#7240,.T.);
#7240 = EDGE_LOOP('',(#7241));
#7241 = ORIENTED_EDGE('',*,*,#7242,.T.);
#7242 = EDGE_CURVE('',#7243,#7243,#7245,.T.);
#7243 = VERTEX_POINT('',#7244);
#7244 = CARTESIAN_POINT('',(112.8025,-141.165,1.51));
#7245 = CIRCLE('',#7246,1.525);
#7246 = AXIS2_PLACEMENT_3D('',#7247,#7248,#7249);
#7247 = CARTESIAN_POINT('',(112.8025,-139.64,1.51));
#7248 = DIRECTION('',(-0.,0.,-1.));
#7249 = DIRECTION('',(-9.31859325587E-15,-1.,0.));
#7250 = FACE_BOUND('',#7251,.T.);
#7251 = EDGE_LOOP('',(#7252,#7263,#7272,#7280,#7288,#7297,#7306,#7315,
    #7323,#7331,#7340,#7349,#7358,#7366,#7374,#7383,#7392,#7401,#7409,
    #7417));
#7252 = ORIENTED_EDGE('',*,*,#7253,.F.);
#7253 = EDGE_CURVE('',#7254,#7256,#7258,.T.);
#7254 = VERTEX_POINT('',#7255);
#7255 = CARTESIAN_POINT('',(112.006434,-129.893345,1.51));
#7256 = VERTEX_POINT('',#7257);
#7257 = CARTESIAN_POINT('',(111.319155,-129.206066,1.51));
#7258 = CIRCLE('',#7259,0.499999603944);
#7259 = AXIS2_PLACEMENT_3D('',#7260,#7261,#7262);
#7260 = CARTESIAN_POINT('',(111.57965788946,-129.6328421105,1.51));
#7261 = DIRECTION('',(0.,0.,1.));
#7262 = DIRECTION('',(0.853552897188,-0.521006191615,0.));
#7263 = ORIENTED_EDGE('',*,*,#7264,.F.);
#7264 = EDGE_CURVE('',#7265,#7254,#7267,.T.);
#7265 = VERTEX_POINT('',#7266);
#7266 = CARTESIAN_POINT('',(111.9625,-130.049647,1.51));
#7267 = CIRCLE('',#7268,0.299683785035);
#7268 = AXIS2_PLACEMENT_3D('',#7269,#7270,#7271);
#7269 = CARTESIAN_POINT('',(112.26218377174,-130.0495577564,1.51));
#7270 = DIRECTION('',(0.,0.,-1.));
#7271 = DIRECTION('',(-0.99999995566,-2.977925317391E-04,-0.));
#7272 = ORIENTED_EDGE('',*,*,#7273,.F.);
#7273 = EDGE_CURVE('',#7274,#7265,#7276,.T.);
#7274 = VERTEX_POINT('',#7275);
#7275 = CARTESIAN_POINT('',(111.9625,-130.75,1.51));
#7276 = LINE('',#7277,#7278);
#7277 = CARTESIAN_POINT('',(111.9625,-130.75,1.51));
#7278 = VECTOR('',#7279,1.);
#7279 = DIRECTION('',(0.,1.,0.));
#7280 = ORIENTED_EDGE('',*,*,#7281,.F.);
#7281 = EDGE_CURVE('',#7282,#7274,#7284,.T.);
#7282 = VERTEX_POINT('',#7283);
#7283 = CARTESIAN_POINT('',(111.9625,-131.450353,1.51));
#7284 = LINE('',#7285,#7286);
#7285 = CARTESIAN_POINT('',(111.9625,-131.450353,1.51));
#7286 = VECTOR('',#7287,1.);
#7287 = DIRECTION('',(0.,1.,0.));
#7288 = ORIENTED_EDGE('',*,*,#7289,.F.);
#7289 = EDGE_CURVE('',#7290,#7282,#7292,.T.);
#7290 = VERTEX_POINT('',#7291);
#7291 = CARTESIAN_POINT('',(112.006434,-131.606655,1.51));
#7292 = CIRCLE('',#7293,0.299966762338);
#7293 = AXIS2_PLACEMENT_3D('',#7294,#7295,#7296);
#7294 = CARTESIAN_POINT('',(112.26246676218,-131.4503626994,1.51));
#7295 = DIRECTION('',(0.,0.,-1.));
#7296 = DIRECTION('',(-0.853537105864,-0.521032061311,-0.));
#7297 = ORIENTED_EDGE('',*,*,#7298,.F.);
#7298 = EDGE_CURVE('',#7299,#7290,#7301,.T.);
#7299 = VERTEX_POINT('',#7300);
#7300 = CARTESIAN_POINT('',(111.319155,-132.293934,1.51));
#7301 = CIRCLE('',#7302,0.499998734392);
#7302 = AXIS2_PLACEMENT_3D('',#7303,#7304,#7305);
#7303 = CARTESIAN_POINT('',(111.57966050432,-131.8671605043,1.51));
#7304 = DIRECTION('',(0.,0.,1.));
#7305 = DIRECTION('',(-0.521012327448,-0.853549151864,0.));
#7306 = ORIENTED_EDGE('',*,*,#7307,.F.);
#7307 = EDGE_CURVE('',#7308,#7299,#7310,.T.);
#7308 = VERTEX_POINT('',#7309);
#7309 = CARTESIAN_POINT('',(111.162853,-132.25,1.51));
#7310 = CIRCLE('',#7311,0.300023425677);
#7311 = AXIS2_PLACEMENT_3D('',#7312,#7313,#7314);
#7312 = CARTESIAN_POINT('',(111.1628467723,-132.5500234256,1.51));
#7313 = DIRECTION('',(0.,0.,-1.));
#7314 = DIRECTION('',(2.075735503318E-05,0.999999999785,0.));
#7315 = ORIENTED_EDGE('',*,*,#7316,.F.);
#7316 = EDGE_CURVE('',#7317,#7308,#7319,.T.);
#7317 = VERTEX_POINT('',#7318);
#7318 = CARTESIAN_POINT('',(110.2625,-132.25,1.51));
#7319 = LINE('',#7320,#7321);
#7320 = CARTESIAN_POINT('',(110.2625,-132.25,1.51));
#7321 = VECTOR('',#7322,1.);
#7322 = DIRECTION('',(1.,0.,0.));
#7323 = ORIENTED_EDGE('',*,*,#7324,.F.);
#7324 = EDGE_CURVE('',#7325,#7317,#7327,.T.);
#7325 = VERTEX_POINT('',#7326);
#7326 = CARTESIAN_POINT('',(109.362147,-132.25,1.51));
#7327 = LINE('',#7328,#7329);
#7328 = CARTESIAN_POINT('',(109.362147,-132.25,1.51));
#7329 = VECTOR('',#7330,1.);
#7330 = DIRECTION('',(1.,0.,0.));
#7331 = ORIENTED_EDGE('',*,*,#7332,.F.);
#7332 = EDGE_CURVE('',#7333,#7325,#7335,.T.);
#7333 = VERTEX_POINT('',#7334);
#7334 = CARTESIAN_POINT('',(109.205845,-132.293934,1.51));
#7335 = CIRCLE('',#7336,0.299991600077);
#7336 = AXIS2_PLACEMENT_3D('',#7337,#7338,#7339);
#7337 = CARTESIAN_POINT('',(109.36214428203,-132.5499916,1.51));
#7338 = DIRECTION('',(0.,0.,-1.));
#7339 = DIRECTION('',(-0.521012195004,0.853549232709,0.));
#7340 = ORIENTED_EDGE('',*,*,#7341,.F.);
#7341 = EDGE_CURVE('',#7342,#7333,#7344,.T.);
#7342 = VERTEX_POINT('',#7343);
#7343 = CARTESIAN_POINT('',(108.518566,-131.606655,1.51));
#7344 = CIRCLE('',#7345,0.499999603944);
#7345 = AXIS2_PLACEMENT_3D('',#7346,#7347,#7348);
#7346 = CARTESIAN_POINT('',(108.94534211054,-131.8671578894,1.51));
#7347 = DIRECTION('',(0.,0.,1.));
#7348 = DIRECTION('',(-0.853552897188,0.521006191615,0.));
#7349 = ORIENTED_EDGE('',*,*,#7350,.F.);
#7350 = EDGE_CURVE('',#7351,#7342,#7353,.T.);
#7351 = VERTEX_POINT('',#7352);
#7352 = CARTESIAN_POINT('',(108.5625,-131.450353,1.51));
#7353 = CIRCLE('',#7354,0.299991600077);
#7354 = AXIS2_PLACEMENT_3D('',#7355,#7356,#7357);
#7355 = CARTESIAN_POINT('',(108.26250839993,-131.4503557179,1.51));
#7356 = DIRECTION('',(0.,0.,-1.));
#7357 = DIRECTION('',(0.999999999959,9.06012357246E-06,0.));
#7358 = ORIENTED_EDGE('',*,*,#7359,.F.);
#7359 = EDGE_CURVE('',#7360,#7351,#7362,.T.);
#7360 = VERTEX_POINT('',#7361);
#7361 = CARTESIAN_POINT('',(108.5625,-130.75,1.51));
#7362 = LINE('',#7363,#7364);
#7363 = CARTESIAN_POINT('',(108.5625,-130.75,1.51));
#7364 = VECTOR('',#7365,1.);
#7365 = DIRECTION('',(0.,-1.,0.));
#7366 = ORIENTED_EDGE('',*,*,#7367,.F.);
#7367 = EDGE_CURVE('',#7368,#7360,#7370,.T.);
#7368 = VERTEX_POINT('',#7369);
#7369 = CARTESIAN_POINT('',(108.5625,-130.049647,1.51));
#7370 = LINE('',#7371,#7372);
#7371 = CARTESIAN_POINT('',(108.5625,-130.049647,1.51));
#7372 = VECTOR('',#7373,1.);
#7373 = DIRECTION('',(0.,-1.,0.));
#7374 = ORIENTED_EDGE('',*,*,#7375,.F.);
#7375 = EDGE_CURVE('',#7376,#7368,#7378,.T.);
#7376 = VERTEX_POINT('',#7377);
#7377 = CARTESIAN_POINT('',(108.518566,-129.893345,1.51));
#7378 = CIRCLE('',#7379,0.299991600077);
#7379 = AXIS2_PLACEMENT_3D('',#7380,#7381,#7382);
#7380 = CARTESIAN_POINT('',(108.26250839993,-130.049644282,1.51));
#7381 = DIRECTION('',(0.,0.,-1.));
#7382 = DIRECTION('',(0.853549232709,0.521012195004,0.));
#7383 = ORIENTED_EDGE('',*,*,#7384,.F.);
#7384 = EDGE_CURVE('',#7385,#7376,#7387,.T.);
#7385 = VERTEX_POINT('',#7386);
#7386 = CARTESIAN_POINT('',(109.205845,-129.206066,1.51));
#7387 = CIRCLE('',#7388,0.499999603944);
#7388 = AXIS2_PLACEMENT_3D('',#7389,#7390,#7391);
#7389 = CARTESIAN_POINT('',(108.94534211054,-129.6328421105,1.51));
#7390 = DIRECTION('',(0.,0.,1.));
#7391 = DIRECTION('',(0.521006191615,0.853552897188,-0.));
#7392 = ORIENTED_EDGE('',*,*,#7393,.F.);
#7393 = EDGE_CURVE('',#7394,#7385,#7396,.T.);
#7394 = VERTEX_POINT('',#7395);
#7395 = CARTESIAN_POINT('',(109.362147,-129.25,1.51));
#7396 = CIRCLE('',#7397,0.299991600077);
#7397 = AXIS2_PLACEMENT_3D('',#7398,#7399,#7400);
#7398 = CARTESIAN_POINT('',(109.36214428203,-128.9500083999,1.51));
#7399 = DIRECTION('',(0.,0.,-1.));
#7400 = DIRECTION('',(9.060123572461E-06,-0.999999999959,0.));
#7401 = ORIENTED_EDGE('',*,*,#7402,.F.);
#7402 = EDGE_CURVE('',#7403,#7394,#7405,.T.);
#7403 = VERTEX_POINT('',#7404);
#7404 = CARTESIAN_POINT('',(110.2625,-129.25,1.51));
#7405 = LINE('',#7406,#7407);
#7406 = CARTESIAN_POINT('',(110.2625,-129.25,1.51));
#7407 = VECTOR('',#7408,1.);
#7408 = DIRECTION('',(-1.,0.,0.));
#7409 = ORIENTED_EDGE('',*,*,#7410,.F.);
#7410 = EDGE_CURVE('',#7411,#7403,#7413,.T.);
#7411 = VERTEX_POINT('',#7412);
#7412 = CARTESIAN_POINT('',(111.162853,-129.25,1.51));
#7413 = LINE('',#7414,#7415);
#7414 = CARTESIAN_POINT('',(111.162853,-129.25,1.51));
#7415 = VECTOR('',#7416,1.);
#7416 = DIRECTION('',(-1.,0.,0.));
#7417 = ORIENTED_EDGE('',*,*,#7418,.F.);
#7418 = EDGE_CURVE('',#7256,#7411,#7419,.T.);
#7419 = CIRCLE('',#7420,0.299966762338);
#7420 = AXIS2_PLACEMENT_3D('',#7421,#7422,#7423);
#7421 = CARTESIAN_POINT('',(111.16286269949,-128.9500332378,1.51));
#7422 = DIRECTION('',(0.,0.,-1.));
#7423 = DIRECTION('',(0.521032061311,-0.853537105863,0.));
#7424 = FACE_BOUND('',#7425,.T.);
#7425 = EDGE_LOOP('',(#7426));
#7426 = ORIENTED_EDGE('',*,*,#7427,.T.);
#7427 = EDGE_CURVE('',#7428,#7428,#7430,.T.);
#7428 = VERTEX_POINT('',#7429);
#7429 = CARTESIAN_POINT('',(86.1325,-126.545,1.51));
#7430 = CIRCLE('',#7431,0.875);
#7431 = AXIS2_PLACEMENT_3D('',#7432,#7433,#7434);
#7432 = CARTESIAN_POINT('',(86.1325,-125.67,1.51));
#7433 = DIRECTION('',(-0.,0.,-1.));
#7434 = DIRECTION('',(-0.,-1.,0.));
#7435 = FACE_BOUND('',#7436,.T.);
#7436 = EDGE_LOOP('',(#7437));
#7437 = ORIENTED_EDGE('',*,*,#7438,.T.);
#7438 = EDGE_CURVE('',#7439,#7439,#7441,.T.);
#7439 = VERTEX_POINT('',#7440);
#7440 = CARTESIAN_POINT('',(91.2125,-127.67,1.51));
#7441 = CIRCLE('',#7442,2.);
#7442 = AXIS2_PLACEMENT_3D('',#7443,#7444,#7445);
#7443 = CARTESIAN_POINT('',(91.2125,-125.67,1.51));
#7444 = DIRECTION('',(-0.,0.,-1.));
#7445 = DIRECTION('',(-0.,-1.,0.));
#7446 = FACE_BOUND('',#7447,.T.);
#7447 = EDGE_LOOP('',(#7448));
#7448 = ORIENTED_EDGE('',*,*,#7449,.T.);
#7449 = EDGE_CURVE('',#7450,#7450,#7452,.T.);
#7450 = VERTEX_POINT('',#7451);
#7451 = CARTESIAN_POINT('',(87.4025,-124.655,1.51));
#7452 = CIRCLE('',#7453,1.525);
#7453 = AXIS2_PLACEMENT_3D('',#7454,#7455,#7456);
#7454 = CARTESIAN_POINT('',(87.4025,-123.13,1.51));
#7455 = DIRECTION('',(-0.,0.,-1.));
#7456 = DIRECTION('',(-0.,-1.,0.));
#7457 = FACE_BOUND('',#7458,.T.);
#7458 = EDGE_LOOP('',(#7459));
#7459 = ORIENTED_EDGE('',*,*,#7460,.T.);
#7460 = EDGE_CURVE('',#7461,#7461,#7463,.T.);
#7461 = VERTEX_POINT('',#7462);
#7462 = CARTESIAN_POINT('',(96.2925,-126.545,1.51));
#7463 = CIRCLE('',#7464,0.875);
#7464 = AXIS2_PLACEMENT_3D('',#7465,#7466,#7467);
#7465 = CARTESIAN_POINT('',(96.2925,-125.67,1.51));
#7466 = DIRECTION('',(-0.,0.,-1.));
#7467 = DIRECTION('',(-0.,-1.,0.));
#7468 = FACE_BOUND('',#7469,.T.);
#7469 = EDGE_LOOP('',(#7470));
#7470 = ORIENTED_EDGE('',*,*,#7471,.T.);
#7471 = EDGE_CURVE('',#7472,#7472,#7474,.T.);
#7472 = VERTEX_POINT('',#7473);
#7473 = CARTESIAN_POINT('',(93.7525,-122.115,1.51));
#7474 = CIRCLE('',#7475,1.525);
#7475 = AXIS2_PLACEMENT_3D('',#7476,#7477,#7478);
#7476 = CARTESIAN_POINT('',(93.7525,-120.59,1.51));
#7477 = DIRECTION('',(-0.,0.,-1.));
#7478 = DIRECTION('',(-0.,-1.,0.));
#7479 = FACE_BOUND('',#7480,.T.);
#7480 = EDGE_LOOP('',(#7481,#7492,#7501,#7509,#7517,#7526,#7535,#7544,
    #7552,#7560,#7569,#7578,#7587,#7595,#7603,#7612,#7621,#7630,#7638,
    #7646));
#7481 = ORIENTED_EDGE('',*,*,#7482,.F.);
#7482 = EDGE_CURVE('',#7483,#7485,#7487,.T.);
#7483 = VERTEX_POINT('',#7484);
#7484 = CARTESIAN_POINT('',(92.956434,-110.843345,1.51));
#7485 = VERTEX_POINT('',#7486);
#7486 = CARTESIAN_POINT('',(92.269155,-110.156066,1.51));
#7487 = CIRCLE('',#7488,0.499999603944);
#7488 = AXIS2_PLACEMENT_3D('',#7489,#7490,#7491);
#7489 = CARTESIAN_POINT('',(92.52965788946,-110.5828421105,1.51));
#7490 = DIRECTION('',(0.,0.,1.));
#7491 = DIRECTION('',(0.853552897188,-0.521006191616,0.));
#7492 = ORIENTED_EDGE('',*,*,#7493,.F.);
#7493 = EDGE_CURVE('',#7494,#7483,#7496,.T.);
#7494 = VERTEX_POINT('',#7495);
#7495 = CARTESIAN_POINT('',(92.9125,-110.999647,1.51));
#7496 = CIRCLE('',#7497,0.299683785035);
#7497 = AXIS2_PLACEMENT_3D('',#7498,#7499,#7500);
#7498 = CARTESIAN_POINT('',(93.212183771747,-110.9995577564,1.51));
#7499 = DIRECTION('',(0.,0.,-1.));
#7500 = DIRECTION('',(-0.99999995566,-2.977925313593E-04,-0.));
#7501 = ORIENTED_EDGE('',*,*,#7502,.F.);
#7502 = EDGE_CURVE('',#7503,#7494,#7505,.T.);
#7503 = VERTEX_POINT('',#7504);
#7504 = CARTESIAN_POINT('',(92.9125,-111.7,1.51));
#7505 = LINE('',#7506,#7507);
#7506 = CARTESIAN_POINT('',(92.9125,-111.7,1.51));
#7507 = VECTOR('',#7508,1.);
#7508 = DIRECTION('',(0.,1.,0.));
#7509 = ORIENTED_EDGE('',*,*,#7510,.F.);
#7510 = EDGE_CURVE('',#7511,#7503,#7513,.T.);
#7511 = VERTEX_POINT('',#7512);
#7512 = CARTESIAN_POINT('',(92.9125,-112.400353,1.51));
#7513 = LINE('',#7514,#7515);
#7514 = CARTESIAN_POINT('',(92.9125,-112.400353,1.51));
#7515 = VECTOR('',#7516,1.);
#7516 = DIRECTION('',(0.,1.,0.));
#7517 = ORIENTED_EDGE('',*,*,#7518,.F.);
#7518 = EDGE_CURVE('',#7519,#7511,#7521,.T.);
#7519 = VERTEX_POINT('',#7520);
#7520 = CARTESIAN_POINT('',(92.956434,-112.556655,1.51));
#7521 = CIRCLE('',#7522,0.299966762338);
#7522 = AXIS2_PLACEMENT_3D('',#7523,#7524,#7525);
#7523 = CARTESIAN_POINT('',(93.212466762182,-112.4003626994,1.51));
#7524 = DIRECTION('',(0.,0.,-1.));
#7525 = DIRECTION('',(-0.853537105864,-0.521032061311,-0.));
#7526 = ORIENTED_EDGE('',*,*,#7527,.F.);
#7527 = EDGE_CURVE('',#7528,#7519,#7530,.T.);
#7528 = VERTEX_POINT('',#7529);
#7529 = CARTESIAN_POINT('',(92.269155,-113.243934,1.51));
#7530 = CIRCLE('',#7531,0.499998734392);
#7531 = AXIS2_PLACEMENT_3D('',#7532,#7533,#7534);
#7532 = CARTESIAN_POINT('',(92.529660504327,-112.8171605043,1.51));
#7533 = DIRECTION('',(0.,0.,1.));
#7534 = DIRECTION('',(-0.521012327448,-0.853549151864,0.));
#7535 = ORIENTED_EDGE('',*,*,#7536,.F.);
#7536 = EDGE_CURVE('',#7537,#7528,#7539,.T.);
#7537 = VERTEX_POINT('',#7538);
#7538 = CARTESIAN_POINT('',(92.112853,-113.2,1.51));
#7539 = CIRCLE('',#7540,0.300023425677);
#7540 = AXIS2_PLACEMENT_3D('',#7541,#7542,#7543);
#7541 = CARTESIAN_POINT('',(92.112846772307,-113.5000234256,1.51));
#7542 = DIRECTION('',(0.,0.,-1.));
#7543 = DIRECTION('',(2.075735508053E-05,0.999999999785,0.));
#7544 = ORIENTED_EDGE('',*,*,#7545,.F.);
#7545 = EDGE_CURVE('',#7546,#7537,#7548,.T.);
#7546 = VERTEX_POINT('',#7547);
#7547 = CARTESIAN_POINT('',(91.2125,-113.2,1.51));
#7548 = LINE('',#7549,#7550);
#7549 = CARTESIAN_POINT('',(91.2125,-113.2,1.51));
#7550 = VECTOR('',#7551,1.);
#7551 = DIRECTION('',(1.,0.,0.));
#7552 = ORIENTED_EDGE('',*,*,#7553,.F.);
#7553 = EDGE_CURVE('',#7554,#7546,#7556,.T.);
#7554 = VERTEX_POINT('',#7555);
#7555 = CARTESIAN_POINT('',(90.312147,-113.2,1.51));
#7556 = LINE('',#7557,#7558);
#7557 = CARTESIAN_POINT('',(90.312147,-113.2,1.51));
#7558 = VECTOR('',#7559,1.);
#7559 = DIRECTION('',(1.,0.,0.));
#7560 = ORIENTED_EDGE('',*,*,#7561,.F.);
#7561 = EDGE_CURVE('',#7562,#7554,#7564,.T.);
#7562 = VERTEX_POINT('',#7563);
#7563 = CARTESIAN_POINT('',(90.155845,-113.243934,1.51));
#7564 = CIRCLE('',#7565,0.299991600078);
#7565 = AXIS2_PLACEMENT_3D('',#7566,#7567,#7568);
#7566 = CARTESIAN_POINT('',(90.312144282039,-113.4999916,1.51));
#7567 = DIRECTION('',(0.,0.,-1.));
#7568 = DIRECTION('',(-0.521012195004,0.853549232709,0.));
#7569 = ORIENTED_EDGE('',*,*,#7570,.F.);
#7570 = EDGE_CURVE('',#7571,#7562,#7573,.T.);
#7571 = VERTEX_POINT('',#7572);
#7572 = CARTESIAN_POINT('',(89.468566,-112.556655,1.51));
#7573 = CIRCLE('',#7574,0.499999603944);
#7574 = AXIS2_PLACEMENT_3D('',#7575,#7576,#7577);
#7575 = CARTESIAN_POINT('',(89.89534211054,-112.8171578894,1.51));
#7576 = DIRECTION('',(0.,0.,1.));
#7577 = DIRECTION('',(-0.853552897188,0.521006191616,0.));
#7578 = ORIENTED_EDGE('',*,*,#7579,.F.);
#7579 = EDGE_CURVE('',#7580,#7571,#7582,.T.);
#7580 = VERTEX_POINT('',#7581);
#7581 = CARTESIAN_POINT('',(89.5125,-112.400353,1.51));
#7582 = CIRCLE('',#7583,0.299991600078);
#7583 = AXIS2_PLACEMENT_3D('',#7584,#7585,#7586);
#7584 = CARTESIAN_POINT('',(89.212508399935,-112.4003557179,1.51));
#7585 = DIRECTION('',(0.,0.,-1.));
#7586 = DIRECTION('',(0.999999999959,9.06012338297E-06,0.));
#7587 = ORIENTED_EDGE('',*,*,#7588,.F.);
#7588 = EDGE_CURVE('',#7589,#7580,#7591,.T.);
#7589 = VERTEX_POINT('',#7590);
#7590 = CARTESIAN_POINT('',(89.5125,-111.7,1.51));
#7591 = LINE('',#7592,#7593);
#7592 = CARTESIAN_POINT('',(89.5125,-111.7,1.51));
#7593 = VECTOR('',#7594,1.);
#7594 = DIRECTION('',(0.,-1.,0.));
#7595 = ORIENTED_EDGE('',*,*,#7596,.F.);
#7596 = EDGE_CURVE('',#7597,#7589,#7599,.T.);
#7597 = VERTEX_POINT('',#7598);
#7598 = CARTESIAN_POINT('',(89.5125,-110.999647,1.51));
#7599 = LINE('',#7600,#7601);
#7600 = CARTESIAN_POINT('',(89.5125,-110.999647,1.51));
#7601 = VECTOR('',#7602,1.);
#7602 = DIRECTION('',(0.,-1.,0.));
#7603 = ORIENTED_EDGE('',*,*,#7604,.F.);
#7604 = EDGE_CURVE('',#7605,#7597,#7607,.T.);
#7605 = VERTEX_POINT('',#7606);
#7606 = CARTESIAN_POINT('',(89.468566,-110.843345,1.51));
#7607 = CIRCLE('',#7608,0.299991600078);
#7608 = AXIS2_PLACEMENT_3D('',#7609,#7610,#7611);
#7609 = CARTESIAN_POINT('',(89.212508399935,-110.999644282,1.51));
#7610 = DIRECTION('',(0.,0.,-1.));
#7611 = DIRECTION('',(0.853549232709,0.521012195003,0.));
#7612 = ORIENTED_EDGE('',*,*,#7613,.F.);
#7613 = EDGE_CURVE('',#7614,#7605,#7616,.T.);
#7614 = VERTEX_POINT('',#7615);
#7615 = CARTESIAN_POINT('',(90.155845,-110.156066,1.51));
#7616 = CIRCLE('',#7617,0.499999603944);
#7617 = AXIS2_PLACEMENT_3D('',#7618,#7619,#7620);
#7618 = CARTESIAN_POINT('',(89.89534211054,-110.5828421105,1.51));
#7619 = DIRECTION('',(0.,0.,1.));
#7620 = DIRECTION('',(0.521006191616,0.853552897188,-0.));
#7621 = ORIENTED_EDGE('',*,*,#7622,.F.);
#7622 = EDGE_CURVE('',#7623,#7614,#7625,.T.);
#7623 = VERTEX_POINT('',#7624);
#7624 = CARTESIAN_POINT('',(90.312147,-110.2,1.51));
#7625 = CIRCLE('',#7626,0.299991600078);
#7626 = AXIS2_PLACEMENT_3D('',#7627,#7628,#7629);
#7627 = CARTESIAN_POINT('',(90.312144282039,-109.9000083999,1.51));
#7628 = DIRECTION('',(0.,0.,-1.));
#7629 = DIRECTION('',(9.060123288227E-06,-0.999999999959,0.));
#7630 = ORIENTED_EDGE('',*,*,#7631,.F.);
#7631 = EDGE_CURVE('',#7632,#7623,#7634,.T.);
#7632 = VERTEX_POINT('',#7633);
#7633 = CARTESIAN_POINT('',(91.2125,-110.2,1.51));
#7634 = LINE('',#7635,#7636);
#7635 = CARTESIAN_POINT('',(91.2125,-110.2,1.51));
#7636 = VECTOR('',#7637,1.);
#7637 = DIRECTION('',(-1.,0.,0.));
#7638 = ORIENTED_EDGE('',*,*,#7639,.F.);
#7639 = EDGE_CURVE('',#7640,#7632,#7642,.T.);
#7640 = VERTEX_POINT('',#7641);
#7641 = CARTESIAN_POINT('',(92.112853,-110.2,1.51));
#7642 = LINE('',#7643,#7644);
#7643 = CARTESIAN_POINT('',(92.112853,-110.2,1.51));
#7644 = VECTOR('',#7645,1.);
#7645 = DIRECTION('',(-1.,0.,0.));
#7646 = ORIENTED_EDGE('',*,*,#7647,.F.);
#7647 = EDGE_CURVE('',#7485,#7640,#7648,.T.);
#7648 = CIRCLE('',#7649,0.299966762338);
#7649 = AXIS2_PLACEMENT_3D('',#7650,#7651,#7652);
#7650 = CARTESIAN_POINT('',(92.112862699494,-109.9000332378,1.51));
#7651 = DIRECTION('',(0.,0.,-1.));
#7652 = DIRECTION('',(0.521032061311,-0.853537105863,0.));
#7653 = FACE_BOUND('',#7654,.T.);
#7654 = EDGE_LOOP('',(#7655));
#7655 = ORIENTED_EDGE('',*,*,#7656,.T.);
#7656 = EDGE_CURVE('',#7657,#7657,#7659,.T.);
#7657 = VERTEX_POINT('',#7658);
#7658 = CARTESIAN_POINT('',(86.1325,-107.495,1.51));
#7659 = CIRCLE('',#7660,0.875);
#7660 = AXIS2_PLACEMENT_3D('',#7661,#7662,#7663);
#7661 = CARTESIAN_POINT('',(86.1325,-106.62,1.51));
#7662 = DIRECTION('',(-0.,0.,-1.));
#7663 = DIRECTION('',(-0.,-1.,0.));
#7664 = FACE_BOUND('',#7665,.T.);
#7665 = EDGE_LOOP('',(#7666));
#7666 = ORIENTED_EDGE('',*,*,#7667,.T.);
#7667 = EDGE_CURVE('',#7668,#7668,#7670,.T.);
#7668 = VERTEX_POINT('',#7669);
#7669 = CARTESIAN_POINT('',(87.4025,-105.605,1.51));
#7670 = CIRCLE('',#7671,1.525);
#7671 = AXIS2_PLACEMENT_3D('',#7672,#7673,#7674);
#7672 = CARTESIAN_POINT('',(87.4025,-104.08,1.51));
#7673 = DIRECTION('',(-0.,0.,-1.));
#7674 = DIRECTION('',(-0.,-1.,0.));
#7675 = FACE_BOUND('',#7676,.T.);
#7676 = EDGE_LOOP('',(#7677));
#7677 = ORIENTED_EDGE('',*,*,#7678,.T.);
#7678 = EDGE_CURVE('',#7679,#7679,#7681,.T.);
#7679 = VERTEX_POINT('',#7680);
#7680 = CARTESIAN_POINT('',(91.2125,-108.62,1.51));
#7681 = CIRCLE('',#7682,2.);
#7682 = AXIS2_PLACEMENT_3D('',#7683,#7684,#7685);
#7683 = CARTESIAN_POINT('',(91.2125,-106.62,1.51));
#7684 = DIRECTION('',(-0.,0.,-1.));
#7685 = DIRECTION('',(-0.,-1.,0.));
#7686 = FACE_BOUND('',#7687,.T.);
#7687 = EDGE_LOOP('',(#7688));
#7688 = ORIENTED_EDGE('',*,*,#7689,.T.);
#7689 = EDGE_CURVE('',#7690,#7690,#7692,.T.);
#7690 = VERTEX_POINT('',#7691);
#7691 = CARTESIAN_POINT('',(96.2925,-107.495,1.51));
#7692 = CIRCLE('',#7693,0.875);
#7693 = AXIS2_PLACEMENT_3D('',#7694,#7695,#7696);
#7694 = CARTESIAN_POINT('',(96.2925,-106.62,1.51));
#7695 = DIRECTION('',(-0.,0.,-1.));
#7696 = DIRECTION('',(-0.,-1.,0.));
#7697 = FACE_BOUND('',#7698,.T.);
#7698 = EDGE_LOOP('',(#7699));
#7699 = ORIENTED_EDGE('',*,*,#7700,.T.);
#7700 = EDGE_CURVE('',#7701,#7701,#7703,.T.);
#7701 = VERTEX_POINT('',#7702);
#7702 = CARTESIAN_POINT('',(93.7525,-103.065,1.51));
#7703 = CIRCLE('',#7704,1.525);
#7704 = AXIS2_PLACEMENT_3D('',#7705,#7706,#7707);
#7705 = CARTESIAN_POINT('',(93.7525,-101.54,1.51));
#7706 = DIRECTION('',(-0.,0.,-1.));
#7707 = DIRECTION('',(-0.,-1.,0.));
#7708 = FACE_BOUND('',#7709,.T.);
#7709 = EDGE_LOOP('',(#7710));
#7710 = ORIENTED_EDGE('',*,*,#7711,.T.);
#7711 = EDGE_CURVE('',#7712,#7712,#7714,.T.);
#7712 = VERTEX_POINT('',#7713);
#7713 = CARTESIAN_POINT('',(105.1825,-126.545,1.51));
#7714 = CIRCLE('',#7715,0.875);
#7715 = AXIS2_PLACEMENT_3D('',#7716,#7717,#7718);
#7716 = CARTESIAN_POINT('',(105.1825,-125.67,1.51));
#7717 = DIRECTION('',(-0.,0.,-1.));
#7718 = DIRECTION('',(-0.,-1.,0.));
#7719 = FACE_BOUND('',#7720,.T.);
#7720 = EDGE_LOOP('',(#7721));
#7721 = ORIENTED_EDGE('',*,*,#7722,.T.);
#7722 = EDGE_CURVE('',#7723,#7723,#7725,.T.);
#7723 = VERTEX_POINT('',#7724);
#7724 = CARTESIAN_POINT('',(106.4525,-124.655,1.51));
#7725 = CIRCLE('',#7726,1.525);
#7726 = AXIS2_PLACEMENT_3D('',#7727,#7728,#7729);
#7727 = CARTESIAN_POINT('',(106.4525,-123.13,1.51));
#7728 = DIRECTION('',(-0.,0.,-1.));
#7729 = DIRECTION('',(-0.,-1.,0.));
#7730 = FACE_BOUND('',#7731,.T.);
#7731 = EDGE_LOOP('',(#7732));
#7732 = ORIENTED_EDGE('',*,*,#7733,.T.);
#7733 = EDGE_CURVE('',#7734,#7734,#7736,.T.);
#7734 = VERTEX_POINT('',#7735);
#7735 = CARTESIAN_POINT('',(110.2625,-127.67,1.51));
#7736 = CIRCLE('',#7737,2.);
#7737 = AXIS2_PLACEMENT_3D('',#7738,#7739,#7740);
#7738 = CARTESIAN_POINT('',(110.2625,-125.67,1.51));
#7739 = DIRECTION('',(-0.,0.,-1.));
#7740 = DIRECTION('',(-0.,-1.,0.));
#7741 = FACE_BOUND('',#7742,.T.);
#7742 = EDGE_LOOP('',(#7743));
#7743 = ORIENTED_EDGE('',*,*,#7744,.T.);
#7744 = EDGE_CURVE('',#7745,#7745,#7747,.T.);
#7745 = VERTEX_POINT('',#7746);
#7746 = CARTESIAN_POINT('',(112.8025,-122.115,1.51));
#7747 = CIRCLE('',#7748,1.525);
#7748 = AXIS2_PLACEMENT_3D('',#7749,#7750,#7751);
#7749 = CARTESIAN_POINT('',(112.8025,-120.59,1.51));
#7750 = DIRECTION('',(-0.,0.,-1.));
#7751 = DIRECTION('',(-9.31859325587E-15,-1.,0.));
#7752 = FACE_BOUND('',#7753,.T.);
#7753 = EDGE_LOOP('',(#7754));
#7754 = ORIENTED_EDGE('',*,*,#7755,.T.);
#7755 = EDGE_CURVE('',#7756,#7756,#7758,.T.);
#7756 = VERTEX_POINT('',#7757);
#7757 = CARTESIAN_POINT('',(115.3425,-126.545,1.51));
#7758 = CIRCLE('',#7759,0.875);
#7759 = AXIS2_PLACEMENT_3D('',#7760,#7761,#7762);
#7760 = CARTESIAN_POINT('',(115.3425,-125.67,1.51));
#7761 = DIRECTION('',(-0.,0.,-1.));
#7762 = DIRECTION('',(-0.,-1.,0.));
#7763 = FACE_BOUND('',#7764,.T.);
#7764 = EDGE_LOOP('',(#7765,#7776,#7785,#7793,#7801,#7810,#7819,#7828,
    #7836,#7844,#7853,#7862,#7871,#7879,#7887,#7896,#7905,#7914,#7922,
    #7930));
#7765 = ORIENTED_EDGE('',*,*,#7766,.F.);
#7766 = EDGE_CURVE('',#7767,#7769,#7771,.T.);
#7767 = VERTEX_POINT('',#7768);
#7768 = CARTESIAN_POINT('',(112.006434,-110.843345,1.51));
#7769 = VERTEX_POINT('',#7770);
#7770 = CARTESIAN_POINT('',(111.319155,-110.156066,1.51));
#7771 = CIRCLE('',#7772,0.499999603944);
#7772 = AXIS2_PLACEMENT_3D('',#7773,#7774,#7775);
#7773 = CARTESIAN_POINT('',(111.57965788946,-110.5828421105,1.51));
#7774 = DIRECTION('',(0.,0.,1.));
#7775 = DIRECTION('',(0.853552897188,-0.521006191616,0.));
#7776 = ORIENTED_EDGE('',*,*,#7777,.F.);
#7777 = EDGE_CURVE('',#7778,#7767,#7780,.T.);
#7778 = VERTEX_POINT('',#7779);
#7779 = CARTESIAN_POINT('',(111.9625,-110.999647,1.51));
#7780 = CIRCLE('',#7781,0.299683785035);
#7781 = AXIS2_PLACEMENT_3D('',#7782,#7783,#7784);
#7782 = CARTESIAN_POINT('',(112.26218377174,-110.9995577564,1.51));
#7783 = DIRECTION('',(0.,0.,-1.));
#7784 = DIRECTION('',(-0.99999995566,-2.977925315966E-04,-0.));
#7785 = ORIENTED_EDGE('',*,*,#7786,.F.);
#7786 = EDGE_CURVE('',#7787,#7778,#7789,.T.);
#7787 = VERTEX_POINT('',#7788);
#7788 = CARTESIAN_POINT('',(111.9625,-111.7,1.51));
#7789 = LINE('',#7790,#7791);
#7790 = CARTESIAN_POINT('',(111.9625,-111.7,1.51));
#7791 = VECTOR('',#7792,1.);
#7792 = DIRECTION('',(0.,1.,0.));
#7793 = ORIENTED_EDGE('',*,*,#7794,.F.);
#7794 = EDGE_CURVE('',#7795,#7787,#7797,.T.);
#7795 = VERTEX_POINT('',#7796);
#7796 = CARTESIAN_POINT('',(111.9625,-112.400353,1.51));
#7797 = LINE('',#7798,#7799);
#7798 = CARTESIAN_POINT('',(111.9625,-112.400353,1.51));
#7799 = VECTOR('',#7800,1.);
#7800 = DIRECTION('',(0.,1.,0.));
#7801 = ORIENTED_EDGE('',*,*,#7802,.F.);
#7802 = EDGE_CURVE('',#7803,#7795,#7805,.T.);
#7803 = VERTEX_POINT('',#7804);
#7804 = CARTESIAN_POINT('',(112.006434,-112.556655,1.51));
#7805 = CIRCLE('',#7806,0.299966762338);
#7806 = AXIS2_PLACEMENT_3D('',#7807,#7808,#7809);
#7807 = CARTESIAN_POINT('',(112.26246676218,-112.4003626994,1.51));
#7808 = DIRECTION('',(0.,0.,-1.));
#7809 = DIRECTION('',(-0.853537105864,-0.521032061311,-0.));
#7810 = ORIENTED_EDGE('',*,*,#7811,.F.);
#7811 = EDGE_CURVE('',#7812,#7803,#7814,.T.);
#7812 = VERTEX_POINT('',#7813);
#7813 = CARTESIAN_POINT('',(111.319155,-113.243934,1.51));
#7814 = CIRCLE('',#7815,0.499998734392);
#7815 = AXIS2_PLACEMENT_3D('',#7816,#7817,#7818);
#7816 = CARTESIAN_POINT('',(111.57966050432,-112.8171605043,1.51));
#7817 = DIRECTION('',(0.,0.,1.));
#7818 = DIRECTION('',(-0.521012327448,-0.853549151864,0.));
#7819 = ORIENTED_EDGE('',*,*,#7820,.F.);
#7820 = EDGE_CURVE('',#7821,#7812,#7823,.T.);
#7821 = VERTEX_POINT('',#7822);
#7822 = CARTESIAN_POINT('',(111.162853,-113.2,1.51));
#7823 = CIRCLE('',#7824,0.300023425677);
#7824 = AXIS2_PLACEMENT_3D('',#7825,#7826,#7827);
#7825 = CARTESIAN_POINT('',(111.1628467723,-113.5000234256,1.51));
#7826 = DIRECTION('',(0.,0.,-1.));
#7827 = DIRECTION('',(2.07573551279E-05,0.999999999785,0.));
#7828 = ORIENTED_EDGE('',*,*,#7829,.F.);
#7829 = EDGE_CURVE('',#7830,#7821,#7832,.T.);
#7830 = VERTEX_POINT('',#7831);
#7831 = CARTESIAN_POINT('',(110.2625,-113.2,1.51));
#7832 = LINE('',#7833,#7834);
#7833 = CARTESIAN_POINT('',(110.2625,-113.2,1.51));
#7834 = VECTOR('',#7835,1.);
#7835 = DIRECTION('',(1.,0.,0.));
#7836 = ORIENTED_EDGE('',*,*,#7837,.F.);
#7837 = EDGE_CURVE('',#7838,#7830,#7840,.T.);
#7838 = VERTEX_POINT('',#7839);
#7839 = CARTESIAN_POINT('',(109.362147,-113.2,1.51));
#7840 = LINE('',#7841,#7842);
#7841 = CARTESIAN_POINT('',(109.362147,-113.2,1.51));
#7842 = VECTOR('',#7843,1.);
#7843 = DIRECTION('',(1.,0.,0.));
#7844 = ORIENTED_EDGE('',*,*,#7845,.F.);
#7845 = EDGE_CURVE('',#7846,#7838,#7848,.T.);
#7846 = VERTEX_POINT('',#7847);
#7847 = CARTESIAN_POINT('',(109.205845,-113.243934,1.51));
#7848 = CIRCLE('',#7849,0.299991600078);
#7849 = AXIS2_PLACEMENT_3D('',#7850,#7851,#7852);
#7850 = CARTESIAN_POINT('',(109.36214428203,-113.4999916,1.51));
#7851 = DIRECTION('',(0.,0.,-1.));
#7852 = DIRECTION('',(-0.521012195003,0.853549232709,0.));
#7853 = ORIENTED_EDGE('',*,*,#7854,.F.);
#7854 = EDGE_CURVE('',#7855,#7846,#7857,.T.);
#7855 = VERTEX_POINT('',#7856);
#7856 = CARTESIAN_POINT('',(108.518566,-112.556655,1.51));
#7857 = CIRCLE('',#7858,0.499999603944);
#7858 = AXIS2_PLACEMENT_3D('',#7859,#7860,#7861);
#7859 = CARTESIAN_POINT('',(108.94534211054,-112.8171578894,1.51));
#7860 = DIRECTION('',(0.,0.,1.));
#7861 = DIRECTION('',(-0.853552897188,0.521006191616,0.));
#7862 = ORIENTED_EDGE('',*,*,#7863,.F.);
#7863 = EDGE_CURVE('',#7864,#7855,#7866,.T.);
#7864 = VERTEX_POINT('',#7865);
#7865 = CARTESIAN_POINT('',(108.5625,-112.400353,1.51));
#7866 = CIRCLE('',#7867,0.299991600078);
#7867 = AXIS2_PLACEMENT_3D('',#7868,#7869,#7870);
#7868 = CARTESIAN_POINT('',(108.26250839993,-112.4003557179,1.51));
#7869 = DIRECTION('',(0.,0.,-1.));
#7870 = DIRECTION('',(0.999999999959,9.06012361983E-06,0.));
#7871 = ORIENTED_EDGE('',*,*,#7872,.F.);
#7872 = EDGE_CURVE('',#7873,#7864,#7875,.T.);
#7873 = VERTEX_POINT('',#7874);
#7874 = CARTESIAN_POINT('',(108.5625,-111.7,1.51));
#7875 = LINE('',#7876,#7877);
#7876 = CARTESIAN_POINT('',(108.5625,-111.7,1.51));
#7877 = VECTOR('',#7878,1.);
#7878 = DIRECTION('',(0.,-1.,0.));
#7879 = ORIENTED_EDGE('',*,*,#7880,.F.);
#7880 = EDGE_CURVE('',#7881,#7873,#7883,.T.);
#7881 = VERTEX_POINT('',#7882);
#7882 = CARTESIAN_POINT('',(108.5625,-110.999647,1.51));
#7883 = LINE('',#7884,#7885);
#7884 = CARTESIAN_POINT('',(108.5625,-110.999647,1.51));
#7885 = VECTOR('',#7886,1.);
#7886 = DIRECTION('',(0.,-1.,0.));
#7887 = ORIENTED_EDGE('',*,*,#7888,.F.);
#7888 = EDGE_CURVE('',#7889,#7881,#7891,.T.);
#7889 = VERTEX_POINT('',#7890);
#7890 = CARTESIAN_POINT('',(108.518566,-110.843345,1.51));
#7891 = CIRCLE('',#7892,0.299991600078);
#7892 = AXIS2_PLACEMENT_3D('',#7893,#7894,#7895);
#7893 = CARTESIAN_POINT('',(108.26250839993,-110.999644282,1.51));
#7894 = DIRECTION('',(0.,0.,-1.));
#7895 = DIRECTION('',(0.853549232709,0.521012195004,0.));
#7896 = ORIENTED_EDGE('',*,*,#7897,.F.);
#7897 = EDGE_CURVE('',#7898,#7889,#7900,.T.);
#7898 = VERTEX_POINT('',#7899);
#7899 = CARTESIAN_POINT('',(109.205845,-110.156066,1.51));
#7900 = CIRCLE('',#7901,0.499999603944);
#7901 = AXIS2_PLACEMENT_3D('',#7902,#7903,#7904);
#7902 = CARTESIAN_POINT('',(108.94534211054,-110.5828421105,1.51));
#7903 = DIRECTION('',(0.,0.,1.));
#7904 = DIRECTION('',(0.521006191616,0.853552897188,-0.));
#7905 = ORIENTED_EDGE('',*,*,#7906,.F.);
#7906 = EDGE_CURVE('',#7907,#7898,#7909,.T.);
#7907 = VERTEX_POINT('',#7908);
#7908 = CARTESIAN_POINT('',(109.362147,-110.2,1.51));
#7909 = CIRCLE('',#7910,0.299991600078);
#7910 = AXIS2_PLACEMENT_3D('',#7911,#7912,#7913);
#7911 = CARTESIAN_POINT('',(109.36214428203,-109.9000083999,1.51));
#7912 = DIRECTION('',(0.,0.,-1.));
#7913 = DIRECTION('',(9.060123288226E-06,-0.999999999959,0.));
#7914 = ORIENTED_EDGE('',*,*,#7915,.F.);
#7915 = EDGE_CURVE('',#7916,#7907,#7918,.T.);
#7916 = VERTEX_POINT('',#7917);
#7917 = CARTESIAN_POINT('',(110.2625,-110.2,1.51));
#7918 = LINE('',#7919,#7920);
#7919 = CARTESIAN_POINT('',(110.2625,-110.2,1.51));
#7920 = VECTOR('',#7921,1.);
#7921 = DIRECTION('',(-1.,0.,0.));
#7922 = ORIENTED_EDGE('',*,*,#7923,.F.);
#7923 = EDGE_CURVE('',#7924,#7916,#7926,.T.);
#7924 = VERTEX_POINT('',#7925);
#7925 = CARTESIAN_POINT('',(111.162853,-110.2,1.51));
#7926 = LINE('',#7927,#7928);
#7927 = CARTESIAN_POINT('',(111.162853,-110.2,1.51));
#7928 = VECTOR('',#7929,1.);
#7929 = DIRECTION('',(-1.,0.,0.));
#7930 = ORIENTED_EDGE('',*,*,#7931,.F.);
#7931 = EDGE_CURVE('',#7769,#7924,#7932,.T.);
#7932 = CIRCLE('',#7933,0.299966762338);
#7933 = AXIS2_PLACEMENT_3D('',#7934,#7935,#7936);
#7934 = CARTESIAN_POINT('',(111.16286269949,-109.9000332378,1.51));
#7935 = DIRECTION('',(0.,0.,-1.));
#7936 = DIRECTION('',(0.521032061311,-0.853537105863,0.));
#7937 = FACE_BOUND('',#7938,.T.);
#7938 = EDGE_LOOP('',(#7939));
#7939 = ORIENTED_EDGE('',*,*,#7940,.T.);
#7940 = EDGE_CURVE('',#7941,#7941,#7943,.T.);
#7941 = VERTEX_POINT('',#7942);
#7942 = CARTESIAN_POINT('',(105.1825,-107.495,1.51));
#7943 = CIRCLE('',#7944,0.875);
#7944 = AXIS2_PLACEMENT_3D('',#7945,#7946,#7947);
#7945 = CARTESIAN_POINT('',(105.1825,-106.62,1.51));
#7946 = DIRECTION('',(-0.,0.,-1.));
#7947 = DIRECTION('',(-0.,-1.,0.));
#7948 = FACE_BOUND('',#7949,.T.);
#7949 = EDGE_LOOP('',(#7950));
#7950 = ORIENTED_EDGE('',*,*,#7951,.T.);
#7951 = EDGE_CURVE('',#7952,#7952,#7954,.T.);
#7952 = VERTEX_POINT('',#7953);
#7953 = CARTESIAN_POINT('',(106.4525,-105.605,1.51));
#7954 = CIRCLE('',#7955,1.525);
#7955 = AXIS2_PLACEMENT_3D('',#7956,#7957,#7958);
#7956 = CARTESIAN_POINT('',(106.4525,-104.08,1.51));
#7957 = DIRECTION('',(-0.,0.,-1.));
#7958 = DIRECTION('',(-0.,-1.,0.));
#7959 = FACE_BOUND('',#7960,.T.);
#7960 = EDGE_LOOP('',(#7961));
#7961 = ORIENTED_EDGE('',*,*,#7962,.T.);
#7962 = EDGE_CURVE('',#7963,#7963,#7965,.T.);
#7963 = VERTEX_POINT('',#7964);
#7964 = CARTESIAN_POINT('',(110.2625,-108.62,1.51));
#7965 = CIRCLE('',#7966,2.);
#7966 = AXIS2_PLACEMENT_3D('',#7967,#7968,#7969);
#7967 = CARTESIAN_POINT('',(110.2625,-106.62,1.51));
#7968 = DIRECTION('',(-0.,0.,-1.));
#7969 = DIRECTION('',(-0.,-1.,0.));
#7970 = FACE_BOUND('',#7971,.T.);
#7971 = EDGE_LOOP('',(#7972));
#7972 = ORIENTED_EDGE('',*,*,#7973,.T.);
#7973 = EDGE_CURVE('',#7974,#7974,#7976,.T.);
#7974 = VERTEX_POINT('',#7975);
#7975 = CARTESIAN_POINT('',(112.8025,-103.065,1.51));
#7976 = CIRCLE('',#7977,1.525);
#7977 = AXIS2_PLACEMENT_3D('',#7978,#7979,#7980);
#7978 = CARTESIAN_POINT('',(112.8025,-101.54,1.51));
#7979 = DIRECTION('',(-0.,0.,-1.));
#7980 = DIRECTION('',(-9.31859325587E-15,-1.,0.));
#7981 = FACE_BOUND('',#7982,.T.);
#7982 = EDGE_LOOP('',(#7983));
#7983 = ORIENTED_EDGE('',*,*,#7984,.T.);
#7984 = EDGE_CURVE('',#7985,#7985,#7987,.T.);
#7985 = VERTEX_POINT('',#7986);
#7986 = CARTESIAN_POINT('',(115.3425,-107.495,1.51));
#7987 = CIRCLE('',#7988,0.875);
#7988 = AXIS2_PLACEMENT_3D('',#7989,#7990,#7991);
#7989 = CARTESIAN_POINT('',(115.3425,-106.62,1.51));
#7990 = DIRECTION('',(-0.,0.,-1.));
#7991 = DIRECTION('',(-0.,-1.,0.));
#7992 = FACE_BOUND('',#7993,.T.);
#7993 = EDGE_LOOP('',(#7994));
#7994 = ORIENTED_EDGE('',*,*,#7995,.T.);
#7995 = EDGE_CURVE('',#7996,#7996,#7998,.T.);
#7996 = VERTEX_POINT('',#7997);
#7997 = CARTESIAN_POINT('',(48.0325,-88.445,1.51));
#7998 = CIRCLE('',#7999,0.875);
#7999 = AXIS2_PLACEMENT_3D('',#8000,#8001,#8002);
#8000 = CARTESIAN_POINT('',(48.0325,-87.57,1.51));
#8001 = DIRECTION('',(-0.,0.,-1.));
#8002 = DIRECTION('',(-0.,-1.,0.));
#8003 = FACE_BOUND('',#8004,.T.);
#8004 = EDGE_LOOP('',(#8005,#8016,#8025,#8033,#8041,#8050,#8059,#8068,
    #8076,#8084,#8093,#8102,#8111,#8119,#8127,#8136,#8145,#8154,#8162,
    #8170));
#8005 = ORIENTED_EDGE('',*,*,#8006,.F.);
#8006 = EDGE_CURVE('',#8007,#8009,#8011,.T.);
#8007 = VERTEX_POINT('',#8008);
#8008 = CARTESIAN_POINT('',(54.856434,-91.793345,1.51));
#8009 = VERTEX_POINT('',#8010);
#8010 = CARTESIAN_POINT('',(54.169155,-91.106066,1.51));
#8011 = CIRCLE('',#8012,0.499999603944);
#8012 = AXIS2_PLACEMENT_3D('',#8013,#8014,#8015);
#8013 = CARTESIAN_POINT('',(54.42965788946,-91.53284211054,1.51));
#8014 = DIRECTION('',(0.,0.,1.));
#8015 = DIRECTION('',(0.853552897188,-0.521006191616,0.));
#8016 = ORIENTED_EDGE('',*,*,#8017,.F.);
#8017 = EDGE_CURVE('',#8018,#8007,#8020,.T.);
#8018 = VERTEX_POINT('',#8019);
#8019 = CARTESIAN_POINT('',(54.8125,-91.949647,1.51));
#8020 = CIRCLE('',#8021,0.299683785035);
#8021 = AXIS2_PLACEMENT_3D('',#8022,#8023,#8024);
#8022 = CARTESIAN_POINT('',(55.112183771747,-91.9495577564,1.51));
#8023 = DIRECTION('',(0.,0.,-1.));
#8024 = DIRECTION('',(-0.99999995566,-2.977925315967E-04,-0.));
#8025 = ORIENTED_EDGE('',*,*,#8026,.F.);
#8026 = EDGE_CURVE('',#8027,#8018,#8029,.T.);
#8027 = VERTEX_POINT('',#8028);
#8028 = CARTESIAN_POINT('',(54.8125,-92.65,1.51));
#8029 = LINE('',#8030,#8031);
#8030 = CARTESIAN_POINT('',(54.8125,-92.65,1.51));
#8031 = VECTOR('',#8032,1.);
#8032 = DIRECTION('',(0.,1.,0.));
#8033 = ORIENTED_EDGE('',*,*,#8034,.F.);
#8034 = EDGE_CURVE('',#8035,#8027,#8037,.T.);
#8035 = VERTEX_POINT('',#8036);
#8036 = CARTESIAN_POINT('',(54.8125,-93.350353,1.51));
#8037 = LINE('',#8038,#8039);
#8038 = CARTESIAN_POINT('',(54.8125,-93.350353,1.51));
#8039 = VECTOR('',#8040,1.);
#8040 = DIRECTION('',(0.,1.,0.));
#8041 = ORIENTED_EDGE('',*,*,#8042,.F.);
#8042 = EDGE_CURVE('',#8043,#8035,#8045,.T.);
#8043 = VERTEX_POINT('',#8044);
#8044 = CARTESIAN_POINT('',(54.856434,-93.506655,1.51));
#8045 = CIRCLE('',#8046,0.299966762338);
#8046 = AXIS2_PLACEMENT_3D('',#8047,#8048,#8049);
#8047 = CARTESIAN_POINT('',(55.112466762181,-93.35036269949,1.51));
#8048 = DIRECTION('',(0.,0.,-1.));
#8049 = DIRECTION('',(-0.853537105863,-0.521032061311,-0.));
#8050 = ORIENTED_EDGE('',*,*,#8051,.F.);
#8051 = EDGE_CURVE('',#8052,#8043,#8054,.T.);
#8052 = VERTEX_POINT('',#8053);
#8053 = CARTESIAN_POINT('',(54.169155,-94.193934,1.51));
#8054 = CIRCLE('',#8055,0.499998734392);
#8055 = AXIS2_PLACEMENT_3D('',#8056,#8057,#8058);
#8056 = CARTESIAN_POINT('',(54.429660504327,-93.76716050432,1.51));
#8057 = DIRECTION('',(0.,0.,1.));
#8058 = DIRECTION('',(-0.521012327448,-0.853549151864,0.));
#8059 = ORIENTED_EDGE('',*,*,#8060,.F.);
#8060 = EDGE_CURVE('',#8061,#8052,#8063,.T.);
#8061 = VERTEX_POINT('',#8062);
#8062 = CARTESIAN_POINT('',(54.012853,-94.15,1.51));
#8063 = CIRCLE('',#8064,0.300023425677);
#8064 = AXIS2_PLACEMENT_3D('',#8065,#8066,#8067);
#8065 = CARTESIAN_POINT('',(54.012846772307,-94.45002342561,1.51));
#8066 = DIRECTION('',(0.,0.,-1.));
#8067 = DIRECTION('',(2.075735515158E-05,0.999999999785,0.));
#8068 = ORIENTED_EDGE('',*,*,#8069,.F.);
#8069 = EDGE_CURVE('',#8070,#8061,#8072,.T.);
#8070 = VERTEX_POINT('',#8071);
#8071 = CARTESIAN_POINT('',(53.1125,-94.15,1.51));
#8072 = LINE('',#8073,#8074);
#8073 = CARTESIAN_POINT('',(53.1125,-94.15,1.51));
#8074 = VECTOR('',#8075,1.);
#8075 = DIRECTION('',(1.,0.,0.));
#8076 = ORIENTED_EDGE('',*,*,#8077,.F.);
#8077 = EDGE_CURVE('',#8078,#8070,#8080,.T.);
#8078 = VERTEX_POINT('',#8079);
#8079 = CARTESIAN_POINT('',(52.212147,-94.15,1.51));
#8080 = LINE('',#8081,#8082);
#8081 = CARTESIAN_POINT('',(52.212147,-94.15,1.51));
#8082 = VECTOR('',#8083,1.);
#8083 = DIRECTION('',(1.,0.,0.));
#8084 = ORIENTED_EDGE('',*,*,#8085,.F.);
#8085 = EDGE_CURVE('',#8086,#8078,#8088,.T.);
#8086 = VERTEX_POINT('',#8087);
#8087 = CARTESIAN_POINT('',(52.055845,-94.193934,1.51));
#8088 = CIRCLE('',#8089,0.299991600078);
#8089 = AXIS2_PLACEMENT_3D('',#8090,#8091,#8092);
#8090 = CARTESIAN_POINT('',(52.212144282039,-94.44999160006,1.51));
#8091 = DIRECTION('',(0.,0.,-1.));
#8092 = DIRECTION('',(-0.521012195004,0.853549232709,0.));
#8093 = ORIENTED_EDGE('',*,*,#8094,.F.);
#8094 = EDGE_CURVE('',#8095,#8086,#8097,.T.);
#8095 = VERTEX_POINT('',#8096);
#8096 = CARTESIAN_POINT('',(51.368566,-93.506655,1.51));
#8097 = CIRCLE('',#8098,0.499999603944);
#8098 = AXIS2_PLACEMENT_3D('',#8099,#8100,#8101);
#8099 = CARTESIAN_POINT('',(51.79534211054,-93.76715788946,1.51));
#8100 = DIRECTION('',(0.,0.,1.));
#8101 = DIRECTION('',(-0.853552897188,0.521006191616,0.));
#8102 = ORIENTED_EDGE('',*,*,#8103,.F.);
#8103 = EDGE_CURVE('',#8104,#8095,#8106,.T.);
#8104 = VERTEX_POINT('',#8105);
#8105 = CARTESIAN_POINT('',(51.4125,-93.350353,1.51));
#8106 = CIRCLE('',#8107,0.299991600078);
#8107 = AXIS2_PLACEMENT_3D('',#8108,#8109,#8110);
#8108 = CARTESIAN_POINT('',(51.112508399935,-93.35035571796,1.51));
#8109 = DIRECTION('',(0.,0.,-1.));
#8110 = DIRECTION('',(0.999999999959,9.060123430344E-06,0.));
#8111 = ORIENTED_EDGE('',*,*,#8112,.F.);
#8112 = EDGE_CURVE('',#8113,#8104,#8115,.T.);
#8113 = VERTEX_POINT('',#8114);
#8114 = CARTESIAN_POINT('',(51.4125,-92.65,1.51));
#8115 = LINE('',#8116,#8117);
#8116 = CARTESIAN_POINT('',(51.4125,-92.65,1.51));
#8117 = VECTOR('',#8118,1.);
#8118 = DIRECTION('',(0.,-1.,0.));
#8119 = ORIENTED_EDGE('',*,*,#8120,.F.);
#8120 = EDGE_CURVE('',#8121,#8113,#8123,.T.);
#8121 = VERTEX_POINT('',#8122);
#8122 = CARTESIAN_POINT('',(51.4125,-91.949647,1.51));
#8123 = LINE('',#8124,#8125);
#8124 = CARTESIAN_POINT('',(51.4125,-91.949647,1.51));
#8125 = VECTOR('',#8126,1.);
#8126 = DIRECTION('',(0.,-1.,0.));
#8127 = ORIENTED_EDGE('',*,*,#8128,.F.);
#8128 = EDGE_CURVE('',#8129,#8121,#8131,.T.);
#8129 = VERTEX_POINT('',#8130);
#8130 = CARTESIAN_POINT('',(51.368566,-91.793345,1.51));
#8131 = CIRCLE('',#8132,0.299991600078);
#8132 = AXIS2_PLACEMENT_3D('',#8133,#8134,#8135);
#8133 = CARTESIAN_POINT('',(51.112508399935,-91.94964428203,1.51));
#8134 = DIRECTION('',(0.,0.,-1.));
#8135 = DIRECTION('',(0.853549232709,0.521012195004,0.));
#8136 = ORIENTED_EDGE('',*,*,#8137,.F.);
#8137 = EDGE_CURVE('',#8138,#8129,#8140,.T.);
#8138 = VERTEX_POINT('',#8139);
#8139 = CARTESIAN_POINT('',(52.055845,-91.106066,1.51));
#8140 = CIRCLE('',#8141,0.499999603944);
#8141 = AXIS2_PLACEMENT_3D('',#8142,#8143,#8144);
#8142 = CARTESIAN_POINT('',(51.79534211054,-91.53284211054,1.51));
#8143 = DIRECTION('',(0.,0.,1.));
#8144 = DIRECTION('',(0.521006191616,0.853552897188,-0.));
#8145 = ORIENTED_EDGE('',*,*,#8146,.F.);
#8146 = EDGE_CURVE('',#8147,#8138,#8149,.T.);
#8147 = VERTEX_POINT('',#8148);
#8148 = CARTESIAN_POINT('',(52.212147,-91.15,1.51));
#8149 = CIRCLE('',#8150,0.299991600078);
#8150 = AXIS2_PLACEMENT_3D('',#8151,#8152,#8153);
#8151 = CARTESIAN_POINT('',(52.212144282039,-90.85000839993,1.51));
#8152 = DIRECTION('',(0.,0.,-1.));
#8153 = DIRECTION('',(9.060123335598E-06,-0.999999999959,0.));
#8154 = ORIENTED_EDGE('',*,*,#8155,.F.);
#8155 = EDGE_CURVE('',#8156,#8147,#8158,.T.);
#8156 = VERTEX_POINT('',#8157);
#8157 = CARTESIAN_POINT('',(53.1125,-91.15,1.51));
#8158 = LINE('',#8159,#8160);
#8159 = CARTESIAN_POINT('',(53.1125,-91.15,1.51));
#8160 = VECTOR('',#8161,1.);
#8161 = DIRECTION('',(-1.,0.,0.));
#8162 = ORIENTED_EDGE('',*,*,#8163,.F.);
#8163 = EDGE_CURVE('',#8164,#8156,#8166,.T.);
#8164 = VERTEX_POINT('',#8165);
#8165 = CARTESIAN_POINT('',(54.012853,-91.15,1.51));
#8166 = LINE('',#8167,#8168);
#8167 = CARTESIAN_POINT('',(54.012853,-91.15,1.51));
#8168 = VECTOR('',#8169,1.);
#8169 = DIRECTION('',(-1.,0.,0.));
#8170 = ORIENTED_EDGE('',*,*,#8171,.F.);
#8171 = EDGE_CURVE('',#8009,#8164,#8172,.T.);
#8172 = CIRCLE('',#8173,0.299966762338);
#8173 = AXIS2_PLACEMENT_3D('',#8174,#8175,#8176);
#8174 = CARTESIAN_POINT('',(54.012862699494,-90.85003323781,1.51));
#8175 = DIRECTION('',(0.,0.,-1.));
#8176 = DIRECTION('',(0.521032061311,-0.853537105864,0.));
#8177 = FACE_BOUND('',#8178,.T.);
#8178 = EDGE_LOOP('',(#8179));
#8179 = ORIENTED_EDGE('',*,*,#8180,.T.);
#8180 = EDGE_CURVE('',#8181,#8181,#8183,.T.);
#8181 = VERTEX_POINT('',#8182);
#8182 = CARTESIAN_POINT('',(53.1125,-89.57,1.51));
#8183 = CIRCLE('',#8184,2.);
#8184 = AXIS2_PLACEMENT_3D('',#8185,#8186,#8187);
#8185 = CARTESIAN_POINT('',(53.1125,-87.57,1.51));
#8186 = DIRECTION('',(-0.,0.,-1.));
#8187 = DIRECTION('',(-0.,-1.,0.));
#8188 = FACE_BOUND('',#8189,.T.);
#8189 = EDGE_LOOP('',(#8190));
#8190 = ORIENTED_EDGE('',*,*,#8191,.T.);
#8191 = EDGE_CURVE('',#8192,#8192,#8194,.T.);
#8192 = VERTEX_POINT('',#8193);
#8193 = CARTESIAN_POINT('',(58.1925,-88.445,1.51));
#8194 = CIRCLE('',#8195,0.875);
#8195 = AXIS2_PLACEMENT_3D('',#8196,#8197,#8198);
#8196 = CARTESIAN_POINT('',(58.1925,-87.57,1.51));
#8197 = DIRECTION('',(-0.,0.,-1.));
#8198 = DIRECTION('',(-0.,-1.,0.));
#8199 = FACE_BOUND('',#8200,.T.);
#8200 = EDGE_LOOP('',(#8201));
#8201 = ORIENTED_EDGE('',*,*,#8202,.T.);
#8202 = EDGE_CURVE('',#8203,#8203,#8205,.T.);
#8203 = VERTEX_POINT('',#8204);
#8204 = CARTESIAN_POINT('',(49.3025,-86.555,1.51));
#8205 = CIRCLE('',#8206,1.525);
#8206 = AXIS2_PLACEMENT_3D('',#8207,#8208,#8209);
#8207 = CARTESIAN_POINT('',(49.3025,-85.03,1.51));
#8208 = DIRECTION('',(-0.,0.,-1.));
#8209 = DIRECTION('',(-0.,-1.,0.));
#8210 = FACE_BOUND('',#8211,.T.);
#8211 = EDGE_LOOP('',(#8212));
#8212 = ORIENTED_EDGE('',*,*,#8213,.T.);
#8213 = EDGE_CURVE('',#8214,#8214,#8216,.T.);
#8214 = VERTEX_POINT('',#8215);
#8215 = CARTESIAN_POINT('',(55.6525,-84.015,1.51));
#8216 = CIRCLE('',#8217,1.525);
#8217 = AXIS2_PLACEMENT_3D('',#8218,#8219,#8220);
#8218 = CARTESIAN_POINT('',(55.6525,-82.49,1.51));
#8219 = DIRECTION('',(-0.,0.,-1.));
#8220 = DIRECTION('',(-0.,-1.,0.));
#8221 = FACE_BOUND('',#8222,.T.);
#8222 = EDGE_LOOP('',(#8223,#8234,#8243,#8251,#8259,#8268,#8277,#8286,
    #8294,#8302,#8311,#8320,#8329,#8337,#8345,#8354,#8363,#8372,#8380,
    #8388));
#8223 = ORIENTED_EDGE('',*,*,#8224,.F.);
#8224 = EDGE_CURVE('',#8225,#8227,#8229,.T.);
#8225 = VERTEX_POINT('',#8226);
#8226 = CARTESIAN_POINT('',(54.856434,-72.743345,1.51));
#8227 = VERTEX_POINT('',#8228);
#8228 = CARTESIAN_POINT('',(54.169155,-72.056066,1.51));
#8229 = CIRCLE('',#8230,0.499999603944);
#8230 = AXIS2_PLACEMENT_3D('',#8231,#8232,#8233);
#8231 = CARTESIAN_POINT('',(54.42965788946,-72.48284211054,1.51));
#8232 = DIRECTION('',(0.,0.,1.));
#8233 = DIRECTION('',(0.853552897188,-0.521006191616,0.));
#8234 = ORIENTED_EDGE('',*,*,#8235,.F.);
#8235 = EDGE_CURVE('',#8236,#8225,#8238,.T.);
#8236 = VERTEX_POINT('',#8237);
#8237 = CARTESIAN_POINT('',(54.8125,-72.899647,1.51));
#8238 = CIRCLE('',#8239,0.299683785035);
#8239 = AXIS2_PLACEMENT_3D('',#8240,#8241,#8242);
#8240 = CARTESIAN_POINT('',(55.112183771747,-72.8995577564,1.51));
#8241 = DIRECTION('',(0.,0.,-1.));
#8242 = DIRECTION('',(-0.99999995566,-2.977925315966E-04,-0.));
#8243 = ORIENTED_EDGE('',*,*,#8244,.F.);
#8244 = EDGE_CURVE('',#8245,#8236,#8247,.T.);
#8245 = VERTEX_POINT('',#8246);
#8246 = CARTESIAN_POINT('',(54.8125,-73.6,1.51));
#8247 = LINE('',#8248,#8249);
#8248 = CARTESIAN_POINT('',(54.8125,-73.6,1.51));
#8249 = VECTOR('',#8250,1.);
#8250 = DIRECTION('',(0.,1.,0.));
#8251 = ORIENTED_EDGE('',*,*,#8252,.F.);
#8252 = EDGE_CURVE('',#8253,#8245,#8255,.T.);
#8253 = VERTEX_POINT('',#8254);
#8254 = CARTESIAN_POINT('',(54.8125,-74.300353,1.51));
#8255 = LINE('',#8256,#8257);
#8256 = CARTESIAN_POINT('',(54.8125,-74.300353,1.51));
#8257 = VECTOR('',#8258,1.);
#8258 = DIRECTION('',(0.,1.,0.));
#8259 = ORIENTED_EDGE('',*,*,#8260,.F.);
#8260 = EDGE_CURVE('',#8261,#8253,#8263,.T.);
#8261 = VERTEX_POINT('',#8262);
#8262 = CARTESIAN_POINT('',(54.856434,-74.456655,1.51));
#8263 = CIRCLE('',#8264,0.299966762338);
#8264 = AXIS2_PLACEMENT_3D('',#8265,#8266,#8267);
#8265 = CARTESIAN_POINT('',(55.112466762181,-74.30036269949,1.51));
#8266 = DIRECTION('',(0.,0.,-1.));
#8267 = DIRECTION('',(-0.853537105863,-0.521032061311,-0.));
#8268 = ORIENTED_EDGE('',*,*,#8269,.F.);
#8269 = EDGE_CURVE('',#8270,#8261,#8272,.T.);
#8270 = VERTEX_POINT('',#8271);
#8271 = CARTESIAN_POINT('',(54.169155,-75.143934,1.51));
#8272 = CIRCLE('',#8273,0.499998734392);
#8273 = AXIS2_PLACEMENT_3D('',#8274,#8275,#8276);
#8274 = CARTESIAN_POINT('',(54.429660504327,-74.71716050432,1.51));
#8275 = DIRECTION('',(0.,0.,1.));
#8276 = DIRECTION('',(-0.521012327448,-0.853549151864,0.));
#8277 = ORIENTED_EDGE('',*,*,#8278,.F.);
#8278 = EDGE_CURVE('',#8279,#8270,#8281,.T.);
#8279 = VERTEX_POINT('',#8280);
#8280 = CARTESIAN_POINT('',(54.012853,-75.1,1.51));
#8281 = CIRCLE('',#8282,0.300023425677);
#8282 = AXIS2_PLACEMENT_3D('',#8283,#8284,#8285);
#8283 = CARTESIAN_POINT('',(54.012846772307,-75.40002342561,1.51));
#8284 = DIRECTION('',(0.,0.,-1.));
#8285 = DIRECTION('',(2.075735541207E-05,0.999999999785,0.));
#8286 = ORIENTED_EDGE('',*,*,#8287,.F.);
#8287 = EDGE_CURVE('',#8288,#8279,#8290,.T.);
#8288 = VERTEX_POINT('',#8289);
#8289 = CARTESIAN_POINT('',(53.1125,-75.1,1.51));
#8290 = LINE('',#8291,#8292);
#8291 = CARTESIAN_POINT('',(53.1125,-75.1,1.51));
#8292 = VECTOR('',#8293,1.);
#8293 = DIRECTION('',(1.,0.,0.));
#8294 = ORIENTED_EDGE('',*,*,#8295,.F.);
#8295 = EDGE_CURVE('',#8296,#8288,#8298,.T.);
#8296 = VERTEX_POINT('',#8297);
#8297 = CARTESIAN_POINT('',(52.212147,-75.1,1.51));
#8298 = LINE('',#8299,#8300);
#8299 = CARTESIAN_POINT('',(52.212147,-75.1,1.51));
#8300 = VECTOR('',#8301,1.);
#8301 = DIRECTION('',(1.,0.,0.));
#8302 = ORIENTED_EDGE('',*,*,#8303,.F.);
#8303 = EDGE_CURVE('',#8304,#8296,#8306,.T.);
#8304 = VERTEX_POINT('',#8305);
#8305 = CARTESIAN_POINT('',(52.055845,-75.143934,1.51));
#8306 = CIRCLE('',#8307,0.299991600078);
#8307 = AXIS2_PLACEMENT_3D('',#8308,#8309,#8310);
#8308 = CARTESIAN_POINT('',(52.212144282039,-75.39999160006,1.51));
#8309 = DIRECTION('',(0.,0.,-1.));
#8310 = DIRECTION('',(-0.521012195003,0.853549232709,0.));
#8311 = ORIENTED_EDGE('',*,*,#8312,.F.);
#8312 = EDGE_CURVE('',#8313,#8304,#8315,.T.);
#8313 = VERTEX_POINT('',#8314);
#8314 = CARTESIAN_POINT('',(51.368566,-74.456655,1.51));
#8315 = CIRCLE('',#8316,0.499999603944);
#8316 = AXIS2_PLACEMENT_3D('',#8317,#8318,#8319);
#8317 = CARTESIAN_POINT('',(51.79534211054,-74.71715788946,1.51));
#8318 = DIRECTION('',(0.,0.,1.));
#8319 = DIRECTION('',(-0.853552897188,0.521006191616,0.));
#8320 = ORIENTED_EDGE('',*,*,#8321,.F.);
#8321 = EDGE_CURVE('',#8322,#8313,#8324,.T.);
#8322 = VERTEX_POINT('',#8323);
#8323 = CARTESIAN_POINT('',(51.4125,-74.300353,1.51));
#8324 = CIRCLE('',#8325,0.299991600078);
#8325 = AXIS2_PLACEMENT_3D('',#8326,#8327,#8328);
#8326 = CARTESIAN_POINT('',(51.112508399935,-74.30035571796,1.51));
#8327 = DIRECTION('',(0.,0.,-1.));
#8328 = DIRECTION('',(0.999999999959,9.060123525087E-06,0.));
#8329 = ORIENTED_EDGE('',*,*,#8330,.F.);
#8330 = EDGE_CURVE('',#8331,#8322,#8333,.T.);
#8331 = VERTEX_POINT('',#8332);
#8332 = CARTESIAN_POINT('',(51.4125,-73.6,1.51));
#8333 = LINE('',#8334,#8335);
#8334 = CARTESIAN_POINT('',(51.4125,-73.6,1.51));
#8335 = VECTOR('',#8336,1.);
#8336 = DIRECTION('',(0.,-1.,0.));
#8337 = ORIENTED_EDGE('',*,*,#8338,.F.);
#8338 = EDGE_CURVE('',#8339,#8331,#8341,.T.);
#8339 = VERTEX_POINT('',#8340);
#8340 = CARTESIAN_POINT('',(51.4125,-72.899647,1.51));
#8341 = LINE('',#8342,#8343);
#8342 = CARTESIAN_POINT('',(51.4125,-72.899647,1.51));
#8343 = VECTOR('',#8344,1.);
#8344 = DIRECTION('',(0.,-1.,0.));
#8345 = ORIENTED_EDGE('',*,*,#8346,.F.);
#8346 = EDGE_CURVE('',#8347,#8339,#8349,.T.);
#8347 = VERTEX_POINT('',#8348);
#8348 = CARTESIAN_POINT('',(51.368566,-72.743345,1.51));
#8349 = CIRCLE('',#8350,0.299991600078);
#8350 = AXIS2_PLACEMENT_3D('',#8351,#8352,#8353);
#8351 = CARTESIAN_POINT('',(51.112508399935,-72.89964428203,1.51));
#8352 = DIRECTION('',(0.,0.,-1.));
#8353 = DIRECTION('',(0.853549232709,0.521012195004,0.));
#8354 = ORIENTED_EDGE('',*,*,#8355,.F.);
#8355 = EDGE_CURVE('',#8356,#8347,#8358,.T.);
#8356 = VERTEX_POINT('',#8357);
#8357 = CARTESIAN_POINT('',(52.055845,-72.056066,1.51));
#8358 = CIRCLE('',#8359,0.499999603944);
#8359 = AXIS2_PLACEMENT_3D('',#8360,#8361,#8362);
#8360 = CARTESIAN_POINT('',(51.79534211054,-72.48284211054,1.51));
#8361 = DIRECTION('',(0.,0.,1.));
#8362 = DIRECTION('',(0.521006191616,0.853552897188,-0.));
#8363 = ORIENTED_EDGE('',*,*,#8364,.F.);
#8364 = EDGE_CURVE('',#8365,#8356,#8367,.T.);
#8365 = VERTEX_POINT('',#8366);
#8366 = CARTESIAN_POINT('',(52.212147,-72.1,1.51));
#8367 = CIRCLE('',#8368,0.299991600078);
#8368 = AXIS2_PLACEMENT_3D('',#8369,#8370,#8371);
#8369 = CARTESIAN_POINT('',(52.212144282039,-71.80000839993,1.51));
#8370 = DIRECTION('',(0.,0.,-1.));
#8371 = DIRECTION('',(9.060123596144E-06,-0.999999999959,0.));
#8372 = ORIENTED_EDGE('',*,*,#8373,.F.);
#8373 = EDGE_CURVE('',#8374,#8365,#8376,.T.);
#8374 = VERTEX_POINT('',#8375);
#8375 = CARTESIAN_POINT('',(53.1125,-72.1,1.51));
#8376 = LINE('',#8377,#8378);
#8377 = CARTESIAN_POINT('',(53.1125,-72.1,1.51));
#8378 = VECTOR('',#8379,1.);
#8379 = DIRECTION('',(-1.,0.,0.));
#8380 = ORIENTED_EDGE('',*,*,#8381,.F.);
#8381 = EDGE_CURVE('',#8382,#8374,#8384,.T.);
#8382 = VERTEX_POINT('',#8383);
#8383 = CARTESIAN_POINT('',(54.012853,-72.1,1.51));
#8384 = LINE('',#8385,#8386);
#8385 = CARTESIAN_POINT('',(54.012853,-72.1,1.51));
#8386 = VECTOR('',#8387,1.);
#8387 = DIRECTION('',(-1.,0.,0.));
#8388 = ORIENTED_EDGE('',*,*,#8389,.F.);
#8389 = EDGE_CURVE('',#8227,#8382,#8390,.T.);
#8390 = CIRCLE('',#8391,0.299966762338);
#8391 = AXIS2_PLACEMENT_3D('',#8392,#8393,#8394);
#8392 = CARTESIAN_POINT('',(54.012862699494,-71.80003323781,1.51));
#8393 = DIRECTION('',(0.,0.,-1.));
#8394 = DIRECTION('',(0.521032061311,-0.853537105864,0.));
#8395 = FACE_BOUND('',#8396,.T.);
#8396 = EDGE_LOOP('',(#8397));
#8397 = ORIENTED_EDGE('',*,*,#8398,.T.);
#8398 = EDGE_CURVE('',#8399,#8399,#8401,.T.);
#8399 = VERTEX_POINT('',#8400);
#8400 = CARTESIAN_POINT('',(67.0825,-88.445,1.51));
#8401 = CIRCLE('',#8402,0.875);
#8402 = AXIS2_PLACEMENT_3D('',#8403,#8404,#8405);
#8403 = CARTESIAN_POINT('',(67.0825,-87.57,1.51));
#8404 = DIRECTION('',(-0.,0.,-1.));
#8405 = DIRECTION('',(-0.,-1.,0.));
#8406 = FACE_BOUND('',#8407,.T.);
#8407 = EDGE_LOOP('',(#8408,#8419,#8428,#8436,#8444,#8453,#8462,#8471,
    #8479,#8487,#8496,#8505,#8514,#8522,#8530,#8539,#8548,#8557,#8565,
    #8573));
#8408 = ORIENTED_EDGE('',*,*,#8409,.F.);
#8409 = EDGE_CURVE('',#8410,#8412,#8414,.T.);
#8410 = VERTEX_POINT('',#8411);
#8411 = CARTESIAN_POINT('',(73.906434,-91.793345,1.51));
#8412 = VERTEX_POINT('',#8413);
#8413 = CARTESIAN_POINT('',(73.219155,-91.106066,1.51));
#8414 = CIRCLE('',#8415,0.499999603944);
#8415 = AXIS2_PLACEMENT_3D('',#8416,#8417,#8418);
#8416 = CARTESIAN_POINT('',(73.47965788946,-91.53284211054,1.51));
#8417 = DIRECTION('',(0.,0.,1.));
#8418 = DIRECTION('',(0.853552897188,-0.521006191616,0.));
#8419 = ORIENTED_EDGE('',*,*,#8420,.F.);
#8420 = EDGE_CURVE('',#8421,#8410,#8423,.T.);
#8421 = VERTEX_POINT('',#8422);
#8422 = CARTESIAN_POINT('',(73.8625,-91.949647,1.51));
#8423 = CIRCLE('',#8424,0.299683785035);
#8424 = AXIS2_PLACEMENT_3D('',#8425,#8426,#8427);
#8425 = CARTESIAN_POINT('',(74.162183771747,-91.9495577564,1.51));
#8426 = DIRECTION('',(0.,0.,-1.));
#8427 = DIRECTION('',(-0.99999995566,-2.977925314543E-04,-0.));
#8428 = ORIENTED_EDGE('',*,*,#8429,.F.);
#8429 = EDGE_CURVE('',#8430,#8421,#8432,.T.);
#8430 = VERTEX_POINT('',#8431);
#8431 = CARTESIAN_POINT('',(73.8625,-92.65,1.51));
#8432 = LINE('',#8433,#8434);
#8433 = CARTESIAN_POINT('',(73.8625,-92.65,1.51));
#8434 = VECTOR('',#8435,1.);
#8435 = DIRECTION('',(0.,1.,0.));
#8436 = ORIENTED_EDGE('',*,*,#8437,.F.);
#8437 = EDGE_CURVE('',#8438,#8430,#8440,.T.);
#8438 = VERTEX_POINT('',#8439);
#8439 = CARTESIAN_POINT('',(73.8625,-93.350353,1.51));
#8440 = LINE('',#8441,#8442);
#8441 = CARTESIAN_POINT('',(73.8625,-93.350353,1.51));
#8442 = VECTOR('',#8443,1.);
#8443 = DIRECTION('',(0.,1.,0.));
#8444 = ORIENTED_EDGE('',*,*,#8445,.F.);
#8445 = EDGE_CURVE('',#8446,#8438,#8448,.T.);
#8446 = VERTEX_POINT('',#8447);
#8447 = CARTESIAN_POINT('',(73.906434,-93.506655,1.51));
#8448 = CIRCLE('',#8449,0.299966762338);
#8449 = AXIS2_PLACEMENT_3D('',#8450,#8451,#8452);
#8450 = CARTESIAN_POINT('',(74.162466762181,-93.35036269949,1.51));
#8451 = DIRECTION('',(0.,0.,-1.));
#8452 = DIRECTION('',(-0.853537105863,-0.521032061311,-0.));
#8453 = ORIENTED_EDGE('',*,*,#8454,.F.);
#8454 = EDGE_CURVE('',#8455,#8446,#8457,.T.);
#8455 = VERTEX_POINT('',#8456);
#8456 = CARTESIAN_POINT('',(73.219155,-94.193934,1.51));
#8457 = CIRCLE('',#8458,0.499998734392);
#8458 = AXIS2_PLACEMENT_3D('',#8459,#8460,#8461);
#8459 = CARTESIAN_POINT('',(73.479660504327,-93.76716050432,1.51));
#8460 = DIRECTION('',(0.,0.,1.));
#8461 = DIRECTION('',(-0.521012327448,-0.853549151864,0.));
#8462 = ORIENTED_EDGE('',*,*,#8463,.F.);
#8463 = EDGE_CURVE('',#8464,#8455,#8466,.T.);
#8464 = VERTEX_POINT('',#8465);
#8465 = CARTESIAN_POINT('',(73.062853,-94.15,1.51));
#8466 = CIRCLE('',#8467,0.300023425677);
#8467 = AXIS2_PLACEMENT_3D('',#8468,#8469,#8470);
#8468 = CARTESIAN_POINT('',(73.062846772307,-94.45002342561,1.51));
#8469 = DIRECTION('',(0.,0.,-1.));
#8470 = DIRECTION('',(2.075735517526E-05,0.999999999785,0.));
#8471 = ORIENTED_EDGE('',*,*,#8472,.F.);
#8472 = EDGE_CURVE('',#8473,#8464,#8475,.T.);
#8473 = VERTEX_POINT('',#8474);
#8474 = CARTESIAN_POINT('',(72.1625,-94.15,1.51));
#8475 = LINE('',#8476,#8477);
#8476 = CARTESIAN_POINT('',(72.1625,-94.15,1.51));
#8477 = VECTOR('',#8478,1.);
#8478 = DIRECTION('',(1.,0.,0.));
#8479 = ORIENTED_EDGE('',*,*,#8480,.F.);
#8480 = EDGE_CURVE('',#8481,#8473,#8483,.T.);
#8481 = VERTEX_POINT('',#8482);
#8482 = CARTESIAN_POINT('',(71.262147,-94.15,1.51));
#8483 = LINE('',#8484,#8485);
#8484 = CARTESIAN_POINT('',(71.262147,-94.15,1.51));
#8485 = VECTOR('',#8486,1.);
#8486 = DIRECTION('',(1.,0.,0.));
#8487 = ORIENTED_EDGE('',*,*,#8488,.F.);
#8488 = EDGE_CURVE('',#8489,#8481,#8491,.T.);
#8489 = VERTEX_POINT('',#8490);
#8490 = CARTESIAN_POINT('',(71.105845,-94.193934,1.51));
#8491 = CIRCLE('',#8492,0.299991600077);
#8492 = AXIS2_PLACEMENT_3D('',#8493,#8494,#8495);
#8493 = CARTESIAN_POINT('',(71.262144282039,-94.44999160006,1.51));
#8494 = DIRECTION('',(0.,0.,-1.));
#8495 = DIRECTION('',(-0.521012195004,0.853549232709,0.));
#8496 = ORIENTED_EDGE('',*,*,#8497,.F.);
#8497 = EDGE_CURVE('',#8498,#8489,#8500,.T.);
#8498 = VERTEX_POINT('',#8499);
#8499 = CARTESIAN_POINT('',(70.418566,-93.506655,1.51));
#8500 = CIRCLE('',#8501,0.499999603944);
#8501 = AXIS2_PLACEMENT_3D('',#8502,#8503,#8504);
#8502 = CARTESIAN_POINT('',(70.84534211054,-93.76715788946,1.51));
#8503 = DIRECTION('',(0.,0.,1.));
#8504 = DIRECTION('',(-0.853552897188,0.521006191616,0.));
#8505 = ORIENTED_EDGE('',*,*,#8506,.F.);
#8506 = EDGE_CURVE('',#8507,#8498,#8509,.T.);
#8507 = VERTEX_POINT('',#8508);
#8508 = CARTESIAN_POINT('',(70.4625,-93.350353,1.51));
#8509 = CIRCLE('',#8510,0.299991600078);
#8510 = AXIS2_PLACEMENT_3D('',#8511,#8512,#8513);
#8511 = CARTESIAN_POINT('',(70.162508399935,-93.35035571796,1.51));
#8512 = DIRECTION('',(0.,0.,-1.));
#8513 = DIRECTION('',(0.999999999959,9.060123335599E-06,0.));
#8514 = ORIENTED_EDGE('',*,*,#8515,.F.);
#8515 = EDGE_CURVE('',#8516,#8507,#8518,.T.);
#8516 = VERTEX_POINT('',#8517);
#8517 = CARTESIAN_POINT('',(70.4625,-92.65,1.51));
#8518 = LINE('',#8519,#8520);
#8519 = CARTESIAN_POINT('',(70.4625,-92.65,1.51));
#8520 = VECTOR('',#8521,1.);
#8521 = DIRECTION('',(0.,-1.,0.));
#8522 = ORIENTED_EDGE('',*,*,#8523,.F.);
#8523 = EDGE_CURVE('',#8524,#8516,#8526,.T.);
#8524 = VERTEX_POINT('',#8525);
#8525 = CARTESIAN_POINT('',(70.4625,-91.949647,1.51));
#8526 = LINE('',#8527,#8528);
#8527 = CARTESIAN_POINT('',(70.4625,-91.949647,1.51));
#8528 = VECTOR('',#8529,1.);
#8529 = DIRECTION('',(0.,-1.,0.));
#8530 = ORIENTED_EDGE('',*,*,#8531,.F.);
#8531 = EDGE_CURVE('',#8532,#8524,#8534,.T.);
#8532 = VERTEX_POINT('',#8533);
#8533 = CARTESIAN_POINT('',(70.418566,-91.793345,1.51));
#8534 = CIRCLE('',#8535,0.299991600078);
#8535 = AXIS2_PLACEMENT_3D('',#8536,#8537,#8538);
#8536 = CARTESIAN_POINT('',(70.162508399935,-91.94964428203,1.51));
#8537 = DIRECTION('',(0.,0.,-1.));
#8538 = DIRECTION('',(0.853549232709,0.521012195004,0.));
#8539 = ORIENTED_EDGE('',*,*,#8540,.F.);
#8540 = EDGE_CURVE('',#8541,#8532,#8543,.T.);
#8541 = VERTEX_POINT('',#8542);
#8542 = CARTESIAN_POINT('',(71.105845,-91.106066,1.51));
#8543 = CIRCLE('',#8544,0.499999603944);
#8544 = AXIS2_PLACEMENT_3D('',#8545,#8546,#8547);
#8545 = CARTESIAN_POINT('',(70.84534211054,-91.53284211054,1.51));
#8546 = DIRECTION('',(0.,0.,1.));
#8547 = DIRECTION('',(0.521006191616,0.853552897188,-0.));
#8548 = ORIENTED_EDGE('',*,*,#8549,.F.);
#8549 = EDGE_CURVE('',#8550,#8541,#8552,.T.);
#8550 = VERTEX_POINT('',#8551);
#8551 = CARTESIAN_POINT('',(71.262147,-91.15,1.51));
#8552 = CIRCLE('',#8553,0.299991600078);
#8553 = AXIS2_PLACEMENT_3D('',#8554,#8555,#8556);
#8554 = CARTESIAN_POINT('',(71.262144282039,-90.85000839993,1.51));
#8555 = DIRECTION('',(0.,0.,-1.));
#8556 = DIRECTION('',(9.060123382971E-06,-0.999999999959,0.));
#8557 = ORIENTED_EDGE('',*,*,#8558,.F.);
#8558 = EDGE_CURVE('',#8559,#8550,#8561,.T.);
#8559 = VERTEX_POINT('',#8560);
#8560 = CARTESIAN_POINT('',(72.1625,-91.15,1.51));
#8561 = LINE('',#8562,#8563);
#8562 = CARTESIAN_POINT('',(72.1625,-91.15,1.51));
#8563 = VECTOR('',#8564,1.);
#8564 = DIRECTION('',(-1.,0.,0.));
#8565 = ORIENTED_EDGE('',*,*,#8566,.F.);
#8566 = EDGE_CURVE('',#8567,#8559,#8569,.T.);
#8567 = VERTEX_POINT('',#8568);
#8568 = CARTESIAN_POINT('',(73.062853,-91.15,1.51));
#8569 = LINE('',#8570,#8571);
#8570 = CARTESIAN_POINT('',(73.062853,-91.15,1.51));
#8571 = VECTOR('',#8572,1.);
#8572 = DIRECTION('',(-1.,0.,0.));
#8573 = ORIENTED_EDGE('',*,*,#8574,.F.);
#8574 = EDGE_CURVE('',#8412,#8567,#8575,.T.);
#8575 = CIRCLE('',#8576,0.299966762339);
#8576 = AXIS2_PLACEMENT_3D('',#8577,#8578,#8579);
#8577 = CARTESIAN_POINT('',(73.062862699494,-90.85003323781,1.51));
#8578 = DIRECTION('',(0.,0.,-1.));
#8579 = DIRECTION('',(0.521032061311,-0.853537105864,0.));
#8580 = FACE_BOUND('',#8581,.T.);
#8581 = EDGE_LOOP('',(#8582));
#8582 = ORIENTED_EDGE('',*,*,#8583,.T.);
#8583 = EDGE_CURVE('',#8584,#8584,#8586,.T.);
#8584 = VERTEX_POINT('',#8585);
#8585 = CARTESIAN_POINT('',(72.1625,-89.57,1.51));
#8586 = CIRCLE('',#8587,2.);
#8587 = AXIS2_PLACEMENT_3D('',#8588,#8589,#8590);
#8588 = CARTESIAN_POINT('',(72.1625,-87.57,1.51));
#8589 = DIRECTION('',(-0.,0.,-1.));
#8590 = DIRECTION('',(-0.,-1.,0.));
#8591 = FACE_BOUND('',#8592,.T.);
#8592 = EDGE_LOOP('',(#8593));
#8593 = ORIENTED_EDGE('',*,*,#8594,.T.);
#8594 = EDGE_CURVE('',#8595,#8595,#8597,.T.);
#8595 = VERTEX_POINT('',#8596);
#8596 = CARTESIAN_POINT('',(77.2425,-88.445,1.51));
#8597 = CIRCLE('',#8598,0.875);
#8598 = AXIS2_PLACEMENT_3D('',#8599,#8600,#8601);
#8599 = CARTESIAN_POINT('',(77.2425,-87.57,1.51));
#8600 = DIRECTION('',(-0.,0.,-1.));
#8601 = DIRECTION('',(-0.,-1.,0.));
#8602 = FACE_BOUND('',#8603,.T.);
#8603 = EDGE_LOOP('',(#8604));
#8604 = ORIENTED_EDGE('',*,*,#8605,.T.);
#8605 = EDGE_CURVE('',#8606,#8606,#8608,.T.);
#8606 = VERTEX_POINT('',#8607);
#8607 = CARTESIAN_POINT('',(68.3525,-86.555,1.51));
#8608 = CIRCLE('',#8609,1.525);
#8609 = AXIS2_PLACEMENT_3D('',#8610,#8611,#8612);
#8610 = CARTESIAN_POINT('',(68.3525,-85.03,1.51));
#8611 = DIRECTION('',(-0.,0.,-1.));
#8612 = DIRECTION('',(9.31859325587E-15,-1.,-0.));
#8613 = FACE_BOUND('',#8614,.T.);
#8614 = EDGE_LOOP('',(#8615));
#8615 = ORIENTED_EDGE('',*,*,#8616,.T.);
#8616 = EDGE_CURVE('',#8617,#8617,#8619,.T.);
#8617 = VERTEX_POINT('',#8618);
#8618 = CARTESIAN_POINT('',(74.7025,-84.015,1.51));
#8619 = CIRCLE('',#8620,1.525);
#8620 = AXIS2_PLACEMENT_3D('',#8621,#8622,#8623);
#8621 = CARTESIAN_POINT('',(74.7025,-82.49,1.51));
#8622 = DIRECTION('',(-0.,0.,-1.));
#8623 = DIRECTION('',(-0.,-1.,0.));
#8624 = FACE_BOUND('',#8625,.T.);
#8625 = EDGE_LOOP('',(#8626,#8637,#8646,#8654,#8662,#8671,#8680,#8689,
    #8697,#8705,#8714,#8723,#8732,#8740,#8748,#8757,#8766,#8775,#8783,
    #8791));
#8626 = ORIENTED_EDGE('',*,*,#8627,.F.);
#8627 = EDGE_CURVE('',#8628,#8630,#8632,.T.);
#8628 = VERTEX_POINT('',#8629);
#8629 = CARTESIAN_POINT('',(73.906434,-72.743345,1.51));
#8630 = VERTEX_POINT('',#8631);
#8631 = CARTESIAN_POINT('',(73.219155,-72.056066,1.51));
#8632 = CIRCLE('',#8633,0.499999603944);
#8633 = AXIS2_PLACEMENT_3D('',#8634,#8635,#8636);
#8634 = CARTESIAN_POINT('',(73.47965788946,-72.48284211054,1.51));
#8635 = DIRECTION('',(0.,0.,1.));
#8636 = DIRECTION('',(0.853552897188,-0.521006191616,0.));
#8637 = ORIENTED_EDGE('',*,*,#8638,.F.);
#8638 = EDGE_CURVE('',#8639,#8628,#8641,.T.);
#8639 = VERTEX_POINT('',#8640);
#8640 = CARTESIAN_POINT('',(73.8625,-72.899647,1.51));
#8641 = CIRCLE('',#8642,0.299683785035);
#8642 = AXIS2_PLACEMENT_3D('',#8643,#8644,#8645);
#8643 = CARTESIAN_POINT('',(74.162183771747,-72.8995577564,1.51));
#8644 = DIRECTION('',(0.,0.,-1.));
#8645 = DIRECTION('',(-0.99999995566,-2.977925314543E-04,-0.));
#8646 = ORIENTED_EDGE('',*,*,#8647,.F.);
#8647 = EDGE_CURVE('',#8648,#8639,#8650,.T.);
#8648 = VERTEX_POINT('',#8649);
#8649 = CARTESIAN_POINT('',(73.8625,-73.6,1.51));
#8650 = LINE('',#8651,#8652);
#8651 = CARTESIAN_POINT('',(73.8625,-73.6,1.51));
#8652 = VECTOR('',#8653,1.);
#8653 = DIRECTION('',(0.,1.,0.));
#8654 = ORIENTED_EDGE('',*,*,#8655,.F.);
#8655 = EDGE_CURVE('',#8656,#8648,#8658,.T.);
#8656 = VERTEX_POINT('',#8657);
#8657 = CARTESIAN_POINT('',(73.8625,-74.300353,1.51));
#8658 = LINE('',#8659,#8660);
#8659 = CARTESIAN_POINT('',(73.8625,-74.300353,1.51));
#8660 = VECTOR('',#8661,1.);
#8661 = DIRECTION('',(0.,1.,0.));
#8662 = ORIENTED_EDGE('',*,*,#8663,.F.);
#8663 = EDGE_CURVE('',#8664,#8656,#8666,.T.);
#8664 = VERTEX_POINT('',#8665);
#8665 = CARTESIAN_POINT('',(73.906434,-74.456655,1.51));
#8666 = CIRCLE('',#8667,0.299966762338);
#8667 = AXIS2_PLACEMENT_3D('',#8668,#8669,#8670);
#8668 = CARTESIAN_POINT('',(74.162466762181,-74.30036269949,1.51));
#8669 = DIRECTION('',(0.,0.,-1.));
#8670 = DIRECTION('',(-0.853537105863,-0.521032061311,-0.));
#8671 = ORIENTED_EDGE('',*,*,#8672,.F.);
#8672 = EDGE_CURVE('',#8673,#8664,#8675,.T.);
#8673 = VERTEX_POINT('',#8674);
#8674 = CARTESIAN_POINT('',(73.219155,-75.143934,1.51));
#8675 = CIRCLE('',#8676,0.499998734392);
#8676 = AXIS2_PLACEMENT_3D('',#8677,#8678,#8679);
#8677 = CARTESIAN_POINT('',(73.479660504327,-74.71716050432,1.51));
#8678 = DIRECTION('',(0.,0.,1.));
#8679 = DIRECTION('',(-0.521012327448,-0.853549151864,0.));
#8680 = ORIENTED_EDGE('',*,*,#8681,.F.);
#8681 = EDGE_CURVE('',#8682,#8673,#8684,.T.);
#8682 = VERTEX_POINT('',#8683);
#8683 = CARTESIAN_POINT('',(73.062853,-75.1,1.51));
#8684 = CIRCLE('',#8685,0.300023425677);
#8685 = AXIS2_PLACEMENT_3D('',#8686,#8687,#8688);
#8686 = CARTESIAN_POINT('',(73.062846772307,-75.40002342561,1.51));
#8687 = DIRECTION('',(0.,0.,-1.));
#8688 = DIRECTION('',(2.075735545944E-05,0.999999999785,0.));
#8689 = ORIENTED_EDGE('',*,*,#8690,.F.);
#8690 = EDGE_CURVE('',#8691,#8682,#8693,.T.);
#8691 = VERTEX_POINT('',#8692);
#8692 = CARTESIAN_POINT('',(72.1625,-75.1,1.51));
#8693 = LINE('',#8694,#8695);
#8694 = CARTESIAN_POINT('',(72.1625,-75.1,1.51));
#8695 = VECTOR('',#8696,1.);
#8696 = DIRECTION('',(1.,0.,0.));
#8697 = ORIENTED_EDGE('',*,*,#8698,.F.);
#8698 = EDGE_CURVE('',#8699,#8691,#8701,.T.);
#8699 = VERTEX_POINT('',#8700);
#8700 = CARTESIAN_POINT('',(71.262147,-75.1,1.51));
#8701 = LINE('',#8702,#8703);
#8702 = CARTESIAN_POINT('',(71.262147,-75.1,1.51));
#8703 = VECTOR('',#8704,1.);
#8704 = DIRECTION('',(1.,0.,0.));
#8705 = ORIENTED_EDGE('',*,*,#8706,.F.);
#8706 = EDGE_CURVE('',#8707,#8699,#8709,.T.);
#8707 = VERTEX_POINT('',#8708);
#8708 = CARTESIAN_POINT('',(71.105845,-75.143934,1.51));
#8709 = CIRCLE('',#8710,0.299991600078);
#8710 = AXIS2_PLACEMENT_3D('',#8711,#8712,#8713);
#8711 = CARTESIAN_POINT('',(71.262144282039,-75.39999160006,1.51));
#8712 = DIRECTION('',(0.,0.,-1.));
#8713 = DIRECTION('',(-0.521012195004,0.853549232709,0.));
#8714 = ORIENTED_EDGE('',*,*,#8715,.F.);
#8715 = EDGE_CURVE('',#8716,#8707,#8718,.T.);
#8716 = VERTEX_POINT('',#8717);
#8717 = CARTESIAN_POINT('',(70.418566,-74.456655,1.51));
#8718 = CIRCLE('',#8719,0.499999603944);
#8719 = AXIS2_PLACEMENT_3D('',#8720,#8721,#8722);
#8720 = CARTESIAN_POINT('',(70.84534211054,-74.71715788946,1.51));
#8721 = DIRECTION('',(0.,0.,1.));
#8722 = DIRECTION('',(-0.853552897188,0.521006191616,0.));
#8723 = ORIENTED_EDGE('',*,*,#8724,.F.);
#8724 = EDGE_CURVE('',#8725,#8716,#8727,.T.);
#8725 = VERTEX_POINT('',#8726);
#8726 = CARTESIAN_POINT('',(70.4625,-74.300353,1.51));
#8727 = CIRCLE('',#8728,0.299991600078);
#8728 = AXIS2_PLACEMENT_3D('',#8729,#8730,#8731);
#8729 = CARTESIAN_POINT('',(70.162508399935,-74.30035571796,1.51));
#8730 = DIRECTION('',(0.,0.,-1.));
#8731 = DIRECTION('',(0.999999999959,9.060123382971E-06,0.));
#8732 = ORIENTED_EDGE('',*,*,#8733,.F.);
#8733 = EDGE_CURVE('',#8734,#8725,#8736,.T.);
#8734 = VERTEX_POINT('',#8735);
#8735 = CARTESIAN_POINT('',(70.4625,-73.6,1.51));
#8736 = LINE('',#8737,#8738);
#8737 = CARTESIAN_POINT('',(70.4625,-73.6,1.51));
#8738 = VECTOR('',#8739,1.);
#8739 = DIRECTION('',(0.,-1.,0.));
#8740 = ORIENTED_EDGE('',*,*,#8741,.F.);
#8741 = EDGE_CURVE('',#8742,#8734,#8744,.T.);
#8742 = VERTEX_POINT('',#8743);
#8743 = CARTESIAN_POINT('',(70.4625,-72.899647,1.51));
#8744 = LINE('',#8745,#8746);
#8745 = CARTESIAN_POINT('',(70.4625,-72.899647,1.51));
#8746 = VECTOR('',#8747,1.);
#8747 = DIRECTION('',(0.,-1.,0.));
#8748 = ORIENTED_EDGE('',*,*,#8749,.F.);
#8749 = EDGE_CURVE('',#8750,#8742,#8752,.T.);
#8750 = VERTEX_POINT('',#8751);
#8751 = CARTESIAN_POINT('',(70.418566,-72.743345,1.51));
#8752 = CIRCLE('',#8753,0.299991600078);
#8753 = AXIS2_PLACEMENT_3D('',#8754,#8755,#8756);
#8754 = CARTESIAN_POINT('',(70.162508399935,-72.89964428203,1.51));
#8755 = DIRECTION('',(0.,0.,-1.));
#8756 = DIRECTION('',(0.853549232709,0.521012195003,0.));
#8757 = ORIENTED_EDGE('',*,*,#8758,.F.);
#8758 = EDGE_CURVE('',#8759,#8750,#8761,.T.);
#8759 = VERTEX_POINT('',#8760);
#8760 = CARTESIAN_POINT('',(71.105845,-72.056066,1.51));
#8761 = CIRCLE('',#8762,0.499999603944);
#8762 = AXIS2_PLACEMENT_3D('',#8763,#8764,#8765);
#8763 = CARTESIAN_POINT('',(70.84534211054,-72.48284211054,1.51));
#8764 = DIRECTION('',(0.,0.,1.));
#8765 = DIRECTION('',(0.521006191616,0.853552897188,-0.));
#8766 = ORIENTED_EDGE('',*,*,#8767,.F.);
#8767 = EDGE_CURVE('',#8768,#8759,#8770,.T.);
#8768 = VERTEX_POINT('',#8769);
#8769 = CARTESIAN_POINT('',(71.262147,-72.1,1.51));
#8770 = CIRCLE('',#8771,0.299991600077);
#8771 = AXIS2_PLACEMENT_3D('',#8772,#8773,#8774);
#8772 = CARTESIAN_POINT('',(71.262144282039,-71.80000839993,1.51));
#8773 = DIRECTION('',(0.,0.,-1.));
#8774 = DIRECTION('',(9.060123667203E-06,-0.999999999959,0.));
#8775 = ORIENTED_EDGE('',*,*,#8776,.F.);
#8776 = EDGE_CURVE('',#8777,#8768,#8779,.T.);
#8777 = VERTEX_POINT('',#8778);
#8778 = CARTESIAN_POINT('',(72.1625,-72.1,1.51));
#8779 = LINE('',#8780,#8781);
#8780 = CARTESIAN_POINT('',(72.1625,-72.1,1.51));
#8781 = VECTOR('',#8782,1.);
#8782 = DIRECTION('',(-1.,0.,0.));
#8783 = ORIENTED_EDGE('',*,*,#8784,.F.);
#8784 = EDGE_CURVE('',#8785,#8777,#8787,.T.);
#8785 = VERTEX_POINT('',#8786);
#8786 = CARTESIAN_POINT('',(73.062853,-72.1,1.51));
#8787 = LINE('',#8788,#8789);
#8788 = CARTESIAN_POINT('',(73.062853,-72.1,1.51));
#8789 = VECTOR('',#8790,1.);
#8790 = DIRECTION('',(-1.,0.,0.));
#8791 = ORIENTED_EDGE('',*,*,#8792,.F.);
#8792 = EDGE_CURVE('',#8630,#8785,#8793,.T.);
#8793 = CIRCLE('',#8794,0.299966762338);
#8794 = AXIS2_PLACEMENT_3D('',#8795,#8796,#8797);
#8795 = CARTESIAN_POINT('',(73.062862699494,-71.80003323781,1.51));
#8796 = DIRECTION('',(0.,0.,-1.));
#8797 = DIRECTION('',(0.521032061311,-0.853537105864,0.));
#8798 = FACE_BOUND('',#8799,.T.);
#8799 = EDGE_LOOP('',(#8800));
#8800 = ORIENTED_EDGE('',*,*,#8801,.T.);
#8801 = EDGE_CURVE('',#8802,#8802,#8804,.T.);
#8802 = VERTEX_POINT('',#8803);
#8803 = CARTESIAN_POINT('',(38.7,-67.6,1.51));
#8804 = CIRCLE('',#8805,0.5);
#8805 = AXIS2_PLACEMENT_3D('',#8806,#8807,#8808);
#8806 = CARTESIAN_POINT('',(38.7,-67.1,1.51));
#8807 = DIRECTION('',(-0.,0.,-1.));
#8808 = DIRECTION('',(-0.,-1.,0.));
#8809 = FACE_BOUND('',#8810,.T.);
#8810 = EDGE_LOOP('',(#8811));
#8811 = ORIENTED_EDGE('',*,*,#8812,.T.);
#8812 = EDGE_CURVE('',#8813,#8813,#8815,.T.);
#8813 = VERTEX_POINT('',#8814);
#8814 = CARTESIAN_POINT('',(48.0325,-69.395,1.51));
#8815 = CIRCLE('',#8816,0.875);
#8816 = AXIS2_PLACEMENT_3D('',#8817,#8818,#8819);
#8817 = CARTESIAN_POINT('',(48.0325,-68.52,1.51));
#8818 = DIRECTION('',(-0.,0.,-1.));
#8819 = DIRECTION('',(-0.,-1.,0.));
#8820 = FACE_BOUND('',#8821,.T.);
#8821 = EDGE_LOOP('',(#8822));
#8822 = ORIENTED_EDGE('',*,*,#8823,.T.);
#8823 = EDGE_CURVE('',#8824,#8824,#8826,.T.);
#8824 = VERTEX_POINT('',#8825);
#8825 = CARTESIAN_POINT('',(38.7,-65.06,1.51));
#8826 = CIRCLE('',#8827,0.5);
#8827 = AXIS2_PLACEMENT_3D('',#8828,#8829,#8830);
#8828 = CARTESIAN_POINT('',(38.7,-64.56,1.51));
#8829 = DIRECTION('',(-0.,0.,-1.));
#8830 = DIRECTION('',(-0.,-1.,0.));
#8831 = FACE_BOUND('',#8832,.T.);
#8832 = EDGE_LOOP('',(#8833));
#8833 = ORIENTED_EDGE('',*,*,#8834,.T.);
#8834 = EDGE_CURVE('',#8835,#8835,#8837,.T.);
#8835 = VERTEX_POINT('',#8836);
#8836 = CARTESIAN_POINT('',(38.7,-62.52,1.51));
#8837 = CIRCLE('',#8838,0.5);
#8838 = AXIS2_PLACEMENT_3D('',#8839,#8840,#8841);
#8839 = CARTESIAN_POINT('',(38.7,-62.02,1.51));
#8840 = DIRECTION('',(-0.,0.,-1.));
#8841 = DIRECTION('',(-0.,-1.,0.));
#8842 = FACE_BOUND('',#8843,.T.);
#8843 = EDGE_LOOP('',(#8844));
#8844 = ORIENTED_EDGE('',*,*,#8845,.T.);
#8845 = EDGE_CURVE('',#8846,#8846,#8848,.T.);
#8846 = VERTEX_POINT('',#8847);
#8847 = CARTESIAN_POINT('',(53.1125,-70.52,1.51));
#8848 = CIRCLE('',#8849,2.);
#8849 = AXIS2_PLACEMENT_3D('',#8850,#8851,#8852);
#8850 = CARTESIAN_POINT('',(53.1125,-68.52,1.51));
#8851 = DIRECTION('',(-0.,0.,-1.));
#8852 = DIRECTION('',(-0.,-1.,0.));
#8853 = FACE_BOUND('',#8854,.T.);
#8854 = EDGE_LOOP('',(#8855));
#8855 = ORIENTED_EDGE('',*,*,#8856,.T.);
#8856 = EDGE_CURVE('',#8857,#8857,#8859,.T.);
#8857 = VERTEX_POINT('',#8858);
#8858 = CARTESIAN_POINT('',(58.1925,-69.395,1.51));
#8859 = CIRCLE('',#8860,0.875);
#8860 = AXIS2_PLACEMENT_3D('',#8861,#8862,#8863);
#8861 = CARTESIAN_POINT('',(58.1925,-68.52,1.51));
#8862 = DIRECTION('',(-0.,0.,-1.));
#8863 = DIRECTION('',(-0.,-1.,0.));
#8864 = FACE_BOUND('',#8865,.T.);
#8865 = EDGE_LOOP('',(#8866));
#8866 = ORIENTED_EDGE('',*,*,#8867,.T.);
#8867 = EDGE_CURVE('',#8868,#8868,#8870,.T.);
#8868 = VERTEX_POINT('',#8869);
#8869 = CARTESIAN_POINT('',(49.3025,-67.505,1.51));
#8870 = CIRCLE('',#8871,1.525);
#8871 = AXIS2_PLACEMENT_3D('',#8872,#8873,#8874);
#8872 = CARTESIAN_POINT('',(49.3025,-65.98,1.51));
#8873 = DIRECTION('',(-0.,0.,-1.));
#8874 = DIRECTION('',(-0.,-1.,0.));
#8875 = FACE_BOUND('',#8876,.T.);
#8876 = EDGE_LOOP('',(#8877));
#8877 = ORIENTED_EDGE('',*,*,#8878,.T.);
#8878 = EDGE_CURVE('',#8879,#8879,#8881,.T.);
#8879 = VERTEX_POINT('',#8880);
#8880 = CARTESIAN_POINT('',(55.6525,-64.965,1.51));
#8881 = CIRCLE('',#8882,1.525);
#8882 = AXIS2_PLACEMENT_3D('',#8883,#8884,#8885);
#8883 = CARTESIAN_POINT('',(55.6525,-63.44,1.51));
#8884 = DIRECTION('',(-0.,0.,-1.));
#8885 = DIRECTION('',(-0.,-1.,0.));
#8886 = FACE_BOUND('',#8887,.T.);
#8887 = EDGE_LOOP('',(#8888));
#8888 = ORIENTED_EDGE('',*,*,#8889,.T.);
#8889 = EDGE_CURVE('',#8890,#8890,#8892,.T.);
#8890 = VERTEX_POINT('',#8891);
#8891 = CARTESIAN_POINT('',(38.7,-59.98,1.51));
#8892 = CIRCLE('',#8893,0.5);
#8893 = AXIS2_PLACEMENT_3D('',#8894,#8895,#8896);
#8894 = CARTESIAN_POINT('',(38.7,-59.48,1.51));
#8895 = DIRECTION('',(-0.,0.,-1.));
#8896 = DIRECTION('',(-0.,-1.,0.));
#8897 = FACE_BOUND('',#8898,.T.);
#8898 = EDGE_LOOP('',(#8899));
#8899 = ORIENTED_EDGE('',*,*,#8900,.T.);
#8900 = EDGE_CURVE('',#8901,#8901,#8903,.T.);
#8901 = VERTEX_POINT('',#8902);
#8902 = CARTESIAN_POINT('',(40.5375,-50.045,1.51));
#8903 = CIRCLE('',#8904,1.1);
#8904 = AXIS2_PLACEMENT_3D('',#8905,#8906,#8907);
#8905 = CARTESIAN_POINT('',(40.5375,-48.945,1.51));
#8906 = DIRECTION('',(-0.,0.,-1.));
#8907 = DIRECTION('',(-0.,-1.,0.));
#8908 = FACE_BOUND('',#8909,.T.);
#8909 = EDGE_LOOP('',(#8910));
#8910 = ORIENTED_EDGE('',*,*,#8911,.T.);
#8911 = EDGE_CURVE('',#8912,#8912,#8914,.T.);
#8912 = VERTEX_POINT('',#8913);
#8913 = CARTESIAN_POINT('',(67.0825,-69.395,1.51));
#8914 = CIRCLE('',#8915,0.875);
#8915 = AXIS2_PLACEMENT_3D('',#8916,#8917,#8918);
#8916 = CARTESIAN_POINT('',(67.0825,-68.52,1.51));
#8917 = DIRECTION('',(-0.,0.,-1.));
#8918 = DIRECTION('',(-0.,-1.,0.));
#8919 = FACE_BOUND('',#8920,.T.);
#8920 = EDGE_LOOP('',(#8921));
#8921 = ORIENTED_EDGE('',*,*,#8922,.T.);
#8922 = EDGE_CURVE('',#8923,#8923,#8925,.T.);
#8923 = VERTEX_POINT('',#8924);
#8924 = CARTESIAN_POINT('',(68.3525,-67.505,1.51));
#8925 = CIRCLE('',#8926,1.525);
#8926 = AXIS2_PLACEMENT_3D('',#8927,#8928,#8929);
#8927 = CARTESIAN_POINT('',(68.3525,-65.98,1.51));
#8928 = DIRECTION('',(-0.,0.,-1.));
#8929 = DIRECTION('',(9.31859325587E-15,-1.,-0.));
#8930 = FACE_BOUND('',#8931,.T.);
#8931 = EDGE_LOOP('',(#8932));
#8932 = ORIENTED_EDGE('',*,*,#8933,.T.);
#8933 = EDGE_CURVE('',#8934,#8934,#8936,.T.);
#8934 = VERTEX_POINT('',#8935);
#8935 = CARTESIAN_POINT('',(72.1625,-70.52,1.51));
#8936 = CIRCLE('',#8937,2.);
#8937 = AXIS2_PLACEMENT_3D('',#8938,#8939,#8940);
#8938 = CARTESIAN_POINT('',(72.1625,-68.52,1.51));
#8939 = DIRECTION('',(-0.,0.,-1.));
#8940 = DIRECTION('',(-0.,-1.,0.));
#8941 = FACE_BOUND('',#8942,.T.);
#8942 = EDGE_LOOP('',(#8943));
#8943 = ORIENTED_EDGE('',*,*,#8944,.T.);
#8944 = EDGE_CURVE('',#8945,#8945,#8947,.T.);
#8945 = VERTEX_POINT('',#8946);
#8946 = CARTESIAN_POINT('',(77.2425,-69.395,1.51));
#8947 = CIRCLE('',#8948,0.875);
#8948 = AXIS2_PLACEMENT_3D('',#8949,#8950,#8951);
#8949 = CARTESIAN_POINT('',(77.2425,-68.52,1.51));
#8950 = DIRECTION('',(-0.,0.,-1.));
#8951 = DIRECTION('',(-0.,-1.,0.));
#8952 = FACE_BOUND('',#8953,.T.);
#8953 = EDGE_LOOP('',(#8954));
#8954 = ORIENTED_EDGE('',*,*,#8955,.T.);
#8955 = EDGE_CURVE('',#8956,#8956,#8958,.T.);
#8956 = VERTEX_POINT('',#8957);
#8957 = CARTESIAN_POINT('',(74.7025,-64.965,1.51));
#8958 = CIRCLE('',#8959,1.525);
#8959 = AXIS2_PLACEMENT_3D('',#8960,#8961,#8962);
#8960 = CARTESIAN_POINT('',(74.7025,-63.44,1.51));
#8961 = DIRECTION('',(-0.,0.,-1.));
#8962 = DIRECTION('',(-0.,-1.,0.));
#8963 = FACE_BOUND('',#8964,.T.);
#8964 = EDGE_LOOP('',(#8965,#8976,#8984,#8993));
#8965 = ORIENTED_EDGE('',*,*,#8966,.T.);
#8966 = EDGE_CURVE('',#8967,#8969,#8971,.T.);
#8967 = VERTEX_POINT('',#8968);
#8968 = CARTESIAN_POINT('',(77.68,-51.255,1.51));
#8969 = VERTEX_POINT('',#8970);
#8970 = CARTESIAN_POINT('',(77.08,-51.255,1.51));
#8971 = CIRCLE('',#8972,0.3);
#8972 = AXIS2_PLACEMENT_3D('',#8973,#8974,#8975);
#8973 = CARTESIAN_POINT('',(77.38,-51.255,1.51));
#8974 = DIRECTION('',(-0.,0.,-1.));
#8975 = DIRECTION('',(-1.,-4.736951571734E-14,0.));
#8976 = ORIENTED_EDGE('',*,*,#8977,.T.);
#8977 = EDGE_CURVE('',#8969,#8978,#8980,.T.);
#8978 = VERTEX_POINT('',#8979);
#8979 = CARTESIAN_POINT('',(77.08,-50.155,1.51));
#8980 = LINE('',#8981,#8982);
#8981 = CARTESIAN_POINT('',(77.08,-25.0775,1.51));
#8982 = VECTOR('',#8983,1.);
#8983 = DIRECTION('',(-0.,1.,0.));
#8984 = ORIENTED_EDGE('',*,*,#8985,.T.);
#8985 = EDGE_CURVE('',#8978,#8986,#8988,.T.);
#8986 = VERTEX_POINT('',#8987);
#8987 = CARTESIAN_POINT('',(77.68,-50.155,1.51));
#8988 = CIRCLE('',#8989,0.3);
#8989 = AXIS2_PLACEMENT_3D('',#8990,#8991,#8992);
#8990 = CARTESIAN_POINT('',(77.38,-50.155,1.51));
#8991 = DIRECTION('',(0.,-0.,-1.));
#8992 = DIRECTION('',(1.,0.,-0.));
#8993 = ORIENTED_EDGE('',*,*,#8994,.T.);
#8994 = EDGE_CURVE('',#8986,#8967,#8995,.T.);
#8995 = LINE('',#8996,#8997);
#8996 = CARTESIAN_POINT('',(77.68,-25.6275,1.51));
#8997 = VECTOR('',#8998,1.);
#8998 = DIRECTION('',(0.,-1.,0.));
#8999 = FACE_BOUND('',#9000,.T.);
#9000 = EDGE_LOOP('',(#9001));
#9001 = ORIENTED_EDGE('',*,*,#9002,.T.);
#9002 = EDGE_CURVE('',#9003,#9003,#9005,.T.);
#9003 = VERTEX_POINT('',#9004);
#9004 = CARTESIAN_POINT('',(78.81,-50.53,1.51));
#9005 = CIRCLE('',#9006,0.325);
#9006 = AXIS2_PLACEMENT_3D('',#9007,#9008,#9009);
#9007 = CARTESIAN_POINT('',(78.81,-50.205,1.51));
#9008 = DIRECTION('',(-0.,0.,-1.));
#9009 = DIRECTION('',(-0.,-1.,0.));
#9010 = FACE_BOUND('',#9011,.T.);
#9011 = EDGE_LOOP('',(#9012,#9023,#9031,#9040));
#9012 = ORIENTED_EDGE('',*,*,#9013,.T.);
#9013 = EDGE_CURVE('',#9014,#9016,#9018,.T.);
#9014 = VERTEX_POINT('',#9015);
#9015 = CARTESIAN_POINT('',(77.68,-46.925,1.51));
#9016 = VERTEX_POINT('',#9017);
#9017 = CARTESIAN_POINT('',(77.08,-46.925,1.51));
#9018 = CIRCLE('',#9019,0.3);
#9019 = AXIS2_PLACEMENT_3D('',#9020,#9021,#9022);
#9020 = CARTESIAN_POINT('',(77.38,-46.925,1.51));
#9021 = DIRECTION('',(-0.,0.,-1.));
#9022 = DIRECTION('',(-1.,0.,0.));
#9023 = ORIENTED_EDGE('',*,*,#9024,.T.);
#9024 = EDGE_CURVE('',#9016,#9025,#9027,.T.);
#9025 = VERTEX_POINT('',#9026);
#9026 = CARTESIAN_POINT('',(77.08,-46.125,1.51));
#9027 = LINE('',#9028,#9029);
#9028 = CARTESIAN_POINT('',(77.08,-23.0625,1.51));
#9029 = VECTOR('',#9030,1.);
#9030 = DIRECTION('',(-0.,1.,0.));
#9031 = ORIENTED_EDGE('',*,*,#9032,.T.);
#9032 = EDGE_CURVE('',#9025,#9033,#9035,.T.);
#9033 = VERTEX_POINT('',#9034);
#9034 = CARTESIAN_POINT('',(77.68,-46.125,1.51));
#9035 = CIRCLE('',#9036,0.3);
#9036 = AXIS2_PLACEMENT_3D('',#9037,#9038,#9039);
#9037 = CARTESIAN_POINT('',(77.38,-46.125,1.51));
#9038 = DIRECTION('',(0.,-0.,-1.));
#9039 = DIRECTION('',(1.,4.736951571734E-14,-0.));
#9040 = ORIENTED_EDGE('',*,*,#9041,.T.);
#9041 = EDGE_CURVE('',#9033,#9014,#9042,.T.);
#9042 = LINE('',#9043,#9044);
#9043 = CARTESIAN_POINT('',(77.68,-23.4625,1.51));
#9044 = VECTOR('',#9045,1.);
#9045 = DIRECTION('',(0.,-1.,0.));
#9046 = FACE_BOUND('',#9047,.T.);
#9047 = EDGE_LOOP('',(#9048));
#9048 = ORIENTED_EDGE('',*,*,#9049,.T.);
#9049 = EDGE_CURVE('',#9050,#9050,#9052,.T.);
#9050 = VERTEX_POINT('',#9051);
#9051 = CARTESIAN_POINT('',(86.1325,-88.445,1.51));
#9052 = CIRCLE('',#9053,0.875);
#9053 = AXIS2_PLACEMENT_3D('',#9054,#9055,#9056);
#9054 = CARTESIAN_POINT('',(86.1325,-87.57,1.51));
#9055 = DIRECTION('',(-0.,0.,-1.));
#9056 = DIRECTION('',(-0.,-1.,0.));
#9057 = FACE_BOUND('',#9058,.T.);
#9058 = EDGE_LOOP('',(#9059,#9070,#9079,#9087,#9095,#9104,#9113,#9122,
    #9130,#9138,#9147,#9156,#9165,#9173,#9181,#9190,#9199,#9208,#9216,
    #9224));
#9059 = ORIENTED_EDGE('',*,*,#9060,.F.);
#9060 = EDGE_CURVE('',#9061,#9063,#9065,.T.);
#9061 = VERTEX_POINT('',#9062);
#9062 = CARTESIAN_POINT('',(92.956434,-91.793345,1.51));
#9063 = VERTEX_POINT('',#9064);
#9064 = CARTESIAN_POINT('',(92.269155,-91.106066,1.51));
#9065 = CIRCLE('',#9066,0.499999603944);
#9066 = AXIS2_PLACEMENT_3D('',#9067,#9068,#9069);
#9067 = CARTESIAN_POINT('',(92.52965788946,-91.53284211054,1.51));
#9068 = DIRECTION('',(0.,0.,1.));
#9069 = DIRECTION('',(0.853552897188,-0.521006191616,0.));
#9070 = ORIENTED_EDGE('',*,*,#9071,.F.);
#9071 = EDGE_CURVE('',#9072,#9061,#9074,.T.);
#9072 = VERTEX_POINT('',#9073);
#9073 = CARTESIAN_POINT('',(92.9125,-91.949647,1.51));
#9074 = CIRCLE('',#9075,0.299683785035);
#9075 = AXIS2_PLACEMENT_3D('',#9076,#9077,#9078);
#9076 = CARTESIAN_POINT('',(93.212183771747,-91.9495577564,1.51));
#9077 = DIRECTION('',(0.,0.,-1.));
#9078 = DIRECTION('',(-0.99999995566,-2.977925315017E-04,-0.));
#9079 = ORIENTED_EDGE('',*,*,#9080,.F.);
#9080 = EDGE_CURVE('',#9081,#9072,#9083,.T.);
#9081 = VERTEX_POINT('',#9082);
#9082 = CARTESIAN_POINT('',(92.9125,-92.65,1.51));
#9083 = LINE('',#9084,#9085);
#9084 = CARTESIAN_POINT('',(92.9125,-92.65,1.51));
#9085 = VECTOR('',#9086,1.);
#9086 = DIRECTION('',(0.,1.,0.));
#9087 = ORIENTED_EDGE('',*,*,#9088,.F.);
#9088 = EDGE_CURVE('',#9089,#9081,#9091,.T.);
#9089 = VERTEX_POINT('',#9090);
#9090 = CARTESIAN_POINT('',(92.9125,-93.350353,1.51));
#9091 = LINE('',#9092,#9093);
#9092 = CARTESIAN_POINT('',(92.9125,-93.350353,1.51));
#9093 = VECTOR('',#9094,1.);
#9094 = DIRECTION('',(0.,1.,0.));
#9095 = ORIENTED_EDGE('',*,*,#9096,.F.);
#9096 = EDGE_CURVE('',#9097,#9089,#9099,.T.);
#9097 = VERTEX_POINT('',#9098);
#9098 = CARTESIAN_POINT('',(92.956434,-93.506655,1.51));
#9099 = CIRCLE('',#9100,0.299966762338);
#9100 = AXIS2_PLACEMENT_3D('',#9101,#9102,#9103);
#9101 = CARTESIAN_POINT('',(93.212466762182,-93.35036269949,1.51));
#9102 = DIRECTION('',(0.,0.,-1.));
#9103 = DIRECTION('',(-0.853537105864,-0.521032061311,-0.));
#9104 = ORIENTED_EDGE('',*,*,#9105,.F.);
#9105 = EDGE_CURVE('',#9106,#9097,#9108,.T.);
#9106 = VERTEX_POINT('',#9107);
#9107 = CARTESIAN_POINT('',(92.269155,-94.193934,1.51));
#9108 = CIRCLE('',#9109,0.499998734392);
#9109 = AXIS2_PLACEMENT_3D('',#9110,#9111,#9112);
#9110 = CARTESIAN_POINT('',(92.529660504327,-93.76716050432,1.51));
#9111 = DIRECTION('',(0.,0.,1.));
#9112 = DIRECTION('',(-0.521012327448,-0.853549151864,0.));
#9113 = ORIENTED_EDGE('',*,*,#9114,.F.);
#9114 = EDGE_CURVE('',#9115,#9106,#9117,.T.);
#9115 = VERTEX_POINT('',#9116);
#9116 = CARTESIAN_POINT('',(92.112853,-94.15,1.51));
#9117 = CIRCLE('',#9118,0.300023425677);
#9118 = AXIS2_PLACEMENT_3D('',#9119,#9120,#9121);
#9119 = CARTESIAN_POINT('',(92.112846772307,-94.45002342561,1.51));
#9120 = DIRECTION('',(0.,0.,-1.));
#9121 = DIRECTION('',(2.075735503317E-05,0.999999999785,0.));
#9122 = ORIENTED_EDGE('',*,*,#9123,.F.);
#9123 = EDGE_CURVE('',#9124,#9115,#9126,.T.);
#9124 = VERTEX_POINT('',#9125);
#9125 = CARTESIAN_POINT('',(91.2125,-94.15,1.51));
#9126 = LINE('',#9127,#9128);
#9127 = CARTESIAN_POINT('',(91.2125,-94.15,1.51));
#9128 = VECTOR('',#9129,1.);
#9129 = DIRECTION('',(1.,0.,0.));
#9130 = ORIENTED_EDGE('',*,*,#9131,.F.);
#9131 = EDGE_CURVE('',#9132,#9124,#9134,.T.);
#9132 = VERTEX_POINT('',#9133);
#9133 = CARTESIAN_POINT('',(90.312147,-94.15,1.51));
#9134 = LINE('',#9135,#9136);
#9135 = CARTESIAN_POINT('',(90.312147,-94.15,1.51));
#9136 = VECTOR('',#9137,1.);
#9137 = DIRECTION('',(1.,0.,0.));
#9138 = ORIENTED_EDGE('',*,*,#9139,.F.);
#9139 = EDGE_CURVE('',#9140,#9132,#9142,.T.);
#9140 = VERTEX_POINT('',#9141);
#9141 = CARTESIAN_POINT('',(90.155845,-94.193934,1.51));
#9142 = CIRCLE('',#9143,0.299991600078);
#9143 = AXIS2_PLACEMENT_3D('',#9144,#9145,#9146);
#9144 = CARTESIAN_POINT('',(90.312144282039,-94.44999160006,1.51));
#9145 = DIRECTION('',(0.,0.,-1.));
#9146 = DIRECTION('',(-0.521012195004,0.853549232709,0.));
#9147 = ORIENTED_EDGE('',*,*,#9148,.F.);
#9148 = EDGE_CURVE('',#9149,#9140,#9151,.T.);
#9149 = VERTEX_POINT('',#9150);
#9150 = CARTESIAN_POINT('',(89.468566,-93.506655,1.51));
#9151 = CIRCLE('',#9152,0.499999603944);
#9152 = AXIS2_PLACEMENT_3D('',#9153,#9154,#9155);
#9153 = CARTESIAN_POINT('',(89.89534211054,-93.76715788946,1.51));
#9154 = DIRECTION('',(0.,0.,1.));
#9155 = DIRECTION('',(-0.853552897188,0.521006191616,0.));
#9156 = ORIENTED_EDGE('',*,*,#9157,.F.);
#9157 = EDGE_CURVE('',#9158,#9149,#9160,.T.);
#9158 = VERTEX_POINT('',#9159);
#9159 = CARTESIAN_POINT('',(89.5125,-93.350353,1.51));
#9160 = CIRCLE('',#9161,0.299991600078);
#9161 = AXIS2_PLACEMENT_3D('',#9162,#9163,#9164);
#9162 = CARTESIAN_POINT('',(89.212508399935,-93.35035571796,1.51));
#9163 = DIRECTION('',(0.,0.,-1.));
#9164 = DIRECTION('',(0.999999999959,9.0601233356E-06,0.));
#9165 = ORIENTED_EDGE('',*,*,#9166,.F.);
#9166 = EDGE_CURVE('',#9167,#9158,#9169,.T.);
#9167 = VERTEX_POINT('',#9168);
#9168 = CARTESIAN_POINT('',(89.5125,-92.65,1.51));
#9169 = LINE('',#9170,#9171);
#9170 = CARTESIAN_POINT('',(89.5125,-92.65,1.51));
#9171 = VECTOR('',#9172,1.);
#9172 = DIRECTION('',(0.,-1.,0.));
#9173 = ORIENTED_EDGE('',*,*,#9174,.F.);
#9174 = EDGE_CURVE('',#9175,#9167,#9177,.T.);
#9175 = VERTEX_POINT('',#9176);
#9176 = CARTESIAN_POINT('',(89.5125,-91.949647,1.51));
#9177 = LINE('',#9178,#9179);
#9178 = CARTESIAN_POINT('',(89.5125,-91.949647,1.51));
#9179 = VECTOR('',#9180,1.);
#9180 = DIRECTION('',(0.,-1.,0.));
#9181 = ORIENTED_EDGE('',*,*,#9182,.F.);
#9182 = EDGE_CURVE('',#9183,#9175,#9185,.T.);
#9183 = VERTEX_POINT('',#9184);
#9184 = CARTESIAN_POINT('',(89.468566,-91.793345,1.51));
#9185 = CIRCLE('',#9186,0.299991600078);
#9186 = AXIS2_PLACEMENT_3D('',#9187,#9188,#9189);
#9187 = CARTESIAN_POINT('',(89.212508399935,-91.94964428203,1.51));
#9188 = DIRECTION('',(0.,0.,-1.));
#9189 = DIRECTION('',(0.853549232709,0.521012195004,0.));
#9190 = ORIENTED_EDGE('',*,*,#9191,.F.);
#9191 = EDGE_CURVE('',#9192,#9183,#9194,.T.);
#9192 = VERTEX_POINT('',#9193);
#9193 = CARTESIAN_POINT('',(90.155845,-91.106066,1.51));
#9194 = CIRCLE('',#9195,0.499999603944);
#9195 = AXIS2_PLACEMENT_3D('',#9196,#9197,#9198);
#9196 = CARTESIAN_POINT('',(89.89534211054,-91.53284211054,1.51));
#9197 = DIRECTION('',(0.,0.,1.));
#9198 = DIRECTION('',(0.521006191616,0.853552897188,-0.));
#9199 = ORIENTED_EDGE('',*,*,#9200,.F.);
#9200 = EDGE_CURVE('',#9201,#9192,#9203,.T.);
#9201 = VERTEX_POINT('',#9202);
#9202 = CARTESIAN_POINT('',(90.312147,-91.15,1.51));
#9203 = CIRCLE('',#9204,0.299991600078);
#9204 = AXIS2_PLACEMENT_3D('',#9205,#9206,#9207);
#9205 = CARTESIAN_POINT('',(90.312144282039,-90.85000839993,1.51));
#9206 = DIRECTION('',(0.,0.,-1.));
#9207 = DIRECTION('',(9.060123288227E-06,-0.999999999959,0.));
#9208 = ORIENTED_EDGE('',*,*,#9209,.F.);
#9209 = EDGE_CURVE('',#9210,#9201,#9212,.T.);
#9210 = VERTEX_POINT('',#9211);
#9211 = CARTESIAN_POINT('',(91.2125,-91.15,1.51));
#9212 = LINE('',#9213,#9214);
#9213 = CARTESIAN_POINT('',(91.2125,-91.15,1.51));
#9214 = VECTOR('',#9215,1.);
#9215 = DIRECTION('',(-1.,0.,0.));
#9216 = ORIENTED_EDGE('',*,*,#9217,.F.);
#9217 = EDGE_CURVE('',#9218,#9210,#9220,.T.);
#9218 = VERTEX_POINT('',#9219);
#9219 = CARTESIAN_POINT('',(92.112853,-91.15,1.51));
#9220 = LINE('',#9221,#9222);
#9221 = CARTESIAN_POINT('',(92.112853,-91.15,1.51));
#9222 = VECTOR('',#9223,1.);
#9223 = DIRECTION('',(-1.,0.,0.));
#9224 = ORIENTED_EDGE('',*,*,#9225,.F.);
#9225 = EDGE_CURVE('',#9063,#9218,#9226,.T.);
#9226 = CIRCLE('',#9227,0.299966762338);
#9227 = AXIS2_PLACEMENT_3D('',#9228,#9229,#9230);
#9228 = CARTESIAN_POINT('',(92.112862699494,-90.85003323781,1.51));
#9229 = DIRECTION('',(0.,0.,-1.));
#9230 = DIRECTION('',(0.521032061311,-0.853537105864,0.));
#9231 = FACE_BOUND('',#9232,.T.);
#9232 = EDGE_LOOP('',(#9233));
#9233 = ORIENTED_EDGE('',*,*,#9234,.T.);
#9234 = EDGE_CURVE('',#9235,#9235,#9237,.T.);
#9235 = VERTEX_POINT('',#9236);
#9236 = CARTESIAN_POINT('',(91.2125,-89.57,1.51));
#9237 = CIRCLE('',#9238,2.);
#9238 = AXIS2_PLACEMENT_3D('',#9239,#9240,#9241);
#9239 = CARTESIAN_POINT('',(91.2125,-87.57,1.51));
#9240 = DIRECTION('',(-0.,0.,-1.));
#9241 = DIRECTION('',(-0.,-1.,0.));
#9242 = FACE_BOUND('',#9243,.T.);
#9243 = EDGE_LOOP('',(#9244));
#9244 = ORIENTED_EDGE('',*,*,#9245,.T.);
#9245 = EDGE_CURVE('',#9246,#9246,#9248,.T.);
#9246 = VERTEX_POINT('',#9247);
#9247 = CARTESIAN_POINT('',(96.2925,-88.445,1.51));
#9248 = CIRCLE('',#9249,0.875);
#9249 = AXIS2_PLACEMENT_3D('',#9250,#9251,#9252);
#9250 = CARTESIAN_POINT('',(96.2925,-87.57,1.51));
#9251 = DIRECTION('',(-0.,0.,-1.));
#9252 = DIRECTION('',(-0.,-1.,0.));
#9253 = FACE_BOUND('',#9254,.T.);
#9254 = EDGE_LOOP('',(#9255));
#9255 = ORIENTED_EDGE('',*,*,#9256,.T.);
#9256 = EDGE_CURVE('',#9257,#9257,#9259,.T.);
#9257 = VERTEX_POINT('',#9258);
#9258 = CARTESIAN_POINT('',(87.4025,-86.555,1.51));
#9259 = CIRCLE('',#9260,1.525);
#9260 = AXIS2_PLACEMENT_3D('',#9261,#9262,#9263);
#9261 = CARTESIAN_POINT('',(87.4025,-85.03,1.51));
#9262 = DIRECTION('',(-0.,0.,-1.));
#9263 = DIRECTION('',(-0.,-1.,0.));
#9264 = FACE_BOUND('',#9265,.T.);
#9265 = EDGE_LOOP('',(#9266,#9277,#9286,#9294,#9302,#9311,#9320,#9329,
    #9337,#9345,#9354,#9363,#9372,#9380,#9388,#9397,#9406,#9415,#9423,
    #9431));
#9266 = ORIENTED_EDGE('',*,*,#9267,.F.);
#9267 = EDGE_CURVE('',#9268,#9270,#9272,.T.);
#9268 = VERTEX_POINT('',#9269);
#9269 = CARTESIAN_POINT('',(92.956434,-72.743345,1.51));
#9270 = VERTEX_POINT('',#9271);
#9271 = CARTESIAN_POINT('',(92.269155,-72.056066,1.51));
#9272 = CIRCLE('',#9273,0.499999603944);
#9273 = AXIS2_PLACEMENT_3D('',#9274,#9275,#9276);
#9274 = CARTESIAN_POINT('',(92.52965788946,-72.48284211054,1.51));
#9275 = DIRECTION('',(0.,0.,1.));
#9276 = DIRECTION('',(0.853552897188,-0.521006191616,0.));
#9277 = ORIENTED_EDGE('',*,*,#9278,.F.);
#9278 = EDGE_CURVE('',#9279,#9268,#9281,.T.);
#9279 = VERTEX_POINT('',#9280);
#9280 = CARTESIAN_POINT('',(92.9125,-72.899647,1.51));
#9281 = CIRCLE('',#9282,0.299683785035);
#9282 = AXIS2_PLACEMENT_3D('',#9283,#9284,#9285);
#9283 = CARTESIAN_POINT('',(93.212183771747,-72.8995577564,1.51));
#9284 = DIRECTION('',(0.,0.,-1.));
#9285 = DIRECTION('',(-0.99999995566,-2.977925314543E-04,-0.));
#9286 = ORIENTED_EDGE('',*,*,#9287,.F.);
#9287 = EDGE_CURVE('',#9288,#9279,#9290,.T.);
#9288 = VERTEX_POINT('',#9289);
#9289 = CARTESIAN_POINT('',(92.9125,-73.6,1.51));
#9290 = LINE('',#9291,#9292);
#9291 = CARTESIAN_POINT('',(92.9125,-73.6,1.51));
#9292 = VECTOR('',#9293,1.);
#9293 = DIRECTION('',(0.,1.,0.));
#9294 = ORIENTED_EDGE('',*,*,#9295,.F.);
#9295 = EDGE_CURVE('',#9296,#9288,#9298,.T.);
#9296 = VERTEX_POINT('',#9297);
#9297 = CARTESIAN_POINT('',(92.9125,-74.300353,1.51));
#9298 = LINE('',#9299,#9300);
#9299 = CARTESIAN_POINT('',(92.9125,-74.300353,1.51));
#9300 = VECTOR('',#9301,1.);
#9301 = DIRECTION('',(0.,1.,0.));
#9302 = ORIENTED_EDGE('',*,*,#9303,.F.);
#9303 = EDGE_CURVE('',#9304,#9296,#9306,.T.);
#9304 = VERTEX_POINT('',#9305);
#9305 = CARTESIAN_POINT('',(92.956434,-74.456655,1.51));
#9306 = CIRCLE('',#9307,0.299966762338);
#9307 = AXIS2_PLACEMENT_3D('',#9308,#9309,#9310);
#9308 = CARTESIAN_POINT('',(93.212466762182,-74.30036269949,1.51));
#9309 = DIRECTION('',(0.,0.,-1.));
#9310 = DIRECTION('',(-0.853537105864,-0.521032061311,-0.));
#9311 = ORIENTED_EDGE('',*,*,#9312,.F.);
#9312 = EDGE_CURVE('',#9313,#9304,#9315,.T.);
#9313 = VERTEX_POINT('',#9314);
#9314 = CARTESIAN_POINT('',(92.269155,-75.143934,1.51));
#9315 = CIRCLE('',#9316,0.499998734392);
#9316 = AXIS2_PLACEMENT_3D('',#9317,#9318,#9319);
#9317 = CARTESIAN_POINT('',(92.529660504327,-74.71716050432,1.51));
#9318 = DIRECTION('',(0.,0.,1.));
#9319 = DIRECTION('',(-0.521012327448,-0.853549151864,0.));
#9320 = ORIENTED_EDGE('',*,*,#9321,.F.);
#9321 = EDGE_CURVE('',#9322,#9313,#9324,.T.);
#9322 = VERTEX_POINT('',#9323);
#9323 = CARTESIAN_POINT('',(92.112853,-75.1,1.51));
#9324 = CIRCLE('',#9325,0.300023425677);
#9325 = AXIS2_PLACEMENT_3D('',#9326,#9327,#9328);
#9326 = CARTESIAN_POINT('',(92.112846772307,-75.40002342561,1.51));
#9327 = DIRECTION('',(0.,0.,-1.));
#9328 = DIRECTION('',(2.075735531735E-05,0.999999999785,0.));
#9329 = ORIENTED_EDGE('',*,*,#9330,.F.);
#9330 = EDGE_CURVE('',#9331,#9322,#9333,.T.);
#9331 = VERTEX_POINT('',#9332);
#9332 = CARTESIAN_POINT('',(91.2125,-75.1,1.51));
#9333 = LINE('',#9334,#9335);
#9334 = CARTESIAN_POINT('',(91.2125,-75.1,1.51));
#9335 = VECTOR('',#9336,1.);
#9336 = DIRECTION('',(1.,0.,0.));
#9337 = ORIENTED_EDGE('',*,*,#9338,.F.);
#9338 = EDGE_CURVE('',#9339,#9331,#9341,.T.);
#9339 = VERTEX_POINT('',#9340);
#9340 = CARTESIAN_POINT('',(90.312147,-75.1,1.51));
#9341 = LINE('',#9342,#9343);
#9342 = CARTESIAN_POINT('',(90.312147,-75.1,1.51));
#9343 = VECTOR('',#9344,1.);
#9344 = DIRECTION('',(1.,0.,0.));
#9345 = ORIENTED_EDGE('',*,*,#9346,.F.);
#9346 = EDGE_CURVE('',#9347,#9339,#9349,.T.);
#9347 = VERTEX_POINT('',#9348);
#9348 = CARTESIAN_POINT('',(90.155845,-75.143934,1.51));
#9349 = CIRCLE('',#9350,0.299991600078);
#9350 = AXIS2_PLACEMENT_3D('',#9351,#9352,#9353);
#9351 = CARTESIAN_POINT('',(90.312144282039,-75.39999160006,1.51));
#9352 = DIRECTION('',(0.,0.,-1.));
#9353 = DIRECTION('',(-0.521012195003,0.853549232709,0.));
#9354 = ORIENTED_EDGE('',*,*,#9355,.F.);
#9355 = EDGE_CURVE('',#9356,#9347,#9358,.T.);
#9356 = VERTEX_POINT('',#9357);
#9357 = CARTESIAN_POINT('',(89.468566,-74.456655,1.51));
#9358 = CIRCLE('',#9359,0.499999603944);
#9359 = AXIS2_PLACEMENT_3D('',#9360,#9361,#9362);
#9360 = CARTESIAN_POINT('',(89.89534211054,-74.71715788946,1.51));
#9361 = DIRECTION('',(0.,0.,1.));
#9362 = DIRECTION('',(-0.853552897188,0.521006191616,0.));
#9363 = ORIENTED_EDGE('',*,*,#9364,.F.);
#9364 = EDGE_CURVE('',#9365,#9356,#9367,.T.);
#9365 = VERTEX_POINT('',#9366);
#9366 = CARTESIAN_POINT('',(89.5125,-74.300353,1.51));
#9367 = CIRCLE('',#9368,0.299991600078);
#9368 = AXIS2_PLACEMENT_3D('',#9369,#9370,#9371);
#9369 = CARTESIAN_POINT('',(89.212508399935,-74.30035571796,1.51));
#9370 = DIRECTION('',(0.,0.,-1.));
#9371 = DIRECTION('',(0.999999999959,9.060123382972E-06,0.));
#9372 = ORIENTED_EDGE('',*,*,#9373,.F.);
#9373 = EDGE_CURVE('',#9374,#9365,#9376,.T.);
#9374 = VERTEX_POINT('',#9375);
#9375 = CARTESIAN_POINT('',(89.5125,-73.6,1.51));
#9376 = LINE('',#9377,#9378);
#9377 = CARTESIAN_POINT('',(89.5125,-73.6,1.51));
#9378 = VECTOR('',#9379,1.);
#9379 = DIRECTION('',(0.,-1.,0.));
#9380 = ORIENTED_EDGE('',*,*,#9381,.F.);
#9381 = EDGE_CURVE('',#9382,#9374,#9384,.T.);
#9382 = VERTEX_POINT('',#9383);
#9383 = CARTESIAN_POINT('',(89.5125,-72.899647,1.51));
#9384 = LINE('',#9385,#9386);
#9385 = CARTESIAN_POINT('',(89.5125,-72.899647,1.51));
#9386 = VECTOR('',#9387,1.);
#9387 = DIRECTION('',(0.,-1.,0.));
#9388 = ORIENTED_EDGE('',*,*,#9389,.F.);
#9389 = EDGE_CURVE('',#9390,#9382,#9392,.T.);
#9390 = VERTEX_POINT('',#9391);
#9391 = CARTESIAN_POINT('',(89.468566,-72.743345,1.51));
#9392 = CIRCLE('',#9393,0.299991600078);
#9393 = AXIS2_PLACEMENT_3D('',#9394,#9395,#9396);
#9394 = CARTESIAN_POINT('',(89.212508399935,-72.89964428203,1.51));
#9395 = DIRECTION('',(0.,0.,-1.));
#9396 = DIRECTION('',(0.853549232709,0.521012195003,0.));
#9397 = ORIENTED_EDGE('',*,*,#9398,.F.);
#9398 = EDGE_CURVE('',#9399,#9390,#9401,.T.);
#9399 = VERTEX_POINT('',#9400);
#9400 = CARTESIAN_POINT('',(90.155845,-72.056066,1.51));
#9401 = CIRCLE('',#9402,0.499999603944);
#9402 = AXIS2_PLACEMENT_3D('',#9403,#9404,#9405);
#9403 = CARTESIAN_POINT('',(89.89534211054,-72.48284211054,1.51));
#9404 = DIRECTION('',(0.,0.,1.));
#9405 = DIRECTION('',(0.521006191616,0.853552897188,-0.));
#9406 = ORIENTED_EDGE('',*,*,#9407,.F.);
#9407 = EDGE_CURVE('',#9408,#9399,#9410,.T.);
#9408 = VERTEX_POINT('',#9409);
#9409 = CARTESIAN_POINT('',(90.312147,-72.1,1.51));
#9410 = CIRCLE('',#9411,0.299991600078);
#9411 = AXIS2_PLACEMENT_3D('',#9412,#9413,#9414);
#9412 = CARTESIAN_POINT('',(90.312144282039,-71.80000839993,1.51));
#9413 = DIRECTION('',(0.,0.,-1.));
#9414 = DIRECTION('',(9.060123525087E-06,-0.999999999959,0.));
#9415 = ORIENTED_EDGE('',*,*,#9416,.F.);
#9416 = EDGE_CURVE('',#9417,#9408,#9419,.T.);
#9417 = VERTEX_POINT('',#9418);
#9418 = CARTESIAN_POINT('',(91.2125,-72.1,1.51));
#9419 = LINE('',#9420,#9421);
#9420 = CARTESIAN_POINT('',(91.2125,-72.1,1.51));
#9421 = VECTOR('',#9422,1.);
#9422 = DIRECTION('',(-1.,0.,0.));
#9423 = ORIENTED_EDGE('',*,*,#9424,.F.);
#9424 = EDGE_CURVE('',#9425,#9417,#9427,.T.);
#9425 = VERTEX_POINT('',#9426);
#9426 = CARTESIAN_POINT('',(92.112853,-72.1,1.51));
#9427 = LINE('',#9428,#9429);
#9428 = CARTESIAN_POINT('',(92.112853,-72.1,1.51));
#9429 = VECTOR('',#9430,1.);
#9430 = DIRECTION('',(-1.,0.,0.));
#9431 = ORIENTED_EDGE('',*,*,#9432,.F.);
#9432 = EDGE_CURVE('',#9270,#9425,#9433,.T.);
#9433 = CIRCLE('',#9434,0.299966762338);
#9434 = AXIS2_PLACEMENT_3D('',#9435,#9436,#9437);
#9435 = CARTESIAN_POINT('',(92.112862699494,-71.80003323781,1.51));
#9436 = DIRECTION('',(0.,0.,-1.));
#9437 = DIRECTION('',(0.521032061311,-0.853537105863,0.));
#9438 = FACE_BOUND('',#9439,.T.);
#9439 = EDGE_LOOP('',(#9440));
#9440 = ORIENTED_EDGE('',*,*,#9441,.T.);
#9441 = EDGE_CURVE('',#9442,#9442,#9444,.T.);
#9442 = VERTEX_POINT('',#9443);
#9443 = CARTESIAN_POINT('',(93.7525,-84.015,1.51));
#9444 = CIRCLE('',#9445,1.525);
#9445 = AXIS2_PLACEMENT_3D('',#9446,#9447,#9448);
#9446 = CARTESIAN_POINT('',(93.7525,-82.49,1.51));
#9447 = DIRECTION('',(-0.,0.,-1.));
#9448 = DIRECTION('',(-0.,-1.,0.));
#9449 = FACE_BOUND('',#9450,.T.);
#9450 = EDGE_LOOP('',(#9451));
#9451 = ORIENTED_EDGE('',*,*,#9452,.T.);
#9452 = EDGE_CURVE('',#9453,#9453,#9455,.T.);
#9453 = VERTEX_POINT('',#9454);
#9454 = CARTESIAN_POINT('',(105.1825,-88.445,1.51));
#9455 = CIRCLE('',#9456,0.875);
#9456 = AXIS2_PLACEMENT_3D('',#9457,#9458,#9459);
#9457 = CARTESIAN_POINT('',(105.1825,-87.57,1.51));
#9458 = DIRECTION('',(-0.,0.,-1.));
#9459 = DIRECTION('',(-0.,-1.,0.));
#9460 = FACE_BOUND('',#9461,.T.);
#9461 = EDGE_LOOP('',(#9462,#9473,#9482,#9490,#9498,#9507,#9516,#9525,
    #9533,#9541,#9550,#9559,#9568,#9576,#9584,#9593,#9602,#9611,#9619,
    #9627));
#9462 = ORIENTED_EDGE('',*,*,#9463,.F.);
#9463 = EDGE_CURVE('',#9464,#9466,#9468,.T.);
#9464 = VERTEX_POINT('',#9465);
#9465 = CARTESIAN_POINT('',(112.006434,-91.793345,1.51));
#9466 = VERTEX_POINT('',#9467);
#9467 = CARTESIAN_POINT('',(111.319155,-91.106066,1.51));
#9468 = CIRCLE('',#9469,0.499999603944);
#9469 = AXIS2_PLACEMENT_3D('',#9470,#9471,#9472);
#9470 = CARTESIAN_POINT('',(111.57965788946,-91.53284211054,1.51));
#9471 = DIRECTION('',(0.,0.,1.));
#9472 = DIRECTION('',(0.853552897188,-0.521006191616,0.));
#9473 = ORIENTED_EDGE('',*,*,#9474,.F.);
#9474 = EDGE_CURVE('',#9475,#9464,#9477,.T.);
#9475 = VERTEX_POINT('',#9476);
#9476 = CARTESIAN_POINT('',(111.9625,-91.949647,1.51));
#9477 = CIRCLE('',#9478,0.299683785035);
#9478 = AXIS2_PLACEMENT_3D('',#9479,#9480,#9481);
#9479 = CARTESIAN_POINT('',(112.26218377174,-91.9495577564,1.51));
#9480 = DIRECTION('',(0.,0.,-1.));
#9481 = DIRECTION('',(-0.99999995566,-2.97792531739E-04,-0.));
#9482 = ORIENTED_EDGE('',*,*,#9483,.F.);
#9483 = EDGE_CURVE('',#9484,#9475,#9486,.T.);
#9484 = VERTEX_POINT('',#9485);
#9485 = CARTESIAN_POINT('',(111.9625,-92.65,1.51));
#9486 = LINE('',#9487,#9488);
#9487 = CARTESIAN_POINT('',(111.9625,-92.65,1.51));
#9488 = VECTOR('',#9489,1.);
#9489 = DIRECTION('',(0.,1.,0.));
#9490 = ORIENTED_EDGE('',*,*,#9491,.F.);
#9491 = EDGE_CURVE('',#9492,#9484,#9494,.T.);
#9492 = VERTEX_POINT('',#9493);
#9493 = CARTESIAN_POINT('',(111.9625,-93.350353,1.51));
#9494 = LINE('',#9495,#9496);
#9495 = CARTESIAN_POINT('',(111.9625,-93.350353,1.51));
#9496 = VECTOR('',#9497,1.);
#9497 = DIRECTION('',(0.,1.,0.));
#9498 = ORIENTED_EDGE('',*,*,#9499,.F.);
#9499 = EDGE_CURVE('',#9500,#9492,#9502,.T.);
#9500 = VERTEX_POINT('',#9501);
#9501 = CARTESIAN_POINT('',(112.006434,-93.506655,1.51));
#9502 = CIRCLE('',#9503,0.299966762338);
#9503 = AXIS2_PLACEMENT_3D('',#9504,#9505,#9506);
#9504 = CARTESIAN_POINT('',(112.26246676218,-93.35036269949,1.51));
#9505 = DIRECTION('',(0.,0.,-1.));
#9506 = DIRECTION('',(-0.853537105864,-0.521032061311,-0.));
#9507 = ORIENTED_EDGE('',*,*,#9508,.F.);
#9508 = EDGE_CURVE('',#9509,#9500,#9511,.T.);
#9509 = VERTEX_POINT('',#9510);
#9510 = CARTESIAN_POINT('',(111.319155,-94.193934,1.51));
#9511 = CIRCLE('',#9512,0.499998734392);
#9512 = AXIS2_PLACEMENT_3D('',#9513,#9514,#9515);
#9513 = CARTESIAN_POINT('',(111.57966050432,-93.76716050432,1.51));
#9514 = DIRECTION('',(0.,0.,1.));
#9515 = DIRECTION('',(-0.521012327448,-0.853549151864,0.));
#9516 = ORIENTED_EDGE('',*,*,#9517,.F.);
#9517 = EDGE_CURVE('',#9518,#9509,#9520,.T.);
#9518 = VERTEX_POINT('',#9519);
#9519 = CARTESIAN_POINT('',(111.162853,-94.15,1.51));
#9520 = CIRCLE('',#9521,0.300023425677);
#9521 = AXIS2_PLACEMENT_3D('',#9522,#9523,#9524);
#9522 = CARTESIAN_POINT('',(111.1628467723,-94.45002342561,1.51));
#9523 = DIRECTION('',(0.,0.,-1.));
#9524 = DIRECTION('',(2.07573551279E-05,0.999999999785,0.));
#9525 = ORIENTED_EDGE('',*,*,#9526,.F.);
#9526 = EDGE_CURVE('',#9527,#9518,#9529,.T.);
#9527 = VERTEX_POINT('',#9528);
#9528 = CARTESIAN_POINT('',(110.2625,-94.15,1.51));
#9529 = LINE('',#9530,#9531);
#9530 = CARTESIAN_POINT('',(110.2625,-94.15,1.51));
#9531 = VECTOR('',#9532,1.);
#9532 = DIRECTION('',(1.,0.,0.));
#9533 = ORIENTED_EDGE('',*,*,#9534,.F.);
#9534 = EDGE_CURVE('',#9535,#9527,#9537,.T.);
#9535 = VERTEX_POINT('',#9536);
#9536 = CARTESIAN_POINT('',(109.362147,-94.15,1.51));
#9537 = LINE('',#9538,#9539);
#9538 = CARTESIAN_POINT('',(109.362147,-94.15,1.51));
#9539 = VECTOR('',#9540,1.);
#9540 = DIRECTION('',(1.,0.,0.));
#9541 = ORIENTED_EDGE('',*,*,#9542,.F.);
#9542 = EDGE_CURVE('',#9543,#9535,#9545,.T.);
#9543 = VERTEX_POINT('',#9544);
#9544 = CARTESIAN_POINT('',(109.205845,-94.193934,1.51));
#9545 = CIRCLE('',#9546,0.299991600078);
#9546 = AXIS2_PLACEMENT_3D('',#9547,#9548,#9549);
#9547 = CARTESIAN_POINT('',(109.36214428203,-94.44999160006,1.51));
#9548 = DIRECTION('',(0.,0.,-1.));
#9549 = DIRECTION('',(-0.521012195003,0.853549232709,0.));
#9550 = ORIENTED_EDGE('',*,*,#9551,.F.);
#9551 = EDGE_CURVE('',#9552,#9543,#9554,.T.);
#9552 = VERTEX_POINT('',#9553);
#9553 = CARTESIAN_POINT('',(108.518566,-93.506655,1.51));
#9554 = CIRCLE('',#9555,0.499999603944);
#9555 = AXIS2_PLACEMENT_3D('',#9556,#9557,#9558);
#9556 = CARTESIAN_POINT('',(108.94534211054,-93.76715788946,1.51));
#9557 = DIRECTION('',(0.,0.,1.));
#9558 = DIRECTION('',(-0.853552897188,0.521006191616,0.));
#9559 = ORIENTED_EDGE('',*,*,#9560,.F.);
#9560 = EDGE_CURVE('',#9561,#9552,#9563,.T.);
#9561 = VERTEX_POINT('',#9562);
#9562 = CARTESIAN_POINT('',(108.5625,-93.350353,1.51));
#9563 = CIRCLE('',#9564,0.299991600078);
#9564 = AXIS2_PLACEMENT_3D('',#9565,#9566,#9567);
#9565 = CARTESIAN_POINT('',(108.26250839993,-93.35035571796,1.51));
#9566 = DIRECTION('',(0.,0.,-1.));
#9567 = DIRECTION('',(0.999999999959,9.060123572459E-06,0.));
#9568 = ORIENTED_EDGE('',*,*,#9569,.F.);
#9569 = EDGE_CURVE('',#9570,#9561,#9572,.T.);
#9570 = VERTEX_POINT('',#9571);
#9571 = CARTESIAN_POINT('',(108.5625,-92.65,1.51));
#9572 = LINE('',#9573,#9574);
#9573 = CARTESIAN_POINT('',(108.5625,-92.65,1.51));
#9574 = VECTOR('',#9575,1.);
#9575 = DIRECTION('',(0.,-1.,0.));
#9576 = ORIENTED_EDGE('',*,*,#9577,.F.);
#9577 = EDGE_CURVE('',#9578,#9570,#9580,.T.);
#9578 = VERTEX_POINT('',#9579);
#9579 = CARTESIAN_POINT('',(108.5625,-91.949647,1.51));
#9580 = LINE('',#9581,#9582);
#9581 = CARTESIAN_POINT('',(108.5625,-91.949647,1.51));
#9582 = VECTOR('',#9583,1.);
#9583 = DIRECTION('',(0.,-1.,0.));
#9584 = ORIENTED_EDGE('',*,*,#9585,.F.);
#9585 = EDGE_CURVE('',#9586,#9578,#9588,.T.);
#9586 = VERTEX_POINT('',#9587);
#9587 = CARTESIAN_POINT('',(108.518566,-91.793345,1.51));
#9588 = CIRCLE('',#9589,0.299991600077);
#9589 = AXIS2_PLACEMENT_3D('',#9590,#9591,#9592);
#9590 = CARTESIAN_POINT('',(108.26250839993,-91.94964428203,1.51));
#9591 = DIRECTION('',(0.,0.,-1.));
#9592 = DIRECTION('',(0.853549232709,0.521012195004,0.));
#9593 = ORIENTED_EDGE('',*,*,#9594,.F.);
#9594 = EDGE_CURVE('',#9595,#9586,#9597,.T.);
#9595 = VERTEX_POINT('',#9596);
#9596 = CARTESIAN_POINT('',(109.205845,-91.106066,1.51));
#9597 = CIRCLE('',#9598,0.499999603944);
#9598 = AXIS2_PLACEMENT_3D('',#9599,#9600,#9601);
#9599 = CARTESIAN_POINT('',(108.94534211054,-91.53284211054,1.51));
#9600 = DIRECTION('',(0.,0.,1.));
#9601 = DIRECTION('',(0.521006191616,0.853552897188,-0.));
#9602 = ORIENTED_EDGE('',*,*,#9603,.F.);
#9603 = EDGE_CURVE('',#9604,#9595,#9606,.T.);
#9604 = VERTEX_POINT('',#9605);
#9605 = CARTESIAN_POINT('',(109.362147,-91.15,1.51));
#9606 = CIRCLE('',#9607,0.299991600078);
#9607 = AXIS2_PLACEMENT_3D('',#9608,#9609,#9610);
#9608 = CARTESIAN_POINT('',(109.36214428203,-90.85000839993,1.51));
#9609 = DIRECTION('',(0.,0.,-1.));
#9610 = DIRECTION('',(9.060123240854E-06,-0.999999999959,0.));
#9611 = ORIENTED_EDGE('',*,*,#9612,.F.);
#9612 = EDGE_CURVE('',#9613,#9604,#9615,.T.);
#9613 = VERTEX_POINT('',#9614);
#9614 = CARTESIAN_POINT('',(110.2625,-91.15,1.51));
#9615 = LINE('',#9616,#9617);
#9616 = CARTESIAN_POINT('',(110.2625,-91.15,1.51));
#9617 = VECTOR('',#9618,1.);
#9618 = DIRECTION('',(-1.,0.,0.));
#9619 = ORIENTED_EDGE('',*,*,#9620,.F.);
#9620 = EDGE_CURVE('',#9621,#9613,#9623,.T.);
#9621 = VERTEX_POINT('',#9622);
#9622 = CARTESIAN_POINT('',(111.162853,-91.15,1.51));
#9623 = LINE('',#9624,#9625);
#9624 = CARTESIAN_POINT('',(111.162853,-91.15,1.51));
#9625 = VECTOR('',#9626,1.);
#9626 = DIRECTION('',(-1.,0.,0.));
#9627 = ORIENTED_EDGE('',*,*,#9628,.F.);
#9628 = EDGE_CURVE('',#9466,#9621,#9629,.T.);
#9629 = CIRCLE('',#9630,0.299966762338);
#9630 = AXIS2_PLACEMENT_3D('',#9631,#9632,#9633);
#9631 = CARTESIAN_POINT('',(111.16286269949,-90.85003323781,1.51));
#9632 = DIRECTION('',(0.,0.,-1.));
#9633 = DIRECTION('',(0.521032061311,-0.853537105864,0.));
#9634 = FACE_BOUND('',#9635,.T.);
#9635 = EDGE_LOOP('',(#9636));
#9636 = ORIENTED_EDGE('',*,*,#9637,.T.);
#9637 = EDGE_CURVE('',#9638,#9638,#9640,.T.);
#9638 = VERTEX_POINT('',#9639);
#9639 = CARTESIAN_POINT('',(110.2625,-89.57,1.51));
#9640 = CIRCLE('',#9641,2.);
#9641 = AXIS2_PLACEMENT_3D('',#9642,#9643,#9644);
#9642 = CARTESIAN_POINT('',(110.2625,-87.57,1.51));
#9643 = DIRECTION('',(-0.,0.,-1.));
#9644 = DIRECTION('',(-0.,-1.,0.));
#9645 = FACE_BOUND('',#9646,.T.);
#9646 = EDGE_LOOP('',(#9647));
#9647 = ORIENTED_EDGE('',*,*,#9648,.T.);
#9648 = EDGE_CURVE('',#9649,#9649,#9651,.T.);
#9649 = VERTEX_POINT('',#9650);
#9650 = CARTESIAN_POINT('',(115.3425,-88.445,1.51));
#9651 = CIRCLE('',#9652,0.875);
#9652 = AXIS2_PLACEMENT_3D('',#9653,#9654,#9655);
#9653 = CARTESIAN_POINT('',(115.3425,-87.57,1.51));
#9654 = DIRECTION('',(-0.,0.,-1.));
#9655 = DIRECTION('',(-0.,-1.,0.));
#9656 = FACE_BOUND('',#9657,.T.);
#9657 = EDGE_LOOP('',(#9658));
#9658 = ORIENTED_EDGE('',*,*,#9659,.T.);
#9659 = EDGE_CURVE('',#9660,#9660,#9662,.T.);
#9660 = VERTEX_POINT('',#9661);
#9661 = CARTESIAN_POINT('',(106.4525,-86.555,1.51));
#9662 = CIRCLE('',#9663,1.525);
#9663 = AXIS2_PLACEMENT_3D('',#9664,#9665,#9666);
#9664 = CARTESIAN_POINT('',(106.4525,-85.03,1.51));
#9665 = DIRECTION('',(-0.,0.,-1.));
#9666 = DIRECTION('',(-0.,-1.,0.));
#9667 = FACE_BOUND('',#9668,.T.);
#9668 = EDGE_LOOP('',(#9669));
#9669 = ORIENTED_EDGE('',*,*,#9670,.T.);
#9670 = EDGE_CURVE('',#9671,#9671,#9673,.T.);
#9671 = VERTEX_POINT('',#9672);
#9672 = CARTESIAN_POINT('',(112.8025,-84.015,1.51));
#9673 = CIRCLE('',#9674,1.525);
#9674 = AXIS2_PLACEMENT_3D('',#9675,#9676,#9677);
#9675 = CARTESIAN_POINT('',(112.8025,-82.49,1.51));
#9676 = DIRECTION('',(-0.,0.,-1.));
#9677 = DIRECTION('',(-9.31859325587E-15,-1.,0.));
#9678 = FACE_BOUND('',#9679,.T.);
#9679 = EDGE_LOOP('',(#9680,#9691,#9700,#9708,#9716,#9725,#9734,#9743,
    #9751,#9759,#9768,#9777,#9786,#9794,#9802,#9811,#9820,#9829,#9837,
    #9845));
#9680 = ORIENTED_EDGE('',*,*,#9681,.F.);
#9681 = EDGE_CURVE('',#9682,#9684,#9686,.T.);
#9682 = VERTEX_POINT('',#9683);
#9683 = CARTESIAN_POINT('',(112.006434,-72.743345,1.51));
#9684 = VERTEX_POINT('',#9685);
#9685 = CARTESIAN_POINT('',(111.319155,-72.056066,1.51));
#9686 = CIRCLE('',#9687,0.499999603944);
#9687 = AXIS2_PLACEMENT_3D('',#9688,#9689,#9690);
#9688 = CARTESIAN_POINT('',(111.57965788946,-72.48284211054,1.51));
#9689 = DIRECTION('',(0.,0.,1.));
#9690 = DIRECTION('',(0.853552897188,-0.521006191616,0.));
#9691 = ORIENTED_EDGE('',*,*,#9692,.F.);
#9692 = EDGE_CURVE('',#9693,#9682,#9695,.T.);
#9693 = VERTEX_POINT('',#9694);
#9694 = CARTESIAN_POINT('',(111.9625,-72.899647,1.51));
#9695 = CIRCLE('',#9696,0.299683785035);
#9696 = AXIS2_PLACEMENT_3D('',#9697,#9698,#9699);
#9697 = CARTESIAN_POINT('',(112.26218377174,-72.8995577564,1.51));
#9698 = DIRECTION('',(0.,0.,-1.));
#9699 = DIRECTION('',(-0.99999995566,-2.977925316915E-04,-0.));
#9700 = ORIENTED_EDGE('',*,*,#9701,.F.);
#9701 = EDGE_CURVE('',#9702,#9693,#9704,.T.);
#9702 = VERTEX_POINT('',#9703);
#9703 = CARTESIAN_POINT('',(111.9625,-73.6,1.51));
#9704 = LINE('',#9705,#9706);
#9705 = CARTESIAN_POINT('',(111.9625,-73.6,1.51));
#9706 = VECTOR('',#9707,1.);
#9707 = DIRECTION('',(0.,1.,0.));
#9708 = ORIENTED_EDGE('',*,*,#9709,.F.);
#9709 = EDGE_CURVE('',#9710,#9702,#9712,.T.);
#9710 = VERTEX_POINT('',#9711);
#9711 = CARTESIAN_POINT('',(111.9625,-74.300353,1.51));
#9712 = LINE('',#9713,#9714);
#9713 = CARTESIAN_POINT('',(111.9625,-74.300353,1.51));
#9714 = VECTOR('',#9715,1.);
#9715 = DIRECTION('',(0.,1.,0.));
#9716 = ORIENTED_EDGE('',*,*,#9717,.F.);
#9717 = EDGE_CURVE('',#9718,#9710,#9720,.T.);
#9718 = VERTEX_POINT('',#9719);
#9719 = CARTESIAN_POINT('',(112.006434,-74.456655,1.51));
#9720 = CIRCLE('',#9721,0.299966762338);
#9721 = AXIS2_PLACEMENT_3D('',#9722,#9723,#9724);
#9722 = CARTESIAN_POINT('',(112.26246676218,-74.30036269949,1.51));
#9723 = DIRECTION('',(0.,0.,-1.));
#9724 = DIRECTION('',(-0.853537105863,-0.521032061311,-0.));
#9725 = ORIENTED_EDGE('',*,*,#9726,.F.);
#9726 = EDGE_CURVE('',#9727,#9718,#9729,.T.);
#9727 = VERTEX_POINT('',#9728);
#9728 = CARTESIAN_POINT('',(111.319155,-75.143934,1.51));
#9729 = CIRCLE('',#9730,0.499998734392);
#9730 = AXIS2_PLACEMENT_3D('',#9731,#9732,#9733);
#9731 = CARTESIAN_POINT('',(111.57966050432,-74.71716050432,1.51));
#9732 = DIRECTION('',(0.,0.,1.));
#9733 = DIRECTION('',(-0.521012327448,-0.853549151864,0.));
#9734 = ORIENTED_EDGE('',*,*,#9735,.F.);
#9735 = EDGE_CURVE('',#9736,#9727,#9738,.T.);
#9736 = VERTEX_POINT('',#9737);
#9737 = CARTESIAN_POINT('',(111.162853,-75.1,1.51));
#9738 = CIRCLE('',#9739,0.300023425677);
#9739 = AXIS2_PLACEMENT_3D('',#9740,#9741,#9742);
#9740 = CARTESIAN_POINT('',(111.1628467723,-75.40002342561,1.51));
#9741 = DIRECTION('',(0.,0.,-1.));
#9742 = DIRECTION('',(2.075735541208E-05,0.999999999785,0.));
#9743 = ORIENTED_EDGE('',*,*,#9744,.F.);
#9744 = EDGE_CURVE('',#9745,#9736,#9747,.T.);
#9745 = VERTEX_POINT('',#9746);
#9746 = CARTESIAN_POINT('',(110.2625,-75.1,1.51));
#9747 = LINE('',#9748,#9749);
#9748 = CARTESIAN_POINT('',(110.2625,-75.1,1.51));
#9749 = VECTOR('',#9750,1.);
#9750 = DIRECTION('',(1.,0.,0.));
#9751 = ORIENTED_EDGE('',*,*,#9752,.F.);
#9752 = EDGE_CURVE('',#9753,#9745,#9755,.T.);
#9753 = VERTEX_POINT('',#9754);
#9754 = CARTESIAN_POINT('',(109.362147,-75.1,1.51));
#9755 = LINE('',#9756,#9757);
#9756 = CARTESIAN_POINT('',(109.362147,-75.1,1.51));
#9757 = VECTOR('',#9758,1.);
#9758 = DIRECTION('',(1.,0.,0.));
#9759 = ORIENTED_EDGE('',*,*,#9760,.F.);
#9760 = EDGE_CURVE('',#9761,#9753,#9763,.T.);
#9761 = VERTEX_POINT('',#9762);
#9762 = CARTESIAN_POINT('',(109.205845,-75.143934,1.51));
#9763 = CIRCLE('',#9764,0.299991600078);
#9764 = AXIS2_PLACEMENT_3D('',#9765,#9766,#9767);
#9765 = CARTESIAN_POINT('',(109.36214428203,-75.39999160006,1.51));
#9766 = DIRECTION('',(0.,0.,-1.));
#9767 = DIRECTION('',(-0.521012195003,0.853549232709,0.));
#9768 = ORIENTED_EDGE('',*,*,#9769,.F.);
#9769 = EDGE_CURVE('',#9770,#9761,#9772,.T.);
#9770 = VERTEX_POINT('',#9771);
#9771 = CARTESIAN_POINT('',(108.518566,-74.456655,1.51));
#9772 = CIRCLE('',#9773,0.499999603944);
#9773 = AXIS2_PLACEMENT_3D('',#9774,#9775,#9776);
#9774 = CARTESIAN_POINT('',(108.94534211054,-74.71715788946,1.51));
#9775 = DIRECTION('',(0.,0.,1.));
#9776 = DIRECTION('',(-0.853552897188,0.521006191616,0.));
#9777 = ORIENTED_EDGE('',*,*,#9778,.F.);
#9778 = EDGE_CURVE('',#9779,#9770,#9781,.T.);
#9779 = VERTEX_POINT('',#9780);
#9780 = CARTESIAN_POINT('',(108.5625,-74.300353,1.51));
#9781 = CIRCLE('',#9782,0.299991600077);
#9782 = AXIS2_PLACEMENT_3D('',#9783,#9784,#9785);
#9783 = CARTESIAN_POINT('',(108.26250839993,-74.30035571796,1.51));
#9784 = DIRECTION('',(0.,0.,-1.));
#9785 = DIRECTION('',(0.999999999959,9.060123667203E-06,0.));
#9786 = ORIENTED_EDGE('',*,*,#9787,.F.);
#9787 = EDGE_CURVE('',#9788,#9779,#9790,.T.);
#9788 = VERTEX_POINT('',#9789);
#9789 = CARTESIAN_POINT('',(108.5625,-73.6,1.51));
#9790 = LINE('',#9791,#9792);
#9791 = CARTESIAN_POINT('',(108.5625,-73.6,1.51));
#9792 = VECTOR('',#9793,1.);
#9793 = DIRECTION('',(0.,-1.,0.));
#9794 = ORIENTED_EDGE('',*,*,#9795,.F.);
#9795 = EDGE_CURVE('',#9796,#9788,#9798,.T.);
#9796 = VERTEX_POINT('',#9797);
#9797 = CARTESIAN_POINT('',(108.5625,-72.899647,1.51));
#9798 = LINE('',#9799,#9800);
#9799 = CARTESIAN_POINT('',(108.5625,-72.899647,1.51));
#9800 = VECTOR('',#9801,1.);
#9801 = DIRECTION('',(0.,-1.,0.));
#9802 = ORIENTED_EDGE('',*,*,#9803,.F.);
#9803 = EDGE_CURVE('',#9804,#9796,#9806,.T.);
#9804 = VERTEX_POINT('',#9805);
#9805 = CARTESIAN_POINT('',(108.518566,-72.743345,1.51));
#9806 = CIRCLE('',#9807,0.299991600078);
#9807 = AXIS2_PLACEMENT_3D('',#9808,#9809,#9810);
#9808 = CARTESIAN_POINT('',(108.26250839993,-72.89964428203,1.51));
#9809 = DIRECTION('',(0.,0.,-1.));
#9810 = DIRECTION('',(0.853549232709,0.521012195004,0.));
#9811 = ORIENTED_EDGE('',*,*,#9812,.F.);
#9812 = EDGE_CURVE('',#9813,#9804,#9815,.T.);
#9813 = VERTEX_POINT('',#9814);
#9814 = CARTESIAN_POINT('',(109.205845,-72.056066,1.51));
#9815 = CIRCLE('',#9816,0.499999603944);
#9816 = AXIS2_PLACEMENT_3D('',#9817,#9818,#9819);
#9817 = CARTESIAN_POINT('',(108.94534211054,-72.48284211054,1.51));
#9818 = DIRECTION('',(0.,0.,1.));
#9819 = DIRECTION('',(0.521006191616,0.853552897188,-0.));
#9820 = ORIENTED_EDGE('',*,*,#9821,.F.);
#9821 = EDGE_CURVE('',#9822,#9813,#9824,.T.);
#9822 = VERTEX_POINT('',#9823);
#9823 = CARTESIAN_POINT('',(109.362147,-72.1,1.51));
#9824 = CIRCLE('',#9825,0.299991600078);
#9825 = AXIS2_PLACEMENT_3D('',#9826,#9827,#9828);
#9826 = CARTESIAN_POINT('',(109.36214428203,-71.80000839993,1.51));
#9827 = DIRECTION('',(0.,0.,-1.));
#9828 = DIRECTION('',(9.060123525085E-06,-0.999999999959,0.));
#9829 = ORIENTED_EDGE('',*,*,#9830,.F.);
#9830 = EDGE_CURVE('',#9831,#9822,#9833,.T.);
#9831 = VERTEX_POINT('',#9832);
#9832 = CARTESIAN_POINT('',(110.2625,-72.1,1.51));
#9833 = LINE('',#9834,#9835);
#9834 = CARTESIAN_POINT('',(110.2625,-72.1,1.51));
#9835 = VECTOR('',#9836,1.);
#9836 = DIRECTION('',(-1.,0.,0.));
#9837 = ORIENTED_EDGE('',*,*,#9838,.F.);
#9838 = EDGE_CURVE('',#9839,#9831,#9841,.T.);
#9839 = VERTEX_POINT('',#9840);
#9840 = CARTESIAN_POINT('',(111.162853,-72.1,1.51));
#9841 = LINE('',#9842,#9843);
#9842 = CARTESIAN_POINT('',(111.162853,-72.1,1.51));
#9843 = VECTOR('',#9844,1.);
#9844 = DIRECTION('',(-1.,0.,0.));
#9845 = ORIENTED_EDGE('',*,*,#9846,.F.);
#9846 = EDGE_CURVE('',#9684,#9839,#9847,.T.);
#9847 = CIRCLE('',#9848,0.299966762338);
#9848 = AXIS2_PLACEMENT_3D('',#9849,#9850,#9851);
#9849 = CARTESIAN_POINT('',(111.16286269949,-71.80003323781,1.51));
#9850 = DIRECTION('',(0.,0.,-1.));
#9851 = DIRECTION('',(0.521032061311,-0.853537105864,0.));
#9852 = FACE_BOUND('',#9853,.T.);
#9853 = EDGE_LOOP('',(#9854));
#9854 = ORIENTED_EDGE('',*,*,#9855,.T.);
#9855 = EDGE_CURVE('',#9856,#9856,#9858,.T.);
#9856 = VERTEX_POINT('',#9857);
#9857 = CARTESIAN_POINT('',(86.1325,-69.395,1.51));
#9858 = CIRCLE('',#9859,0.875);
#9859 = AXIS2_PLACEMENT_3D('',#9860,#9861,#9862);
#9860 = CARTESIAN_POINT('',(86.1325,-68.52,1.51));
#9861 = DIRECTION('',(-0.,0.,-1.));
#9862 = DIRECTION('',(-0.,-1.,0.));
#9863 = FACE_BOUND('',#9864,.T.);
#9864 = EDGE_LOOP('',(#9865));
#9865 = ORIENTED_EDGE('',*,*,#9866,.T.);
#9866 = EDGE_CURVE('',#9867,#9867,#9869,.T.);
#9867 = VERTEX_POINT('',#9868);
#9868 = CARTESIAN_POINT('',(91.2125,-70.52,1.51));
#9869 = CIRCLE('',#9870,2.);
#9870 = AXIS2_PLACEMENT_3D('',#9871,#9872,#9873);
#9871 = CARTESIAN_POINT('',(91.2125,-68.52,1.51));
#9872 = DIRECTION('',(-0.,0.,-1.));
#9873 = DIRECTION('',(-0.,-1.,0.));
#9874 = FACE_BOUND('',#9875,.T.);
#9875 = EDGE_LOOP('',(#9876));
#9876 = ORIENTED_EDGE('',*,*,#9877,.T.);
#9877 = EDGE_CURVE('',#9878,#9878,#9880,.T.);
#9878 = VERTEX_POINT('',#9879);
#9879 = CARTESIAN_POINT('',(87.4025,-67.505,1.51));
#9880 = CIRCLE('',#9881,1.525);
#9881 = AXIS2_PLACEMENT_3D('',#9882,#9883,#9884);
#9882 = CARTESIAN_POINT('',(87.4025,-65.98,1.51));
#9883 = DIRECTION('',(-0.,0.,-1.));
#9884 = DIRECTION('',(-0.,-1.,0.));
#9885 = FACE_BOUND('',#9886,.T.);
#9886 = EDGE_LOOP('',(#9887));
#9887 = ORIENTED_EDGE('',*,*,#9888,.T.);
#9888 = EDGE_CURVE('',#9889,#9889,#9891,.T.);
#9889 = VERTEX_POINT('',#9890);
#9890 = CARTESIAN_POINT('',(96.2925,-69.395,1.51));
#9891 = CIRCLE('',#9892,0.875);
#9892 = AXIS2_PLACEMENT_3D('',#9893,#9894,#9895);
#9893 = CARTESIAN_POINT('',(96.2925,-68.52,1.51));
#9894 = DIRECTION('',(-0.,0.,-1.));
#9895 = DIRECTION('',(-0.,-1.,0.));
#9896 = FACE_BOUND('',#9897,.T.);
#9897 = EDGE_LOOP('',(#9898));
#9898 = ORIENTED_EDGE('',*,*,#9899,.T.);
#9899 = EDGE_CURVE('',#9900,#9900,#9902,.T.);
#9900 = VERTEX_POINT('',#9901);
#9901 = CARTESIAN_POINT('',(93.7525,-64.965,1.51));
#9902 = CIRCLE('',#9903,1.525);
#9903 = AXIS2_PLACEMENT_3D('',#9904,#9905,#9906);
#9904 = CARTESIAN_POINT('',(93.7525,-63.44,1.51));
#9905 = DIRECTION('',(-0.,0.,-1.));
#9906 = DIRECTION('',(-0.,-1.,0.));
#9907 = FACE_BOUND('',#9908,.T.);
#9908 = EDGE_LOOP('',(#9909));
#9909 = ORIENTED_EDGE('',*,*,#9910,.T.);
#9910 = EDGE_CURVE('',#9911,#9911,#9913,.T.);
#9911 = VERTEX_POINT('',#9912);
#9912 = CARTESIAN_POINT('',(84.825,-57.6,1.51));
#9913 = CIRCLE('',#9914,0.5);
#9914 = AXIS2_PLACEMENT_3D('',#9915,#9916,#9917);
#9915 = CARTESIAN_POINT('',(84.825,-57.1,1.51));
#9916 = DIRECTION('',(-0.,0.,-1.));
#9917 = DIRECTION('',(-0.,-1.,0.));
#9918 = FACE_BOUND('',#9919,.T.);
#9919 = EDGE_LOOP('',(#9920));
#9920 = ORIENTED_EDGE('',*,*,#9921,.T.);
#9921 = EDGE_CURVE('',#9922,#9922,#9924,.T.);
#9922 = VERTEX_POINT('',#9923);
#9923 = CARTESIAN_POINT('',(87.365,-57.6,1.51));
#9924 = CIRCLE('',#9925,0.5);
#9925 = AXIS2_PLACEMENT_3D('',#9926,#9927,#9928);
#9926 = CARTESIAN_POINT('',(87.365,-57.1,1.51));
#9927 = DIRECTION('',(-0.,0.,-1.));
#9928 = DIRECTION('',(-0.,-1.,0.));
#9929 = FACE_BOUND('',#9930,.T.);
#9930 = EDGE_LOOP('',(#9931));
#9931 = ORIENTED_EDGE('',*,*,#9932,.T.);
#9932 = EDGE_CURVE('',#9933,#9933,#9935,.T.);
#9933 = VERTEX_POINT('',#9934);
#9934 = CARTESIAN_POINT('',(84.59,-50.53,1.51));
#9935 = CIRCLE('',#9936,0.325);
#9936 = AXIS2_PLACEMENT_3D('',#9937,#9938,#9939);
#9937 = CARTESIAN_POINT('',(84.59,-50.205,1.51));
#9938 = DIRECTION('',(-0.,0.,-1.));
#9939 = DIRECTION('',(-0.,-1.,0.));
#9940 = FACE_BOUND('',#9941,.T.);
#9941 = EDGE_LOOP('',(#9942,#9953,#9961,#9970));
#9942 = ORIENTED_EDGE('',*,*,#9943,.T.);
#9943 = EDGE_CURVE('',#9944,#9946,#9948,.T.);
#9944 = VERTEX_POINT('',#9945);
#9945 = CARTESIAN_POINT('',(86.32,-51.255,1.51));
#9946 = VERTEX_POINT('',#9947);
#9947 = CARTESIAN_POINT('',(85.72,-51.255,1.51));
#9948 = CIRCLE('',#9949,0.3);
#9949 = AXIS2_PLACEMENT_3D('',#9950,#9951,#9952);
#9950 = CARTESIAN_POINT('',(86.02,-51.255,1.51));
#9951 = DIRECTION('',(-0.,0.,-1.));
#9952 = DIRECTION('',(-1.,2.368475785867E-14,0.));
#9953 = ORIENTED_EDGE('',*,*,#9954,.T.);
#9954 = EDGE_CURVE('',#9946,#9955,#9957,.T.);
#9955 = VERTEX_POINT('',#9956);
#9956 = CARTESIAN_POINT('',(85.72,-50.155,1.51));
#9957 = LINE('',#9958,#9959);
#9958 = CARTESIAN_POINT('',(85.72,-25.0775,1.51));
#9959 = VECTOR('',#9960,1.);
#9960 = DIRECTION('',(-0.,1.,0.));
#9961 = ORIENTED_EDGE('',*,*,#9962,.T.);
#9962 = EDGE_CURVE('',#9955,#9963,#9965,.T.);
#9963 = VERTEX_POINT('',#9964);
#9964 = CARTESIAN_POINT('',(86.32,-50.155,1.51));
#9965 = CIRCLE('',#9966,0.3);
#9966 = AXIS2_PLACEMENT_3D('',#9967,#9968,#9969);
#9967 = CARTESIAN_POINT('',(86.02,-50.155,1.51));
#9968 = DIRECTION('',(0.,-0.,-1.));
#9969 = DIRECTION('',(1.,-7.105427357601E-14,0.));
#9970 = ORIENTED_EDGE('',*,*,#9971,.T.);
#9971 = EDGE_CURVE('',#9963,#9944,#9972,.T.);
#9972 = LINE('',#9973,#9974);
#9973 = CARTESIAN_POINT('',(86.32,-25.6275,1.51));
#9974 = VECTOR('',#9975,1.);
#9975 = DIRECTION('',(0.,-1.,0.));
#9976 = FACE_BOUND('',#9977,.T.);
#9977 = EDGE_LOOP('',(#9978,#9989,#9997,#10006));
#9978 = ORIENTED_EDGE('',*,*,#9979,.T.);
#9979 = EDGE_CURVE('',#9980,#9982,#9984,.T.);
#9980 = VERTEX_POINT('',#9981);
#9981 = CARTESIAN_POINT('',(86.32,-46.925,1.51));
#9982 = VERTEX_POINT('',#9983);
#9983 = CARTESIAN_POINT('',(85.72,-46.925,1.51));
#9984 = CIRCLE('',#9985,0.3);
#9985 = AXIS2_PLACEMENT_3D('',#9986,#9987,#9988);
#9986 = CARTESIAN_POINT('',(86.02,-46.925,1.51));
#9987 = DIRECTION('',(-0.,0.,-1.));
#9988 = DIRECTION('',(-1.,7.105427357601E-14,0.));
#9989 = ORIENTED_EDGE('',*,*,#9990,.T.);
#9990 = EDGE_CURVE('',#9982,#9991,#9993,.T.);
#9991 = VERTEX_POINT('',#9992);
#9992 = CARTESIAN_POINT('',(85.72,-46.125,1.51));
#9993 = LINE('',#9994,#9995);
#9994 = CARTESIAN_POINT('',(85.72,-23.0625,1.51));
#9995 = VECTOR('',#9996,1.);
#9996 = DIRECTION('',(-0.,1.,0.));
#9997 = ORIENTED_EDGE('',*,*,#9998,.T.);
#9998 = EDGE_CURVE('',#9991,#9999,#10001,.T.);
#9999 = VERTEX_POINT('',#10000);
#10000 = CARTESIAN_POINT('',(86.32,-46.125,1.51));
#10001 = CIRCLE('',#10002,0.3);
#10002 = AXIS2_PLACEMENT_3D('',#10003,#10004,#10005);
#10003 = CARTESIAN_POINT('',(86.02,-46.125,1.51));
#10004 = DIRECTION('',(0.,-0.,-1.));
#10005 = DIRECTION('',(1.,-2.368475785867E-14,0.));
#10006 = ORIENTED_EDGE('',*,*,#10007,.T.);
#10007 = EDGE_CURVE('',#9999,#9980,#10008,.T.);
#10008 = LINE('',#10009,#10010);
#10009 = CARTESIAN_POINT('',(86.32,-23.4625,1.51));
#10010 = VECTOR('',#10011,1.);
#10011 = DIRECTION('',(0.,-1.,0.));
#10012 = FACE_BOUND('',#10013,.T.);
#10013 = EDGE_LOOP('',(#10014));
#10014 = ORIENTED_EDGE('',*,*,#10015,.T.);
#10015 = EDGE_CURVE('',#10016,#10016,#10018,.T.);
#10016 = VERTEX_POINT('',#10017);
#10017 = CARTESIAN_POINT('',(105.1825,-69.395,1.51));
#10018 = CIRCLE('',#10019,0.875);
#10019 = AXIS2_PLACEMENT_3D('',#10020,#10021,#10022);
#10020 = CARTESIAN_POINT('',(105.1825,-68.52,1.51));
#10021 = DIRECTION('',(-0.,0.,-1.));
#10022 = DIRECTION('',(-0.,-1.,0.));
#10023 = FACE_BOUND('',#10024,.T.);
#10024 = EDGE_LOOP('',(#10025));
#10025 = ORIENTED_EDGE('',*,*,#10026,.T.);
#10026 = EDGE_CURVE('',#10027,#10027,#10029,.T.);
#10027 = VERTEX_POINT('',#10028);
#10028 = CARTESIAN_POINT('',(110.2625,-70.52,1.51));
#10029 = CIRCLE('',#10030,2.);
#10030 = AXIS2_PLACEMENT_3D('',#10031,#10032,#10033);
#10031 = CARTESIAN_POINT('',(110.2625,-68.52,1.51));
#10032 = DIRECTION('',(-0.,0.,-1.));
#10033 = DIRECTION('',(-0.,-1.,0.));
#10034 = FACE_BOUND('',#10035,.T.);
#10035 = EDGE_LOOP('',(#10036));
#10036 = ORIENTED_EDGE('',*,*,#10037,.T.);
#10037 = EDGE_CURVE('',#10038,#10038,#10040,.T.);
#10038 = VERTEX_POINT('',#10039);
#10039 = CARTESIAN_POINT('',(106.4525,-67.505,1.51));
#10040 = CIRCLE('',#10041,1.525);
#10041 = AXIS2_PLACEMENT_3D('',#10042,#10043,#10044);
#10042 = CARTESIAN_POINT('',(106.4525,-65.98,1.51));
#10043 = DIRECTION('',(-0.,0.,-1.));
#10044 = DIRECTION('',(-0.,-1.,0.));
#10045 = FACE_BOUND('',#10046,.T.);
#10046 = EDGE_LOOP('',(#10047));
#10047 = ORIENTED_EDGE('',*,*,#10048,.T.);
#10048 = EDGE_CURVE('',#10049,#10049,#10051,.T.);
#10049 = VERTEX_POINT('',#10050);
#10050 = CARTESIAN_POINT('',(112.8025,-64.965,1.51));
#10051 = CIRCLE('',#10052,1.525);
#10052 = AXIS2_PLACEMENT_3D('',#10053,#10054,#10055);
#10053 = CARTESIAN_POINT('',(112.8025,-63.44,1.51));
#10054 = DIRECTION('',(-0.,0.,-1.));
#10055 = DIRECTION('',(-9.31859325587E-15,-1.,0.));
#10056 = FACE_BOUND('',#10057,.T.);
#10057 = EDGE_LOOP('',(#10058));
#10058 = ORIENTED_EDGE('',*,*,#10059,.T.);
#10059 = EDGE_CURVE('',#10060,#10060,#10062,.T.);
#10060 = VERTEX_POINT('',#10061);
#10061 = CARTESIAN_POINT('',(115.3425,-69.395,1.51));
#10062 = CIRCLE('',#10063,0.875);
#10063 = AXIS2_PLACEMENT_3D('',#10064,#10065,#10066);
#10064 = CARTESIAN_POINT('',(115.3425,-68.52,1.51));
#10065 = DIRECTION('',(-0.,0.,-1.));
#10066 = DIRECTION('',(-0.,-1.,0.));
#10067 = FACE_BOUND('',#10068,.T.);
#10068 = EDGE_LOOP('',(#10069));
#10069 = ORIENTED_EDGE('',*,*,#10070,.T.);
#10070 = EDGE_CURVE('',#10071,#10071,#10073,.T.);
#10071 = VERTEX_POINT('',#10072);
#10072 = CARTESIAN_POINT('',(122.8375,-50.045,1.51));
#10073 = CIRCLE('',#10074,1.1);
#10074 = AXIS2_PLACEMENT_3D('',#10075,#10076,#10077);
#10075 = CARTESIAN_POINT('',(122.8375,-48.945,1.51));
#10076 = DIRECTION('',(-0.,0.,-1.));
#10077 = DIRECTION('',(-0.,-1.,0.));
#10078 = PLANE('',#10079);
#10079 = AXIS2_PLACEMENT_3D('',#10080,#10081,#10082);
#10080 = CARTESIAN_POINT('',(0.,0.,1.51));
#10081 = DIRECTION('',(0.,0.,1.));
#10082 = DIRECTION('',(1.,0.,-0.));
#10083 = ADVANCED_FACE('',(#10084),#10095,.T.);
#10084 = FACE_BOUND('',#10085,.T.);
#10085 = EDGE_LOOP('',(#10086,#10092,#10093,#10094));
#10086 = ORIENTED_EDGE('',*,*,#10087,.T.);
#10087 = EDGE_CURVE('',#146,#5118,#10088,.T.);
#10088 = LINE('',#10089,#10090);
#10089 = CARTESIAN_POINT('',(41.577665,-43.945,0.));
#10090 = VECTOR('',#10091,1.);
#10091 = DIRECTION('',(0.,0.,1.));
#10092 = ORIENTED_EDGE('',*,*,#5117,.T.);
#10093 = ORIENTED_EDGE('',*,*,#81,.F.);
#10094 = ORIENTED_EDGE('',*,*,#145,.F.);
#10095 = PLANE('',#10096);
#10096 = AXIS2_PLACEMENT_3D('',#10097,#10098,#10099);
#10097 = CARTESIAN_POINT('',(41.577665,-43.945,0.));
#10098 = DIRECTION('',(0.,1.,0.));
#10099 = DIRECTION('',(1.,0.,0.));
#10100 = ADVANCED_FACE('',(#10101),#10112,.T.);
#10101 = FACE_BOUND('',#10102,.T.);
#10102 = EDGE_LOOP('',(#10103,#10104,#10105,#10111));
#10103 = ORIENTED_EDGE('',*,*,#121,.T.);
#10104 = ORIENTED_EDGE('',*,*,#5216,.T.);
#10105 = ORIENTED_EDGE('',*,*,#10106,.F.);
#10106 = EDGE_CURVE('',#237,#5209,#10107,.T.);
#10107 = LINE('',#10108,#10109);
#10108 = CARTESIAN_POINT('',(127.8375,-150.85701,0.));
#10109 = VECTOR('',#10110,1.);
#10110 = DIRECTION('',(0.,0.,1.));
#10111 = ORIENTED_EDGE('',*,*,#244,.F.);
#10112 = PLANE('',#10113);
#10113 = AXIS2_PLACEMENT_3D('',#10114,#10115,#10116);
#10114 = CARTESIAN_POINT('',(127.8375,-52.38299,0.));
#10115 = DIRECTION('',(1.,0.,-0.));
#10116 = DIRECTION('',(0.,-1.,0.));
#10117 = ADVANCED_FACE('',(#10118),#10129,.T.);
#10118 = FACE_BOUND('',#10119,.T.);
#10119 = EDGE_LOOP('',(#10120,#10126,#10127,#10128));
#10120 = ORIENTED_EDGE('',*,*,#10121,.T.);
#10121 = EDGE_CURVE('',#154,#5126,#10122,.T.);
#10122 = LINE('',#10123,#10124);
#10123 = CARTESIAN_POINT('',(40.5375,-43.945,0.));
#10124 = VECTOR('',#10125,1.);
#10125 = DIRECTION('',(0.,0.,1.));
#10126 = ORIENTED_EDGE('',*,*,#5125,.T.);
#10127 = ORIENTED_EDGE('',*,*,#10087,.F.);
#10128 = ORIENTED_EDGE('',*,*,#153,.F.);
#10129 = PLANE('',#10130);
#10130 = AXIS2_PLACEMENT_3D('',#10131,#10132,#10133);
#10131 = CARTESIAN_POINT('',(40.5375,-43.945,0.));
#10132 = DIRECTION('',(0.,1.,0.));
#10133 = DIRECTION('',(1.,0.,0.));
#10134 = ADVANCED_FACE('',(#10135),#10146,.T.);
#10135 = FACE_BOUND('',#10136,.T.);
#10136 = EDGE_LOOP('',(#10137,#10138,#10139,#10145));
#10137 = ORIENTED_EDGE('',*,*,#10106,.T.);
#10138 = ORIENTED_EDGE('',*,*,#5208,.T.);
#10139 = ORIENTED_EDGE('',*,*,#10140,.F.);
#10140 = EDGE_CURVE('',#228,#5200,#10141,.T.);
#10141 = LINE('',#10142,#10143);
#10142 = CARTESIAN_POINT('',(127.8375,-154.295,0.));
#10143 = VECTOR('',#10144,1.);
#10144 = DIRECTION('',(0.,0.,1.));
#10145 = ORIENTED_EDGE('',*,*,#236,.F.);
#10146 = PLANE('',#10147);
#10147 = AXIS2_PLACEMENT_3D('',#10148,#10149,#10150);
#10148 = CARTESIAN_POINT('',(127.8375,-150.85701,0.));
#10149 = DIRECTION('',(1.,0.,-0.));
#10150 = DIRECTION('',(0.,-1.,0.));
#10151 = ADVANCED_FACE('',(#10152),#10163,.T.);
#10152 = FACE_BOUND('',#10153,.T.);
#10153 = EDGE_LOOP('',(#10154,#10160,#10161,#10162));
#10154 = ORIENTED_EDGE('',*,*,#10155,.T.);
#10155 = EDGE_CURVE('',#162,#5134,#10156,.T.);
#10156 = LINE('',#10157,#10158);
#10157 = CARTESIAN_POINT('',(35.5375,-48.945,0.));
#10158 = VECTOR('',#10159,1.);
#10159 = DIRECTION('',(0.,0.,1.));
#10160 = ORIENTED_EDGE('',*,*,#5133,.T.);
#10161 = ORIENTED_EDGE('',*,*,#10121,.F.);
#10162 = ORIENTED_EDGE('',*,*,#161,.F.);
#10163 = CYLINDRICAL_SURFACE('',#10164,4.999999678834);
#10164 = AXIS2_PLACEMENT_3D('',#10165,#10166,#10167);
#10165 = CARTESIAN_POINT('',(40.537499678834,-48.94499967883,0.));
#10166 = DIRECTION('',(0.,0.,-1.));
#10167 = DIRECTION('',(-1.,-6.423314275614E-08,-0.));
#10168 = ADVANCED_FACE('',(#10169),#10180,.T.);
#10169 = FACE_BOUND('',#10170,.T.);
#10170 = EDGE_LOOP('',(#10171,#10172,#10173,#10179));
#10171 = ORIENTED_EDGE('',*,*,#10140,.T.);
#10172 = ORIENTED_EDGE('',*,*,#5199,.T.);
#10173 = ORIENTED_EDGE('',*,*,#10174,.F.);
#10174 = EDGE_CURVE('',#220,#5192,#10175,.T.);
#10175 = LINE('',#10176,#10177);
#10176 = CARTESIAN_POINT('',(122.8375,-159.295,0.));
#10177 = VECTOR('',#10178,1.);
#10178 = DIRECTION('',(0.,0.,1.));
#10179 = ORIENTED_EDGE('',*,*,#227,.F.);
#10180 = CYLINDRICAL_SURFACE('',#10181,4.999999678834);
#10181 = AXIS2_PLACEMENT_3D('',#10182,#10183,#10184);
#10182 = CARTESIAN_POINT('',(122.83750032116,-154.2950003211,0.));
#10183 = DIRECTION('',(0.,0.,-1.));
#10184 = DIRECTION('',(1.,6.423315270374E-08,0.));
#10185 = ADVANCED_FACE('',(#10186),#10197,.T.);
#10186 = FACE_BOUND('',#10187,.T.);
#10187 = EDGE_LOOP('',(#10188,#10194,#10195,#10196));
#10188 = ORIENTED_EDGE('',*,*,#10189,.T.);
#10189 = EDGE_CURVE('',#171,#5143,#10190,.T.);
#10190 = LINE('',#10191,#10192);
#10191 = CARTESIAN_POINT('',(35.5375,-52.38299,0.));
#10192 = VECTOR('',#10193,1.);
#10193 = DIRECTION('',(0.,0.,1.));
#10194 = ORIENTED_EDGE('',*,*,#5142,.T.);
#10195 = ORIENTED_EDGE('',*,*,#10155,.F.);
#10196 = ORIENTED_EDGE('',*,*,#170,.F.);
#10197 = PLANE('',#10198);
#10198 = AXIS2_PLACEMENT_3D('',#10199,#10200,#10201);
#10199 = CARTESIAN_POINT('',(35.5375,-52.38299,0.));
#10200 = DIRECTION('',(-1.,0.,0.));
#10201 = DIRECTION('',(0.,1.,0.));
#10202 = ADVANCED_FACE('',(#10203),#10214,.T.);
#10203 = FACE_BOUND('',#10204,.T.);
#10204 = EDGE_LOOP('',(#10205,#10206,#10207,#10213));
#10205 = ORIENTED_EDGE('',*,*,#10174,.T.);
#10206 = ORIENTED_EDGE('',*,*,#5191,.T.);
#10207 = ORIENTED_EDGE('',*,*,#10208,.F.);
#10208 = EDGE_CURVE('',#212,#5184,#10209,.T.);
#10209 = LINE('',#10210,#10211);
#10210 = CARTESIAN_POINT('',(121.797335,-159.295,0.));
#10211 = VECTOR('',#10212,1.);
#10212 = DIRECTION('',(0.,0.,1.));
#10213 = ORIENTED_EDGE('',*,*,#219,.F.);
#10214 = PLANE('',#10215);
#10215 = AXIS2_PLACEMENT_3D('',#10216,#10217,#10218);
#10216 = CARTESIAN_POINT('',(122.8375,-159.295,0.));
#10217 = DIRECTION('',(0.,-1.,0.));
#10218 = DIRECTION('',(-1.,0.,0.));
#10219 = ADVANCED_FACE('',(#10220),#10231,.T.);
#10220 = FACE_BOUND('',#10221,.T.);
#10221 = EDGE_LOOP('',(#10222,#10228,#10229,#10230));
#10222 = ORIENTED_EDGE('',*,*,#10223,.T.);
#10223 = EDGE_CURVE('',#179,#5151,#10224,.T.);
#10224 = LINE('',#10225,#10226);
#10225 = CARTESIAN_POINT('',(35.5375,-150.85701,0.));
#10226 = VECTOR('',#10227,1.);
#10227 = DIRECTION('',(0.,0.,1.));
#10228 = ORIENTED_EDGE('',*,*,#5150,.T.);
#10229 = ORIENTED_EDGE('',*,*,#10189,.F.);
#10230 = ORIENTED_EDGE('',*,*,#178,.F.);
#10231 = PLANE('',#10232);
#10232 = AXIS2_PLACEMENT_3D('',#10233,#10234,#10235);
#10233 = CARTESIAN_POINT('',(35.5375,-150.85701,0.));
#10234 = DIRECTION('',(-1.,0.,0.));
#10235 = DIRECTION('',(0.,1.,0.));
#10236 = ADVANCED_FACE('',(#10237),#10248,.T.);
#10237 = FACE_BOUND('',#10238,.T.);
#10238 = EDGE_LOOP('',(#10239,#10240,#10241,#10247));
#10239 = ORIENTED_EDGE('',*,*,#10208,.T.);
#10240 = ORIENTED_EDGE('',*,*,#5183,.T.);
#10241 = ORIENTED_EDGE('',*,*,#10242,.F.);
#10242 = EDGE_CURVE('',#204,#5176,#10243,.T.);
#10243 = LINE('',#10244,#10245);
#10244 = CARTESIAN_POINT('',(41.577665,-159.295,0.));
#10245 = VECTOR('',#10246,1.);
#10246 = DIRECTION('',(0.,0.,1.));
#10247 = ORIENTED_EDGE('',*,*,#211,.F.);
#10248 = PLANE('',#10249);
#10249 = AXIS2_PLACEMENT_3D('',#10250,#10251,#10252);
#10250 = CARTESIAN_POINT('',(121.797335,-159.295,0.));
#10251 = DIRECTION('',(0.,-1.,0.));
#10252 = DIRECTION('',(-1.,0.,0.));
#10253 = ADVANCED_FACE('',(#10254),#10265,.T.);
#10254 = FACE_BOUND('',#10255,.T.);
#10255 = EDGE_LOOP('',(#10256,#10262,#10263,#10264));
#10256 = ORIENTED_EDGE('',*,*,#10257,.T.);
#10257 = EDGE_CURVE('',#187,#5159,#10258,.T.);
#10258 = LINE('',#10259,#10260);
#10259 = CARTESIAN_POINT('',(35.5375,-154.295,0.));
#10260 = VECTOR('',#10261,1.);
#10261 = DIRECTION('',(0.,0.,1.));
#10262 = ORIENTED_EDGE('',*,*,#5158,.T.);
#10263 = ORIENTED_EDGE('',*,*,#10223,.F.);
#10264 = ORIENTED_EDGE('',*,*,#186,.F.);
#10265 = PLANE('',#10266);
#10266 = AXIS2_PLACEMENT_3D('',#10267,#10268,#10269);
#10267 = CARTESIAN_POINT('',(35.5375,-154.295,0.));
#10268 = DIRECTION('',(-1.,0.,0.));
#10269 = DIRECTION('',(0.,1.,0.));
#10270 = ADVANCED_FACE('',(#10271),#10282,.T.);
#10271 = FACE_BOUND('',#10272,.T.);
#10272 = EDGE_LOOP('',(#10273,#10274,#10275,#10281));
#10273 = ORIENTED_EDGE('',*,*,#10242,.T.);
#10274 = ORIENTED_EDGE('',*,*,#5175,.T.);
#10275 = ORIENTED_EDGE('',*,*,#10276,.F.);
#10276 = EDGE_CURVE('',#195,#5167,#10277,.T.);
#10277 = LINE('',#10278,#10279);
#10278 = CARTESIAN_POINT('',(40.5375,-159.295,0.));
#10279 = VECTOR('',#10280,1.);
#10280 = DIRECTION('',(0.,0.,1.));
#10281 = ORIENTED_EDGE('',*,*,#203,.F.);
#10282 = PLANE('',#10283);
#10283 = AXIS2_PLACEMENT_3D('',#10284,#10285,#10286);
#10284 = CARTESIAN_POINT('',(41.577665,-159.295,0.));
#10285 = DIRECTION('',(0.,-1.,0.));
#10286 = DIRECTION('',(-1.,0.,0.));
#10287 = ADVANCED_FACE('',(#10288),#10294,.T.);
#10288 = FACE_BOUND('',#10289,.T.);
#10289 = EDGE_LOOP('',(#10290,#10291,#10292,#10293));
#10290 = ORIENTED_EDGE('',*,*,#10276,.T.);
#10291 = ORIENTED_EDGE('',*,*,#5166,.T.);
#10292 = ORIENTED_EDGE('',*,*,#10257,.F.);
#10293 = ORIENTED_EDGE('',*,*,#194,.F.);
#10294 = CYLINDRICAL_SURFACE('',#10295,4.999999678834);
#10295 = AXIS2_PLACEMENT_3D('',#10296,#10297,#10298);
#10296 = CARTESIAN_POINT('',(40.537499678834,-154.2950003211,0.));
#10297 = DIRECTION('',(0.,0.,-1.));
#10298 = DIRECTION('',(6.42331470194E-08,-1.,0.));
#10299 = ADVANCED_FACE('',(#10300),#10311,.F.);
#10300 = FACE_BOUND('',#10301,.T.);
#10301 = EDGE_LOOP('',(#10302,#10303,#10309,#10310));
#10302 = ORIENTED_EDGE('',*,*,#253,.T.);
#10303 = ORIENTED_EDGE('',*,*,#10304,.T.);
#10304 = EDGE_CURVE('',#254,#5226,#10305,.T.);
#10305 = LINE('',#10306,#10307);
#10306 = CARTESIAN_POINT('',(40.5375,-155.395,-4.6E-02));
#10307 = VECTOR('',#10308,1.);
#10308 = DIRECTION('',(0.,0.,1.));
#10309 = ORIENTED_EDGE('',*,*,#5225,.F.);
#10310 = ORIENTED_EDGE('',*,*,#10304,.F.);
#10311 = CYLINDRICAL_SURFACE('',#10312,1.1);
#10312 = AXIS2_PLACEMENT_3D('',#10313,#10314,#10315);
#10313 = CARTESIAN_POINT('',(40.5375,-154.295,-4.6E-02));
#10314 = DIRECTION('',(-0.,-0.,-1.));
#10315 = DIRECTION('',(-0.,-1.,0.));
#10316 = ADVANCED_FACE('',(#10317),#10328,.F.);
#10317 = FACE_BOUND('',#10318,.T.);
#10318 = EDGE_LOOP('',(#10319,#10320,#10326,#10327));
#10319 = ORIENTED_EDGE('',*,*,#264,.T.);
#10320 = ORIENTED_EDGE('',*,*,#10321,.T.);
#10321 = EDGE_CURVE('',#265,#5237,#10322,.T.);
#10322 = LINE('',#10323,#10324);
#10323 = CARTESIAN_POINT('',(48.0325,-145.595,-4.6E-02));
#10324 = VECTOR('',#10325,1.);
#10325 = DIRECTION('',(0.,0.,1.));
#10326 = ORIENTED_EDGE('',*,*,#5236,.F.);
#10327 = ORIENTED_EDGE('',*,*,#10321,.F.);
#10328 = CYLINDRICAL_SURFACE('',#10329,0.875);
#10329 = AXIS2_PLACEMENT_3D('',#10330,#10331,#10332);
#10330 = CARTESIAN_POINT('',(48.0325,-144.72,-4.6E-02));
#10331 = DIRECTION('',(-0.,-0.,-1.));
#10332 = DIRECTION('',(-0.,-1.,0.));
#10333 = ADVANCED_FACE('',(#10334),#10350,.F.);
#10334 = FACE_BOUND('',#10335,.T.);
#10335 = EDGE_LOOP('',(#10336,#10342,#10343,#10349));
#10336 = ORIENTED_EDGE('',*,*,#10337,.T.);
#10337 = EDGE_CURVE('',#276,#5248,#10338,.T.);
#10338 = LINE('',#10339,#10340);
#10339 = CARTESIAN_POINT('',(54.856434,-148.943345,0.));
#10340 = VECTOR('',#10341,1.);
#10341 = DIRECTION('',(0.,0.,1.));
#10342 = ORIENTED_EDGE('',*,*,#5247,.T.);
#10343 = ORIENTED_EDGE('',*,*,#10344,.F.);
#10344 = EDGE_CURVE('',#278,#5250,#10345,.T.);
#10345 = LINE('',#10346,#10347);
#10346 = CARTESIAN_POINT('',(54.169155,-148.256066,0.));
#10347 = VECTOR('',#10348,1.);
#10348 = DIRECTION('',(0.,0.,1.));
#10349 = ORIENTED_EDGE('',*,*,#275,.F.);
#10350 = CYLINDRICAL_SURFACE('',#10351,0.499999603944);
#10351 = AXIS2_PLACEMENT_3D('',#10352,#10353,#10354);
#10352 = CARTESIAN_POINT('',(54.42965788946,-148.6828421105,0.));
#10353 = DIRECTION('',(-0.,-0.,-1.));
#10354 = DIRECTION('',(0.853552897188,-0.521006191616,0.));
#10355 = ADVANCED_FACE('',(#10356),#10367,.T.);
#10356 = FACE_BOUND('',#10357,.T.);
#10357 = EDGE_LOOP('',(#10358,#10364,#10365,#10366));
#10358 = ORIENTED_EDGE('',*,*,#10359,.T.);
#10359 = EDGE_CURVE('',#287,#5259,#10360,.T.);
#10360 = LINE('',#10361,#10362);
#10361 = CARTESIAN_POINT('',(54.8125,-149.099647,0.));
#10362 = VECTOR('',#10363,1.);
#10363 = DIRECTION('',(0.,0.,1.));
#10364 = ORIENTED_EDGE('',*,*,#5258,.T.);
#10365 = ORIENTED_EDGE('',*,*,#10337,.F.);
#10366 = ORIENTED_EDGE('',*,*,#286,.F.);
#10367 = CYLINDRICAL_SURFACE('',#10368,0.299683785035);
#10368 = AXIS2_PLACEMENT_3D('',#10369,#10370,#10371);
#10369 = CARTESIAN_POINT('',(55.112183771747,-149.0995577564,0.));
#10370 = DIRECTION('',(0.,0.,-1.));
#10371 = DIRECTION('',(-0.99999995566,-2.977925315492E-04,-0.));
#10372 = ADVANCED_FACE('',(#10373),#10384,.T.);
#10373 = FACE_BOUND('',#10374,.T.);
#10374 = EDGE_LOOP('',(#10375,#10376,#10377,#10383));
#10375 = ORIENTED_EDGE('',*,*,#10344,.T.);
#10376 = ORIENTED_EDGE('',*,*,#5412,.T.);
#10377 = ORIENTED_EDGE('',*,*,#10378,.F.);
#10378 = EDGE_CURVE('',#433,#5405,#10379,.T.);
#10379 = LINE('',#10380,#10381);
#10380 = CARTESIAN_POINT('',(54.012853,-148.3,0.));
#10381 = VECTOR('',#10382,1.);
#10382 = DIRECTION('',(0.,0.,1.));
#10383 = ORIENTED_EDGE('',*,*,#440,.F.);
#10384 = CYLINDRICAL_SURFACE('',#10385,0.299966762339);
#10385 = AXIS2_PLACEMENT_3D('',#10386,#10387,#10388);
#10386 = CARTESIAN_POINT('',(54.012862699494,-148.0000332378,0.));
#10387 = DIRECTION('',(0.,0.,-1.));
#10388 = DIRECTION('',(0.521032061311,-0.853537105864,0.));
#10389 = ADVANCED_FACE('',(#10390),#10401,.T.);
#10390 = FACE_BOUND('',#10391,.T.);
#10391 = EDGE_LOOP('',(#10392,#10398,#10399,#10400));
#10392 = ORIENTED_EDGE('',*,*,#10393,.T.);
#10393 = EDGE_CURVE('',#296,#5268,#10394,.T.);
#10394 = LINE('',#10395,#10396);
#10395 = CARTESIAN_POINT('',(54.8125,-149.8,0.));
#10396 = VECTOR('',#10397,1.);
#10397 = DIRECTION('',(0.,0.,1.));
#10398 = ORIENTED_EDGE('',*,*,#5267,.T.);
#10399 = ORIENTED_EDGE('',*,*,#10359,.F.);
#10400 = ORIENTED_EDGE('',*,*,#295,.F.);
#10401 = PLANE('',#10402);
#10402 = AXIS2_PLACEMENT_3D('',#10403,#10404,#10405);
#10403 = CARTESIAN_POINT('',(54.8125,-149.8,0.));
#10404 = DIRECTION('',(-1.,0.,0.));
#10405 = DIRECTION('',(0.,1.,0.));
#10406 = ADVANCED_FACE('',(#10407),#10418,.T.);
#10407 = FACE_BOUND('',#10408,.T.);
#10408 = EDGE_LOOP('',(#10409,#10410,#10411,#10417));
#10409 = ORIENTED_EDGE('',*,*,#10378,.T.);
#10410 = ORIENTED_EDGE('',*,*,#5404,.T.);
#10411 = ORIENTED_EDGE('',*,*,#10412,.F.);
#10412 = EDGE_CURVE('',#425,#5397,#10413,.T.);
#10413 = LINE('',#10414,#10415);
#10414 = CARTESIAN_POINT('',(53.1125,-148.3,0.));
#10415 = VECTOR('',#10416,1.);
#10416 = DIRECTION('',(0.,0.,1.));
#10417 = ORIENTED_EDGE('',*,*,#432,.F.);
#10418 = PLANE('',#10419);
#10419 = AXIS2_PLACEMENT_3D('',#10420,#10421,#10422);
#10420 = CARTESIAN_POINT('',(54.012853,-148.3,0.));
#10421 = DIRECTION('',(0.,-1.,0.));
#10422 = DIRECTION('',(-1.,0.,0.));
#10423 = ADVANCED_FACE('',(#10424),#10435,.T.);
#10424 = FACE_BOUND('',#10425,.T.);
#10425 = EDGE_LOOP('',(#10426,#10432,#10433,#10434));
#10426 = ORIENTED_EDGE('',*,*,#10427,.T.);
#10427 = EDGE_CURVE('',#304,#5276,#10428,.T.);
#10428 = LINE('',#10429,#10430);
#10429 = CARTESIAN_POINT('',(54.8125,-150.500353,0.));
#10430 = VECTOR('',#10431,1.);
#10431 = DIRECTION('',(0.,0.,1.));
#10432 = ORIENTED_EDGE('',*,*,#5275,.T.);
#10433 = ORIENTED_EDGE('',*,*,#10393,.F.);
#10434 = ORIENTED_EDGE('',*,*,#303,.F.);
#10435 = PLANE('',#10436);
#10436 = AXIS2_PLACEMENT_3D('',#10437,#10438,#10439);
#10437 = CARTESIAN_POINT('',(54.8125,-150.500353,0.));
#10438 = DIRECTION('',(-1.,0.,0.));
#10439 = DIRECTION('',(0.,1.,0.));
#10440 = ADVANCED_FACE('',(#10441),#10452,.T.);
#10441 = FACE_BOUND('',#10442,.T.);
#10442 = EDGE_LOOP('',(#10443,#10444,#10445,#10451));
#10443 = ORIENTED_EDGE('',*,*,#10412,.T.);
#10444 = ORIENTED_EDGE('',*,*,#5396,.T.);
#10445 = ORIENTED_EDGE('',*,*,#10446,.F.);
#10446 = EDGE_CURVE('',#416,#5388,#10447,.T.);
#10447 = LINE('',#10448,#10449);
#10448 = CARTESIAN_POINT('',(52.212147,-148.3,0.));
#10449 = VECTOR('',#10450,1.);
#10450 = DIRECTION('',(0.,0.,1.));
#10451 = ORIENTED_EDGE('',*,*,#424,.F.);
#10452 = PLANE('',#10453);
#10453 = AXIS2_PLACEMENT_3D('',#10454,#10455,#10456);
#10454 = CARTESIAN_POINT('',(53.1125,-148.3,0.));
#10455 = DIRECTION('',(0.,-1.,0.));
#10456 = DIRECTION('',(-1.,0.,0.));
#10457 = ADVANCED_FACE('',(#10458),#10469,.T.);
#10458 = FACE_BOUND('',#10459,.T.);
#10459 = EDGE_LOOP('',(#10460,#10466,#10467,#10468));
#10460 = ORIENTED_EDGE('',*,*,#10461,.T.);
#10461 = EDGE_CURVE('',#312,#5284,#10462,.T.);
#10462 = LINE('',#10463,#10464);
#10463 = CARTESIAN_POINT('',(54.856434,-150.656655,0.));
#10464 = VECTOR('',#10465,1.);
#10465 = DIRECTION('',(0.,0.,1.));
#10466 = ORIENTED_EDGE('',*,*,#5283,.T.);
#10467 = ORIENTED_EDGE('',*,*,#10427,.F.);
#10468 = ORIENTED_EDGE('',*,*,#311,.F.);
#10469 = CYLINDRICAL_SURFACE('',#10470,0.299966762338);
#10470 = AXIS2_PLACEMENT_3D('',#10471,#10472,#10473);
#10471 = CARTESIAN_POINT('',(55.112466762181,-150.5003626994,0.));
#10472 = DIRECTION('',(0.,0.,-1.));
#10473 = DIRECTION('',(-0.853537105863,-0.521032061311,-0.));
#10474 = ADVANCED_FACE('',(#10475),#10486,.T.);
#10475 = FACE_BOUND('',#10476,.T.);
#10476 = EDGE_LOOP('',(#10477,#10478,#10479,#10485));
#10477 = ORIENTED_EDGE('',*,*,#10446,.T.);
#10478 = ORIENTED_EDGE('',*,*,#5387,.T.);
#10479 = ORIENTED_EDGE('',*,*,#10480,.F.);
#10480 = EDGE_CURVE('',#407,#5379,#10481,.T.);
#10481 = LINE('',#10482,#10483);
#10482 = CARTESIAN_POINT('',(52.055845,-148.256066,0.));
#10483 = VECTOR('',#10484,1.);
#10484 = DIRECTION('',(0.,0.,1.));
#10485 = ORIENTED_EDGE('',*,*,#415,.F.);
#10486 = CYLINDRICAL_SURFACE('',#10487,0.299991600078);
#10487 = AXIS2_PLACEMENT_3D('',#10488,#10489,#10490);
#10488 = CARTESIAN_POINT('',(52.212144282039,-148.0000083999,0.));
#10489 = DIRECTION('',(0.,0.,-1.));
#10490 = DIRECTION('',(9.060123027678E-06,-0.999999999959,0.));
#10491 = ADVANCED_FACE('',(#10492),#10503,.F.);
#10492 = FACE_BOUND('',#10493,.T.);
#10493 = EDGE_LOOP('',(#10494,#10500,#10501,#10502));
#10494 = ORIENTED_EDGE('',*,*,#10495,.T.);
#10495 = EDGE_CURVE('',#321,#5293,#10496,.T.);
#10496 = LINE('',#10497,#10498);
#10497 = CARTESIAN_POINT('',(54.169155,-151.343934,0.));
#10498 = VECTOR('',#10499,1.);
#10499 = DIRECTION('',(0.,0.,1.));
#10500 = ORIENTED_EDGE('',*,*,#5292,.T.);
#10501 = ORIENTED_EDGE('',*,*,#10461,.F.);
#10502 = ORIENTED_EDGE('',*,*,#320,.F.);
#10503 = CYLINDRICAL_SURFACE('',#10504,0.499998734392);
#10504 = AXIS2_PLACEMENT_3D('',#10505,#10506,#10507);
#10505 = CARTESIAN_POINT('',(54.429660504327,-150.9171605043,0.));
#10506 = DIRECTION('',(-0.,-0.,-1.));
#10507 = DIRECTION('',(-0.521012327448,-0.853549151864,0.));
#10508 = ADVANCED_FACE('',(#10509),#10520,.F.);
#10509 = FACE_BOUND('',#10510,.T.);
#10510 = EDGE_LOOP('',(#10511,#10512,#10513,#10519));
#10511 = ORIENTED_EDGE('',*,*,#10480,.T.);
#10512 = ORIENTED_EDGE('',*,*,#5378,.T.);
#10513 = ORIENTED_EDGE('',*,*,#10514,.F.);
#10514 = EDGE_CURVE('',#398,#5370,#10515,.T.);
#10515 = LINE('',#10516,#10517);
#10516 = CARTESIAN_POINT('',(51.368566,-148.943345,0.));
#10517 = VECTOR('',#10518,1.);
#10518 = DIRECTION('',(0.,0.,1.));
#10519 = ORIENTED_EDGE('',*,*,#406,.F.);
#10520 = CYLINDRICAL_SURFACE('',#10521,0.499999603944);
#10521 = AXIS2_PLACEMENT_3D('',#10522,#10523,#10524);
#10522 = CARTESIAN_POINT('',(51.79534211054,-148.6828421105,0.));
#10523 = DIRECTION('',(-0.,-0.,-1.));
#10524 = DIRECTION('',(0.521006191616,0.853552897188,-0.));
#10525 = ADVANCED_FACE('',(#10526),#10537,.T.);
#10526 = FACE_BOUND('',#10527,.T.);
#10527 = EDGE_LOOP('',(#10528,#10534,#10535,#10536));
#10528 = ORIENTED_EDGE('',*,*,#10529,.T.);
#10529 = EDGE_CURVE('',#330,#5302,#10530,.T.);
#10530 = LINE('',#10531,#10532);
#10531 = CARTESIAN_POINT('',(54.012853,-151.3,0.));
#10532 = VECTOR('',#10533,1.);
#10533 = DIRECTION('',(0.,0.,1.));
#10534 = ORIENTED_EDGE('',*,*,#5301,.T.);
#10535 = ORIENTED_EDGE('',*,*,#10495,.F.);
#10536 = ORIENTED_EDGE('',*,*,#329,.F.);
#10537 = CYLINDRICAL_SURFACE('',#10538,0.300023425677);
#10538 = AXIS2_PLACEMENT_3D('',#10539,#10540,#10541);
#10539 = CARTESIAN_POINT('',(54.012846772307,-151.6000234256,0.));
#10540 = DIRECTION('',(0.,0.,-1.));
#10541 = DIRECTION('',(2.075735522261E-05,0.999999999785,0.));
#10542 = ADVANCED_FACE('',(#10543),#10554,.T.);
#10543 = FACE_BOUND('',#10544,.T.);
#10544 = EDGE_LOOP('',(#10545,#10546,#10547,#10553));
#10545 = ORIENTED_EDGE('',*,*,#10514,.T.);
#10546 = ORIENTED_EDGE('',*,*,#5369,.T.);
#10547 = ORIENTED_EDGE('',*,*,#10548,.F.);
#10548 = EDGE_CURVE('',#390,#5362,#10549,.T.);
#10549 = LINE('',#10550,#10551);
#10550 = CARTESIAN_POINT('',(51.4125,-149.099647,0.));
#10551 = VECTOR('',#10552,1.);
#10552 = DIRECTION('',(0.,0.,1.));
#10553 = ORIENTED_EDGE('',*,*,#397,.F.);
#10554 = CYLINDRICAL_SURFACE('',#10555,0.299991600078);
#10555 = AXIS2_PLACEMENT_3D('',#10556,#10557,#10558);
#10556 = CARTESIAN_POINT('',(51.112508399935,-149.099644282,0.));
#10557 = DIRECTION('',(0.,0.,-1.));
#10558 = DIRECTION('',(0.853549232709,0.521012195004,0.));
#10559 = ADVANCED_FACE('',(#10560),#10571,.T.);
#10560 = FACE_BOUND('',#10561,.T.);
#10561 = EDGE_LOOP('',(#10562,#10568,#10569,#10570));
#10562 = ORIENTED_EDGE('',*,*,#10563,.T.);
#10563 = EDGE_CURVE('',#339,#5311,#10564,.T.);
#10564 = LINE('',#10565,#10566);
#10565 = CARTESIAN_POINT('',(53.1125,-151.3,0.));
#10566 = VECTOR('',#10567,1.);
#10567 = DIRECTION('',(0.,0.,1.));
#10568 = ORIENTED_EDGE('',*,*,#5310,.T.);
#10569 = ORIENTED_EDGE('',*,*,#10529,.F.);
#10570 = ORIENTED_EDGE('',*,*,#338,.F.);
#10571 = PLANE('',#10572);
#10572 = AXIS2_PLACEMENT_3D('',#10573,#10574,#10575);
#10573 = CARTESIAN_POINT('',(53.1125,-151.3,0.));
#10574 = DIRECTION('',(0.,1.,0.));
#10575 = DIRECTION('',(1.,0.,0.));
#10576 = ADVANCED_FACE('',(#10577),#10588,.T.);
#10577 = FACE_BOUND('',#10578,.T.);
#10578 = EDGE_LOOP('',(#10579,#10580,#10581,#10587));
#10579 = ORIENTED_EDGE('',*,*,#10548,.T.);
#10580 = ORIENTED_EDGE('',*,*,#5361,.T.);
#10581 = ORIENTED_EDGE('',*,*,#10582,.F.);
#10582 = EDGE_CURVE('',#382,#5354,#10583,.T.);
#10583 = LINE('',#10584,#10585);
#10584 = CARTESIAN_POINT('',(51.4125,-149.8,0.));
#10585 = VECTOR('',#10586,1.);
#10586 = DIRECTION('',(0.,0.,1.));
#10587 = ORIENTED_EDGE('',*,*,#389,.F.);
#10588 = PLANE('',#10589);
#10589 = AXIS2_PLACEMENT_3D('',#10590,#10591,#10592);
#10590 = CARTESIAN_POINT('',(51.4125,-149.099647,0.));
#10591 = DIRECTION('',(1.,0.,-0.));
#10592 = DIRECTION('',(0.,-1.,0.));
#10593 = ADVANCED_FACE('',(#10594),#10605,.T.);
#10594 = FACE_BOUND('',#10595,.T.);
#10595 = EDGE_LOOP('',(#10596,#10602,#10603,#10604));
#10596 = ORIENTED_EDGE('',*,*,#10597,.T.);
#10597 = EDGE_CURVE('',#347,#5319,#10598,.T.);
#10598 = LINE('',#10599,#10600);
#10599 = CARTESIAN_POINT('',(52.212147,-151.3,0.));
#10600 = VECTOR('',#10601,1.);
#10601 = DIRECTION('',(0.,0.,1.));
#10602 = ORIENTED_EDGE('',*,*,#5318,.T.);
#10603 = ORIENTED_EDGE('',*,*,#10563,.F.);
#10604 = ORIENTED_EDGE('',*,*,#346,.F.);
#10605 = PLANE('',#10606);
#10606 = AXIS2_PLACEMENT_3D('',#10607,#10608,#10609);
#10607 = CARTESIAN_POINT('',(52.212147,-151.3,0.));
#10608 = DIRECTION('',(0.,1.,0.));
#10609 = DIRECTION('',(1.,0.,0.));
#10610 = ADVANCED_FACE('',(#10611),#10622,.T.);
#10611 = FACE_BOUND('',#10612,.T.);
#10612 = EDGE_LOOP('',(#10613,#10614,#10615,#10621));
#10613 = ORIENTED_EDGE('',*,*,#10582,.T.);
#10614 = ORIENTED_EDGE('',*,*,#5353,.T.);
#10615 = ORIENTED_EDGE('',*,*,#10616,.F.);
#10616 = EDGE_CURVE('',#373,#5345,#10617,.T.);
#10617 = LINE('',#10618,#10619);
#10618 = CARTESIAN_POINT('',(51.4125,-150.500353,0.));
#10619 = VECTOR('',#10620,1.);
#10620 = DIRECTION('',(0.,0.,1.));
#10621 = ORIENTED_EDGE('',*,*,#381,.F.);
#10622 = PLANE('',#10623);
#10623 = AXIS2_PLACEMENT_3D('',#10624,#10625,#10626);
#10624 = CARTESIAN_POINT('',(51.4125,-149.8,0.));
#10625 = DIRECTION('',(1.,0.,-0.));
#10626 = DIRECTION('',(0.,-1.,0.));
#10627 = ADVANCED_FACE('',(#10628),#10639,.T.);
#10628 = FACE_BOUND('',#10629,.T.);
#10629 = EDGE_LOOP('',(#10630,#10636,#10637,#10638));
#10630 = ORIENTED_EDGE('',*,*,#10631,.T.);
#10631 = EDGE_CURVE('',#355,#5327,#10632,.T.);
#10632 = LINE('',#10633,#10634);
#10633 = CARTESIAN_POINT('',(52.055845,-151.343934,0.));
#10634 = VECTOR('',#10635,1.);
#10635 = DIRECTION('',(0.,0.,1.));
#10636 = ORIENTED_EDGE('',*,*,#5326,.T.);
#10637 = ORIENTED_EDGE('',*,*,#10597,.F.);
#10638 = ORIENTED_EDGE('',*,*,#354,.F.);
#10639 = CYLINDRICAL_SURFACE('',#10640,0.299991600078);
#10640 = AXIS2_PLACEMENT_3D('',#10641,#10642,#10643);
#10641 = CARTESIAN_POINT('',(52.212144282039,-151.5999916,0.));
#10642 = DIRECTION('',(0.,0.,-1.));
#10643 = DIRECTION('',(-0.521012195003,0.853549232709,0.));
#10644 = ADVANCED_FACE('',(#10645),#10656,.T.);
#10645 = FACE_BOUND('',#10646,.T.);
#10646 = EDGE_LOOP('',(#10647,#10648,#10649,#10655));
#10647 = ORIENTED_EDGE('',*,*,#10616,.T.);
#10648 = ORIENTED_EDGE('',*,*,#5344,.T.);
#10649 = ORIENTED_EDGE('',*,*,#10650,.F.);
#10650 = EDGE_CURVE('',#364,#5336,#10651,.T.);
#10651 = LINE('',#10652,#10653);
#10652 = CARTESIAN_POINT('',(51.368566,-150.656655,0.));
#10653 = VECTOR('',#10654,1.);
#10654 = DIRECTION('',(0.,0.,1.));
#10655 = ORIENTED_EDGE('',*,*,#372,.F.);
#10656 = CYLINDRICAL_SURFACE('',#10657,0.299991600078);
#10657 = AXIS2_PLACEMENT_3D('',#10658,#10659,#10660);
#10658 = CARTESIAN_POINT('',(51.112508399935,-150.5003557179,0.));
#10659 = DIRECTION('',(0.,0.,-1.));
#10660 = DIRECTION('',(0.999999999959,9.060123477714E-06,0.));
#10661 = ADVANCED_FACE('',(#10662),#10668,.F.);
#10662 = FACE_BOUND('',#10663,.T.);
#10663 = EDGE_LOOP('',(#10664,#10665,#10666,#10667));
#10664 = ORIENTED_EDGE('',*,*,#10650,.T.);
#10665 = ORIENTED_EDGE('',*,*,#5335,.T.);
#10666 = ORIENTED_EDGE('',*,*,#10631,.F.);
#10667 = ORIENTED_EDGE('',*,*,#363,.F.);
#10668 = CYLINDRICAL_SURFACE('',#10669,0.499999603944);
#10669 = AXIS2_PLACEMENT_3D('',#10670,#10671,#10672);
#10670 = CARTESIAN_POINT('',(51.79534211054,-150.9171578894,0.));
#10671 = DIRECTION('',(-0.,-0.,-1.));
#10672 = DIRECTION('',(-0.853552897188,0.521006191616,0.));
#10673 = ADVANCED_FACE('',(#10674),#10685,.F.);
#10674 = FACE_BOUND('',#10675,.T.);
#10675 = EDGE_LOOP('',(#10676,#10677,#10683,#10684));
#10676 = ORIENTED_EDGE('',*,*,#449,.T.);
#10677 = ORIENTED_EDGE('',*,*,#10678,.T.);
#10678 = EDGE_CURVE('',#450,#5422,#10679,.T.);
#10679 = LINE('',#10680,#10681);
#10680 = CARTESIAN_POINT('',(49.3025,-143.705,-4.6E-02));
#10681 = VECTOR('',#10682,1.);
#10682 = DIRECTION('',(0.,0.,1.));
#10683 = ORIENTED_EDGE('',*,*,#5421,.F.);
#10684 = ORIENTED_EDGE('',*,*,#10678,.F.);
#10685 = CYLINDRICAL_SURFACE('',#10686,1.525);
#10686 = AXIS2_PLACEMENT_3D('',#10687,#10688,#10689);
#10687 = CARTESIAN_POINT('',(49.3025,-142.18,-4.6E-02));
#10688 = DIRECTION('',(-0.,-0.,-1.));
#10689 = DIRECTION('',(-0.,-1.,0.));
#10690 = ADVANCED_FACE('',(#10691),#10702,.F.);
#10691 = FACE_BOUND('',#10692,.T.);
#10692 = EDGE_LOOP('',(#10693,#10694,#10700,#10701));
#10693 = ORIENTED_EDGE('',*,*,#460,.T.);
#10694 = ORIENTED_EDGE('',*,*,#10695,.T.);
#10695 = EDGE_CURVE('',#461,#5433,#10696,.T.);
#10696 = LINE('',#10697,#10698);
#10697 = CARTESIAN_POINT('',(53.1125,-146.72,-4.6E-02));
#10698 = VECTOR('',#10699,1.);
#10699 = DIRECTION('',(0.,0.,1.));
#10700 = ORIENTED_EDGE('',*,*,#5432,.F.);
#10701 = ORIENTED_EDGE('',*,*,#10695,.F.);
#10702 = CYLINDRICAL_SURFACE('',#10703,2.);
#10703 = AXIS2_PLACEMENT_3D('',#10704,#10705,#10706);
#10704 = CARTESIAN_POINT('',(53.1125,-144.72,-4.6E-02));
#10705 = DIRECTION('',(-0.,-0.,-1.));
#10706 = DIRECTION('',(-0.,-1.,0.));
#10707 = ADVANCED_FACE('',(#10708),#10719,.F.);
#10708 = FACE_BOUND('',#10709,.T.);
#10709 = EDGE_LOOP('',(#10710,#10711,#10717,#10718));
#10710 = ORIENTED_EDGE('',*,*,#471,.T.);
#10711 = ORIENTED_EDGE('',*,*,#10712,.T.);
#10712 = EDGE_CURVE('',#472,#5444,#10713,.T.);
#10713 = LINE('',#10714,#10715);
#10714 = CARTESIAN_POINT('',(58.1925,-145.595,-4.6E-02));
#10715 = VECTOR('',#10716,1.);
#10716 = DIRECTION('',(0.,0.,1.));
#10717 = ORIENTED_EDGE('',*,*,#5443,.F.);
#10718 = ORIENTED_EDGE('',*,*,#10712,.F.);
#10719 = CYLINDRICAL_SURFACE('',#10720,0.875);
#10720 = AXIS2_PLACEMENT_3D('',#10721,#10722,#10723);
#10721 = CARTESIAN_POINT('',(58.1925,-144.72,-4.6E-02));
#10722 = DIRECTION('',(-0.,-0.,-1.));
#10723 = DIRECTION('',(-0.,-1.,0.));
#10724 = ADVANCED_FACE('',(#10725),#10736,.F.);
#10725 = FACE_BOUND('',#10726,.T.);
#10726 = EDGE_LOOP('',(#10727,#10728,#10734,#10735));
#10727 = ORIENTED_EDGE('',*,*,#482,.T.);
#10728 = ORIENTED_EDGE('',*,*,#10729,.T.);
#10729 = EDGE_CURVE('',#483,#5455,#10730,.T.);
#10730 = LINE('',#10731,#10732);
#10731 = CARTESIAN_POINT('',(55.6525,-141.165,-4.6E-02));
#10732 = VECTOR('',#10733,1.);
#10733 = DIRECTION('',(0.,0.,1.));
#10734 = ORIENTED_EDGE('',*,*,#5454,.F.);
#10735 = ORIENTED_EDGE('',*,*,#10729,.F.);
#10736 = CYLINDRICAL_SURFACE('',#10737,1.525);
#10737 = AXIS2_PLACEMENT_3D('',#10738,#10739,#10740);
#10738 = CARTESIAN_POINT('',(55.6525,-139.64,-4.6E-02));
#10739 = DIRECTION('',(-0.,-0.,-1.));
#10740 = DIRECTION('',(-0.,-1.,0.));
#10741 = ADVANCED_FACE('',(#10742),#10758,.F.);
#10742 = FACE_BOUND('',#10743,.T.);
#10743 = EDGE_LOOP('',(#10744,#10750,#10751,#10757));
#10744 = ORIENTED_EDGE('',*,*,#10745,.T.);
#10745 = EDGE_CURVE('',#494,#5466,#10746,.T.);
#10746 = LINE('',#10747,#10748);
#10747 = CARTESIAN_POINT('',(54.856434,-129.893345,0.));
#10748 = VECTOR('',#10749,1.);
#10749 = DIRECTION('',(0.,0.,1.));
#10750 = ORIENTED_EDGE('',*,*,#5465,.T.);
#10751 = ORIENTED_EDGE('',*,*,#10752,.F.);
#10752 = EDGE_CURVE('',#496,#5468,#10753,.T.);
#10753 = LINE('',#10754,#10755);
#10754 = CARTESIAN_POINT('',(54.169155,-129.206066,0.));
#10755 = VECTOR('',#10756,1.);
#10756 = DIRECTION('',(0.,0.,1.));
#10757 = ORIENTED_EDGE('',*,*,#493,.F.);
#10758 = CYLINDRICAL_SURFACE('',#10759,0.499999603944);
#10759 = AXIS2_PLACEMENT_3D('',#10760,#10761,#10762);
#10760 = CARTESIAN_POINT('',(54.42965788946,-129.6328421105,0.));
#10761 = DIRECTION('',(-0.,-0.,-1.));
#10762 = DIRECTION('',(0.853552897188,-0.521006191616,0.));
#10763 = ADVANCED_FACE('',(#10764),#10775,.T.);
#10764 = FACE_BOUND('',#10765,.T.);
#10765 = EDGE_LOOP('',(#10766,#10772,#10773,#10774));
#10766 = ORIENTED_EDGE('',*,*,#10767,.T.);
#10767 = EDGE_CURVE('',#505,#5477,#10768,.T.);
#10768 = LINE('',#10769,#10770);
#10769 = CARTESIAN_POINT('',(54.8125,-130.049647,0.));
#10770 = VECTOR('',#10771,1.);
#10771 = DIRECTION('',(0.,0.,1.));
#10772 = ORIENTED_EDGE('',*,*,#5476,.T.);
#10773 = ORIENTED_EDGE('',*,*,#10745,.F.);
#10774 = ORIENTED_EDGE('',*,*,#504,.F.);
#10775 = CYLINDRICAL_SURFACE('',#10776,0.299683785035);
#10776 = AXIS2_PLACEMENT_3D('',#10777,#10778,#10779);
#10777 = CARTESIAN_POINT('',(55.112183771747,-130.0495577564,0.));
#10778 = DIRECTION('',(0.,0.,-1.));
#10779 = DIRECTION('',(-0.99999995566,-2.977925316442E-04,-0.));
#10780 = ADVANCED_FACE('',(#10781),#10792,.T.);
#10781 = FACE_BOUND('',#10782,.T.);
#10782 = EDGE_LOOP('',(#10783,#10784,#10785,#10791));
#10783 = ORIENTED_EDGE('',*,*,#10752,.T.);
#10784 = ORIENTED_EDGE('',*,*,#5630,.T.);
#10785 = ORIENTED_EDGE('',*,*,#10786,.F.);
#10786 = EDGE_CURVE('',#651,#5623,#10787,.T.);
#10787 = LINE('',#10788,#10789);
#10788 = CARTESIAN_POINT('',(54.012853,-129.25,0.));
#10789 = VECTOR('',#10790,1.);
#10790 = DIRECTION('',(0.,0.,1.));
#10791 = ORIENTED_EDGE('',*,*,#658,.F.);
#10792 = CYLINDRICAL_SURFACE('',#10793,0.299966762338);
#10793 = AXIS2_PLACEMENT_3D('',#10794,#10795,#10796);
#10794 = CARTESIAN_POINT('',(54.012862699494,-128.9500332378,0.));
#10795 = DIRECTION('',(0.,0.,-1.));
#10796 = DIRECTION('',(0.521032061311,-0.853537105863,0.));
#10797 = ADVANCED_FACE('',(#10798),#10809,.T.);
#10798 = FACE_BOUND('',#10799,.T.);
#10799 = EDGE_LOOP('',(#10800,#10806,#10807,#10808));
#10800 = ORIENTED_EDGE('',*,*,#10801,.T.);
#10801 = EDGE_CURVE('',#514,#5486,#10802,.T.);
#10802 = LINE('',#10803,#10804);
#10803 = CARTESIAN_POINT('',(54.8125,-130.75,0.));
#10804 = VECTOR('',#10805,1.);
#10805 = DIRECTION('',(0.,0.,1.));
#10806 = ORIENTED_EDGE('',*,*,#5485,.T.);
#10807 = ORIENTED_EDGE('',*,*,#10767,.F.);
#10808 = ORIENTED_EDGE('',*,*,#513,.F.);
#10809 = PLANE('',#10810);
#10810 = AXIS2_PLACEMENT_3D('',#10811,#10812,#10813);
#10811 = CARTESIAN_POINT('',(54.8125,-130.75,0.));
#10812 = DIRECTION('',(-1.,0.,0.));
#10813 = DIRECTION('',(0.,1.,0.));
#10814 = ADVANCED_FACE('',(#10815),#10826,.T.);
#10815 = FACE_BOUND('',#10816,.T.);
#10816 = EDGE_LOOP('',(#10817,#10818,#10819,#10825));
#10817 = ORIENTED_EDGE('',*,*,#10786,.T.);
#10818 = ORIENTED_EDGE('',*,*,#5622,.T.);
#10819 = ORIENTED_EDGE('',*,*,#10820,.F.);
#10820 = EDGE_CURVE('',#643,#5615,#10821,.T.);
#10821 = LINE('',#10822,#10823);
#10822 = CARTESIAN_POINT('',(53.1125,-129.25,0.));
#10823 = VECTOR('',#10824,1.);
#10824 = DIRECTION('',(0.,0.,1.));
#10825 = ORIENTED_EDGE('',*,*,#650,.F.);
#10826 = PLANE('',#10827);
#10827 = AXIS2_PLACEMENT_3D('',#10828,#10829,#10830);
#10828 = CARTESIAN_POINT('',(54.012853,-129.25,0.));
#10829 = DIRECTION('',(0.,-1.,0.));
#10830 = DIRECTION('',(-1.,0.,0.));
#10831 = ADVANCED_FACE('',(#10832),#10843,.T.);
#10832 = FACE_BOUND('',#10833,.T.);
#10833 = EDGE_LOOP('',(#10834,#10840,#10841,#10842));
#10834 = ORIENTED_EDGE('',*,*,#10835,.T.);
#10835 = EDGE_CURVE('',#522,#5494,#10836,.T.);
#10836 = LINE('',#10837,#10838);
#10837 = CARTESIAN_POINT('',(54.8125,-131.450353,0.));
#10838 = VECTOR('',#10839,1.);
#10839 = DIRECTION('',(0.,0.,1.));
#10840 = ORIENTED_EDGE('',*,*,#5493,.T.);
#10841 = ORIENTED_EDGE('',*,*,#10801,.F.);
#10842 = ORIENTED_EDGE('',*,*,#521,.F.);
#10843 = PLANE('',#10844);
#10844 = AXIS2_PLACEMENT_3D('',#10845,#10846,#10847);
#10845 = CARTESIAN_POINT('',(54.8125,-131.450353,0.));
#10846 = DIRECTION('',(-1.,0.,0.));
#10847 = DIRECTION('',(0.,1.,0.));
#10848 = ADVANCED_FACE('',(#10849),#10860,.T.);
#10849 = FACE_BOUND('',#10850,.T.);
#10850 = EDGE_LOOP('',(#10851,#10852,#10853,#10859));
#10851 = ORIENTED_EDGE('',*,*,#10820,.T.);
#10852 = ORIENTED_EDGE('',*,*,#5614,.T.);
#10853 = ORIENTED_EDGE('',*,*,#10854,.F.);
#10854 = EDGE_CURVE('',#634,#5606,#10855,.T.);
#10855 = LINE('',#10856,#10857);
#10856 = CARTESIAN_POINT('',(52.212147,-129.25,0.));
#10857 = VECTOR('',#10858,1.);
#10858 = DIRECTION('',(0.,0.,1.));
#10859 = ORIENTED_EDGE('',*,*,#642,.F.);
#10860 = PLANE('',#10861);
#10861 = AXIS2_PLACEMENT_3D('',#10862,#10863,#10864);
#10862 = CARTESIAN_POINT('',(53.1125,-129.25,0.));
#10863 = DIRECTION('',(0.,-1.,0.));
#10864 = DIRECTION('',(-1.,0.,0.));
#10865 = ADVANCED_FACE('',(#10866),#10877,.T.);
#10866 = FACE_BOUND('',#10867,.T.);
#10867 = EDGE_LOOP('',(#10868,#10874,#10875,#10876));
#10868 = ORIENTED_EDGE('',*,*,#10869,.T.);
#10869 = EDGE_CURVE('',#530,#5502,#10870,.T.);
#10870 = LINE('',#10871,#10872);
#10871 = CARTESIAN_POINT('',(54.856434,-131.606655,0.));
#10872 = VECTOR('',#10873,1.);
#10873 = DIRECTION('',(0.,0.,1.));
#10874 = ORIENTED_EDGE('',*,*,#5501,.T.);
#10875 = ORIENTED_EDGE('',*,*,#10835,.F.);
#10876 = ORIENTED_EDGE('',*,*,#529,.F.);
#10877 = CYLINDRICAL_SURFACE('',#10878,0.299966762338);
#10878 = AXIS2_PLACEMENT_3D('',#10879,#10880,#10881);
#10879 = CARTESIAN_POINT('',(55.112466762181,-131.4503626994,0.));
#10880 = DIRECTION('',(0.,0.,-1.));
#10881 = DIRECTION('',(-0.853537105863,-0.521032061311,-0.));
#10882 = ADVANCED_FACE('',(#10883),#10894,.T.);
#10883 = FACE_BOUND('',#10884,.T.);
#10884 = EDGE_LOOP('',(#10885,#10886,#10887,#10893));
#10885 = ORIENTED_EDGE('',*,*,#10854,.T.);
#10886 = ORIENTED_EDGE('',*,*,#5605,.T.);
#10887 = ORIENTED_EDGE('',*,*,#10888,.F.);
#10888 = EDGE_CURVE('',#625,#5597,#10889,.T.);
#10889 = LINE('',#10890,#10891);
#10890 = CARTESIAN_POINT('',(52.055845,-129.206066,0.));
#10891 = VECTOR('',#10892,1.);
#10892 = DIRECTION('',(0.,0.,1.));
#10893 = ORIENTED_EDGE('',*,*,#633,.F.);
#10894 = CYLINDRICAL_SURFACE('',#10895,0.299991600077);
#10895 = AXIS2_PLACEMENT_3D('',#10896,#10897,#10898);
#10896 = CARTESIAN_POINT('',(52.212144282039,-128.9500083999,0.));
#10897 = DIRECTION('',(0.,0.,-1.));
#10898 = DIRECTION('',(9.060123690891E-06,-0.999999999959,0.));
#10899 = ADVANCED_FACE('',(#10900),#10911,.F.);
#10900 = FACE_BOUND('',#10901,.T.);
#10901 = EDGE_LOOP('',(#10902,#10908,#10909,#10910));
#10902 = ORIENTED_EDGE('',*,*,#10903,.T.);
#10903 = EDGE_CURVE('',#539,#5511,#10904,.T.);
#10904 = LINE('',#10905,#10906);
#10905 = CARTESIAN_POINT('',(54.169155,-132.293934,0.));
#10906 = VECTOR('',#10907,1.);
#10907 = DIRECTION('',(0.,0.,1.));
#10908 = ORIENTED_EDGE('',*,*,#5510,.T.);
#10909 = ORIENTED_EDGE('',*,*,#10869,.F.);
#10910 = ORIENTED_EDGE('',*,*,#538,.F.);
#10911 = CYLINDRICAL_SURFACE('',#10912,0.499998734392);
#10912 = AXIS2_PLACEMENT_3D('',#10913,#10914,#10915);
#10913 = CARTESIAN_POINT('',(54.429660504327,-131.8671605043,0.));
#10914 = DIRECTION('',(-0.,-0.,-1.));
#10915 = DIRECTION('',(-0.521012327448,-0.853549151864,0.));
#10916 = ADVANCED_FACE('',(#10917),#10928,.F.);
#10917 = FACE_BOUND('',#10918,.T.);
#10918 = EDGE_LOOP('',(#10919,#10920,#10921,#10927));
#10919 = ORIENTED_EDGE('',*,*,#10888,.T.);
#10920 = ORIENTED_EDGE('',*,*,#5596,.T.);
#10921 = ORIENTED_EDGE('',*,*,#10922,.F.);
#10922 = EDGE_CURVE('',#616,#5588,#10923,.T.);
#10923 = LINE('',#10924,#10925);
#10924 = CARTESIAN_POINT('',(51.368566,-129.893345,0.));
#10925 = VECTOR('',#10926,1.);
#10926 = DIRECTION('',(0.,0.,1.));
#10927 = ORIENTED_EDGE('',*,*,#624,.F.);
#10928 = CYLINDRICAL_SURFACE('',#10929,0.499999603944);
#10929 = AXIS2_PLACEMENT_3D('',#10930,#10931,#10932);
#10930 = CARTESIAN_POINT('',(51.79534211054,-129.6328421105,0.));
#10931 = DIRECTION('',(-0.,-0.,-1.));
#10932 = DIRECTION('',(0.521006191615,0.853552897188,-0.));
#10933 = ADVANCED_FACE('',(#10934),#10945,.T.);
#10934 = FACE_BOUND('',#10935,.T.);
#10935 = EDGE_LOOP('',(#10936,#10942,#10943,#10944));
#10936 = ORIENTED_EDGE('',*,*,#10937,.T.);
#10937 = EDGE_CURVE('',#548,#5520,#10938,.T.);
#10938 = LINE('',#10939,#10940);
#10939 = CARTESIAN_POINT('',(54.012853,-132.25,0.));
#10940 = VECTOR('',#10941,1.);
#10941 = DIRECTION('',(0.,0.,1.));
#10942 = ORIENTED_EDGE('',*,*,#5519,.T.);
#10943 = ORIENTED_EDGE('',*,*,#10903,.F.);
#10944 = ORIENTED_EDGE('',*,*,#547,.F.);
#10945 = CYLINDRICAL_SURFACE('',#10946,0.300023425677);
#10946 = AXIS2_PLACEMENT_3D('',#10947,#10948,#10949);
#10947 = CARTESIAN_POINT('',(54.012846772307,-132.5500234256,0.));
#10948 = DIRECTION('',(0.,0.,-1.));
#10949 = DIRECTION('',(2.075735505686E-05,0.999999999785,0.));
#10950 = ADVANCED_FACE('',(#10951),#10962,.T.);
#10951 = FACE_BOUND('',#10952,.T.);
#10952 = EDGE_LOOP('',(#10953,#10954,#10955,#10961));
#10953 = ORIENTED_EDGE('',*,*,#10922,.T.);
#10954 = ORIENTED_EDGE('',*,*,#5587,.T.);
#10955 = ORIENTED_EDGE('',*,*,#10956,.F.);
#10956 = EDGE_CURVE('',#608,#5580,#10957,.T.);
#10957 = LINE('',#10958,#10959);
#10958 = CARTESIAN_POINT('',(51.4125,-130.049647,0.));
#10959 = VECTOR('',#10960,1.);
#10960 = DIRECTION('',(0.,0.,1.));
#10961 = ORIENTED_EDGE('',*,*,#615,.F.);
#10962 = CYLINDRICAL_SURFACE('',#10963,0.299991600078);
#10963 = AXIS2_PLACEMENT_3D('',#10964,#10965,#10966);
#10964 = CARTESIAN_POINT('',(51.112508399935,-130.049644282,0.));
#10965 = DIRECTION('',(0.,0.,-1.));
#10966 = DIRECTION('',(0.853549232709,0.521012195004,0.));
#10967 = ADVANCED_FACE('',(#10968),#10979,.T.);
#10968 = FACE_BOUND('',#10969,.T.);
#10969 = EDGE_LOOP('',(#10970,#10976,#10977,#10978));
#10970 = ORIENTED_EDGE('',*,*,#10971,.T.);
#10971 = EDGE_CURVE('',#557,#5529,#10972,.T.);
#10972 = LINE('',#10973,#10974);
#10973 = CARTESIAN_POINT('',(53.1125,-132.25,0.));
#10974 = VECTOR('',#10975,1.);
#10975 = DIRECTION('',(0.,0.,1.));
#10976 = ORIENTED_EDGE('',*,*,#5528,.T.);
#10977 = ORIENTED_EDGE('',*,*,#10937,.F.);
#10978 = ORIENTED_EDGE('',*,*,#556,.F.);
#10979 = PLANE('',#10980);
#10980 = AXIS2_PLACEMENT_3D('',#10981,#10982,#10983);
#10981 = CARTESIAN_POINT('',(53.1125,-132.25,0.));
#10982 = DIRECTION('',(0.,1.,0.));
#10983 = DIRECTION('',(1.,0.,0.));
#10984 = ADVANCED_FACE('',(#10985),#10996,.T.);
#10985 = FACE_BOUND('',#10986,.T.);
#10986 = EDGE_LOOP('',(#10987,#10988,#10989,#10995));
#10987 = ORIENTED_EDGE('',*,*,#10956,.T.);
#10988 = ORIENTED_EDGE('',*,*,#5579,.T.);
#10989 = ORIENTED_EDGE('',*,*,#10990,.F.);
#10990 = EDGE_CURVE('',#600,#5572,#10991,.T.);
#10991 = LINE('',#10992,#10993);
#10992 = CARTESIAN_POINT('',(51.4125,-130.75,0.));
#10993 = VECTOR('',#10994,1.);
#10994 = DIRECTION('',(0.,0.,1.));
#10995 = ORIENTED_EDGE('',*,*,#607,.F.);
#10996 = PLANE('',#10997);
#10997 = AXIS2_PLACEMENT_3D('',#10998,#10999,#11000);
#10998 = CARTESIAN_POINT('',(51.4125,-130.049647,0.));
#10999 = DIRECTION('',(1.,0.,-0.));
#11000 = DIRECTION('',(0.,-1.,0.));
#11001 = ADVANCED_FACE('',(#11002),#11013,.T.);
#11002 = FACE_BOUND('',#11003,.T.);
#11003 = EDGE_LOOP('',(#11004,#11010,#11011,#11012));
#11004 = ORIENTED_EDGE('',*,*,#11005,.T.);
#11005 = EDGE_CURVE('',#565,#5537,#11006,.T.);
#11006 = LINE('',#11007,#11008);
#11007 = CARTESIAN_POINT('',(52.212147,-132.25,0.));
#11008 = VECTOR('',#11009,1.);
#11009 = DIRECTION('',(0.,0.,1.));
#11010 = ORIENTED_EDGE('',*,*,#5536,.T.);
#11011 = ORIENTED_EDGE('',*,*,#10971,.F.);
#11012 = ORIENTED_EDGE('',*,*,#564,.F.);
#11013 = PLANE('',#11014);
#11014 = AXIS2_PLACEMENT_3D('',#11015,#11016,#11017);
#11015 = CARTESIAN_POINT('',(52.212147,-132.25,0.));
#11016 = DIRECTION('',(0.,1.,0.));
#11017 = DIRECTION('',(1.,0.,0.));
#11018 = ADVANCED_FACE('',(#11019),#11030,.T.);
#11019 = FACE_BOUND('',#11020,.T.);
#11020 = EDGE_LOOP('',(#11021,#11022,#11023,#11029));
#11021 = ORIENTED_EDGE('',*,*,#10990,.T.);
#11022 = ORIENTED_EDGE('',*,*,#5571,.T.);
#11023 = ORIENTED_EDGE('',*,*,#11024,.F.);
#11024 = EDGE_CURVE('',#591,#5563,#11025,.T.);
#11025 = LINE('',#11026,#11027);
#11026 = CARTESIAN_POINT('',(51.4125,-131.450353,0.));
#11027 = VECTOR('',#11028,1.);
#11028 = DIRECTION('',(0.,0.,1.));
#11029 = ORIENTED_EDGE('',*,*,#599,.F.);
#11030 = PLANE('',#11031);
#11031 = AXIS2_PLACEMENT_3D('',#11032,#11033,#11034);
#11032 = CARTESIAN_POINT('',(51.4125,-130.75,0.));
#11033 = DIRECTION('',(1.,0.,-0.));
#11034 = DIRECTION('',(0.,-1.,0.));
#11035 = ADVANCED_FACE('',(#11036),#11047,.T.);
#11036 = FACE_BOUND('',#11037,.T.);
#11037 = EDGE_LOOP('',(#11038,#11044,#11045,#11046));
#11038 = ORIENTED_EDGE('',*,*,#11039,.T.);
#11039 = EDGE_CURVE('',#573,#5545,#11040,.T.);
#11040 = LINE('',#11041,#11042);
#11041 = CARTESIAN_POINT('',(52.055845,-132.293934,0.));
#11042 = VECTOR('',#11043,1.);
#11043 = DIRECTION('',(0.,0.,1.));
#11044 = ORIENTED_EDGE('',*,*,#5544,.T.);
#11045 = ORIENTED_EDGE('',*,*,#11005,.F.);
#11046 = ORIENTED_EDGE('',*,*,#572,.F.);
#11047 = CYLINDRICAL_SURFACE('',#11048,0.299991600077);
#11048 = AXIS2_PLACEMENT_3D('',#11049,#11050,#11051);
#11049 = CARTESIAN_POINT('',(52.212144282039,-132.5499916,0.));
#11050 = DIRECTION('',(0.,0.,-1.));
#11051 = DIRECTION('',(-0.521012195004,0.853549232709,0.));
#11052 = ADVANCED_FACE('',(#11053),#11064,.T.);
#11053 = FACE_BOUND('',#11054,.T.);
#11054 = EDGE_LOOP('',(#11055,#11056,#11057,#11063));
#11055 = ORIENTED_EDGE('',*,*,#11024,.T.);
#11056 = ORIENTED_EDGE('',*,*,#5562,.T.);
#11057 = ORIENTED_EDGE('',*,*,#11058,.F.);
#11058 = EDGE_CURVE('',#582,#5554,#11059,.T.);
#11059 = LINE('',#11060,#11061);
#11060 = CARTESIAN_POINT('',(51.368566,-131.606655,0.));
#11061 = VECTOR('',#11062,1.);
#11062 = DIRECTION('',(0.,0.,1.));
#11063 = ORIENTED_EDGE('',*,*,#590,.F.);
#11064 = CYLINDRICAL_SURFACE('',#11065,0.299991600078);
#11065 = AXIS2_PLACEMENT_3D('',#11066,#11067,#11068);
#11066 = CARTESIAN_POINT('',(51.112508399935,-131.4503557179,0.));
#11067 = DIRECTION('',(0.,0.,-1.));
#11068 = DIRECTION('',(0.999999999959,9.060123477716E-06,0.));
#11069 = ADVANCED_FACE('',(#11070),#11076,.F.);
#11070 = FACE_BOUND('',#11071,.T.);
#11071 = EDGE_LOOP('',(#11072,#11073,#11074,#11075));
#11072 = ORIENTED_EDGE('',*,*,#11058,.T.);
#11073 = ORIENTED_EDGE('',*,*,#5553,.T.);
#11074 = ORIENTED_EDGE('',*,*,#11039,.F.);
#11075 = ORIENTED_EDGE('',*,*,#581,.F.);
#11076 = CYLINDRICAL_SURFACE('',#11077,0.499999603944);
#11077 = AXIS2_PLACEMENT_3D('',#11078,#11079,#11080);
#11078 = CARTESIAN_POINT('',(51.79534211054,-131.8671578894,0.));
#11079 = DIRECTION('',(-0.,-0.,-1.));
#11080 = DIRECTION('',(-0.853552897188,0.521006191615,0.));
#11081 = ADVANCED_FACE('',(#11082),#11093,.F.);
#11082 = FACE_BOUND('',#11083,.T.);
#11083 = EDGE_LOOP('',(#11084,#11085,#11091,#11092));
#11084 = ORIENTED_EDGE('',*,*,#667,.T.);
#11085 = ORIENTED_EDGE('',*,*,#11086,.T.);
#11086 = EDGE_CURVE('',#668,#5640,#11087,.T.);
#11087 = LINE('',#11088,#11089);
#11088 = CARTESIAN_POINT('',(67.0825,-145.595,-4.6E-02));
#11089 = VECTOR('',#11090,1.);
#11090 = DIRECTION('',(0.,0.,1.));
#11091 = ORIENTED_EDGE('',*,*,#5639,.F.);
#11092 = ORIENTED_EDGE('',*,*,#11086,.F.);
#11093 = CYLINDRICAL_SURFACE('',#11094,0.875);
#11094 = AXIS2_PLACEMENT_3D('',#11095,#11096,#11097);
#11095 = CARTESIAN_POINT('',(67.0825,-144.72,-4.6E-02));
#11096 = DIRECTION('',(-0.,-0.,-1.));
#11097 = DIRECTION('',(-0.,-1.,0.));
#11098 = ADVANCED_FACE('',(#11099),#11110,.F.);
#11099 = FACE_BOUND('',#11100,.T.);
#11100 = EDGE_LOOP('',(#11101,#11102,#11108,#11109));
#11101 = ORIENTED_EDGE('',*,*,#678,.T.);
#11102 = ORIENTED_EDGE('',*,*,#11103,.T.);
#11103 = EDGE_CURVE('',#679,#5651,#11104,.T.);
#11104 = LINE('',#11105,#11106);
#11105 = CARTESIAN_POINT('',(68.3525,-143.705,-4.6E-02));
#11106 = VECTOR('',#11107,1.);
#11107 = DIRECTION('',(0.,0.,1.));
#11108 = ORIENTED_EDGE('',*,*,#5650,.F.);
#11109 = ORIENTED_EDGE('',*,*,#11103,.F.);
#11110 = CYLINDRICAL_SURFACE('',#11111,1.525);
#11111 = AXIS2_PLACEMENT_3D('',#11112,#11113,#11114);
#11112 = CARTESIAN_POINT('',(68.3525,-142.18,-4.6E-02));
#11113 = DIRECTION('',(-0.,0.,-1.));
#11114 = DIRECTION('',(9.31859325587E-15,-1.,-0.));
#11115 = ADVANCED_FACE('',(#11116),#11132,.F.);
#11116 = FACE_BOUND('',#11117,.T.);
#11117 = EDGE_LOOP('',(#11118,#11124,#11125,#11131));
#11118 = ORIENTED_EDGE('',*,*,#11119,.T.);
#11119 = EDGE_CURVE('',#690,#5662,#11120,.T.);
#11120 = LINE('',#11121,#11122);
#11121 = CARTESIAN_POINT('',(73.906434,-148.943345,0.));
#11122 = VECTOR('',#11123,1.);
#11123 = DIRECTION('',(0.,0.,1.));
#11124 = ORIENTED_EDGE('',*,*,#5661,.T.);
#11125 = ORIENTED_EDGE('',*,*,#11126,.F.);
#11126 = EDGE_CURVE('',#692,#5664,#11127,.T.);
#11127 = LINE('',#11128,#11129);
#11128 = CARTESIAN_POINT('',(73.219155,-148.256066,0.));
#11129 = VECTOR('',#11130,1.);
#11130 = DIRECTION('',(0.,0.,1.));
#11131 = ORIENTED_EDGE('',*,*,#689,.F.);
#11132 = CYLINDRICAL_SURFACE('',#11133,0.499999603944);
#11133 = AXIS2_PLACEMENT_3D('',#11134,#11135,#11136);
#11134 = CARTESIAN_POINT('',(73.47965788946,-148.6828421105,0.));
#11135 = DIRECTION('',(-0.,-0.,-1.));
#11136 = DIRECTION('',(0.853552897188,-0.521006191616,0.));
#11137 = ADVANCED_FACE('',(#11138),#11149,.T.);
#11138 = FACE_BOUND('',#11139,.T.);
#11139 = EDGE_LOOP('',(#11140,#11146,#11147,#11148));
#11140 = ORIENTED_EDGE('',*,*,#11141,.T.);
#11141 = EDGE_CURVE('',#701,#5673,#11142,.T.);
#11142 = LINE('',#11143,#11144);
#11143 = CARTESIAN_POINT('',(73.8625,-149.099647,0.));
#11144 = VECTOR('',#11145,1.);
#11145 = DIRECTION('',(0.,0.,1.));
#11146 = ORIENTED_EDGE('',*,*,#5672,.T.);
#11147 = ORIENTED_EDGE('',*,*,#11119,.F.);
#11148 = ORIENTED_EDGE('',*,*,#700,.F.);
#11149 = CYLINDRICAL_SURFACE('',#11150,0.299683785035);
#11150 = AXIS2_PLACEMENT_3D('',#11151,#11152,#11153);
#11151 = CARTESIAN_POINT('',(74.162183771747,-149.0995577564,0.));
#11152 = DIRECTION('',(0.,0.,-1.));
#11153 = DIRECTION('',(-0.99999995566,-2.977925314542E-04,-0.));
#11154 = ADVANCED_FACE('',(#11155),#11166,.T.);
#11155 = FACE_BOUND('',#11156,.T.);
#11156 = EDGE_LOOP('',(#11157,#11158,#11159,#11165));
#11157 = ORIENTED_EDGE('',*,*,#11126,.T.);
#11158 = ORIENTED_EDGE('',*,*,#5826,.T.);
#11159 = ORIENTED_EDGE('',*,*,#11160,.F.);
#11160 = EDGE_CURVE('',#847,#5819,#11161,.T.);
#11161 = LINE('',#11162,#11163);
#11162 = CARTESIAN_POINT('',(73.062853,-148.3,0.));
#11163 = VECTOR('',#11164,1.);
#11164 = DIRECTION('',(0.,0.,1.));
#11165 = ORIENTED_EDGE('',*,*,#854,.F.);
#11166 = CYLINDRICAL_SURFACE('',#11167,0.299966762339);
#11167 = AXIS2_PLACEMENT_3D('',#11168,#11169,#11170);
#11168 = CARTESIAN_POINT('',(73.062862699494,-148.0000332378,0.));
#11169 = DIRECTION('',(0.,0.,-1.));
#11170 = DIRECTION('',(0.521032061311,-0.853537105864,0.));
#11171 = ADVANCED_FACE('',(#11172),#11183,.T.);
#11172 = FACE_BOUND('',#11173,.T.);
#11173 = EDGE_LOOP('',(#11174,#11180,#11181,#11182));
#11174 = ORIENTED_EDGE('',*,*,#11175,.T.);
#11175 = EDGE_CURVE('',#710,#5682,#11176,.T.);
#11176 = LINE('',#11177,#11178);
#11177 = CARTESIAN_POINT('',(73.8625,-149.8,0.));
#11178 = VECTOR('',#11179,1.);
#11179 = DIRECTION('',(0.,0.,1.));
#11180 = ORIENTED_EDGE('',*,*,#5681,.T.);
#11181 = ORIENTED_EDGE('',*,*,#11141,.F.);
#11182 = ORIENTED_EDGE('',*,*,#709,.F.);
#11183 = PLANE('',#11184);
#11184 = AXIS2_PLACEMENT_3D('',#11185,#11186,#11187);
#11185 = CARTESIAN_POINT('',(73.8625,-149.8,0.));
#11186 = DIRECTION('',(-1.,0.,0.));
#11187 = DIRECTION('',(0.,1.,0.));
#11188 = ADVANCED_FACE('',(#11189),#11200,.T.);
#11189 = FACE_BOUND('',#11190,.T.);
#11190 = EDGE_LOOP('',(#11191,#11192,#11193,#11199));
#11191 = ORIENTED_EDGE('',*,*,#11160,.T.);
#11192 = ORIENTED_EDGE('',*,*,#5818,.T.);
#11193 = ORIENTED_EDGE('',*,*,#11194,.F.);
#11194 = EDGE_CURVE('',#839,#5811,#11195,.T.);
#11195 = LINE('',#11196,#11197);
#11196 = CARTESIAN_POINT('',(72.1625,-148.3,0.));
#11197 = VECTOR('',#11198,1.);
#11198 = DIRECTION('',(0.,0.,1.));
#11199 = ORIENTED_EDGE('',*,*,#846,.F.);
#11200 = PLANE('',#11201);
#11201 = AXIS2_PLACEMENT_3D('',#11202,#11203,#11204);
#11202 = CARTESIAN_POINT('',(73.062853,-148.3,0.));
#11203 = DIRECTION('',(0.,-1.,0.));
#11204 = DIRECTION('',(-1.,0.,0.));
#11205 = ADVANCED_FACE('',(#11206),#11217,.T.);
#11206 = FACE_BOUND('',#11207,.T.);
#11207 = EDGE_LOOP('',(#11208,#11214,#11215,#11216));
#11208 = ORIENTED_EDGE('',*,*,#11209,.T.);
#11209 = EDGE_CURVE('',#718,#5690,#11210,.T.);
#11210 = LINE('',#11211,#11212);
#11211 = CARTESIAN_POINT('',(73.8625,-150.500353,0.));
#11212 = VECTOR('',#11213,1.);
#11213 = DIRECTION('',(0.,0.,1.));
#11214 = ORIENTED_EDGE('',*,*,#5689,.T.);
#11215 = ORIENTED_EDGE('',*,*,#11175,.F.);
#11216 = ORIENTED_EDGE('',*,*,#717,.F.);
#11217 = PLANE('',#11218);
#11218 = AXIS2_PLACEMENT_3D('',#11219,#11220,#11221);
#11219 = CARTESIAN_POINT('',(73.8625,-150.500353,0.));
#11220 = DIRECTION('',(-1.,0.,0.));
#11221 = DIRECTION('',(0.,1.,0.));
#11222 = ADVANCED_FACE('',(#11223),#11234,.T.);
#11223 = FACE_BOUND('',#11224,.T.);
#11224 = EDGE_LOOP('',(#11225,#11226,#11227,#11233));
#11225 = ORIENTED_EDGE('',*,*,#11194,.T.);
#11226 = ORIENTED_EDGE('',*,*,#5810,.T.);
#11227 = ORIENTED_EDGE('',*,*,#11228,.F.);
#11228 = EDGE_CURVE('',#830,#5802,#11229,.T.);
#11229 = LINE('',#11230,#11231);
#11230 = CARTESIAN_POINT('',(71.262147,-148.3,0.));
#11231 = VECTOR('',#11232,1.);
#11232 = DIRECTION('',(0.,0.,1.));
#11233 = ORIENTED_EDGE('',*,*,#838,.F.);
#11234 = PLANE('',#11235);
#11235 = AXIS2_PLACEMENT_3D('',#11236,#11237,#11238);
#11236 = CARTESIAN_POINT('',(72.1625,-148.3,0.));
#11237 = DIRECTION('',(0.,-1.,0.));
#11238 = DIRECTION('',(-1.,0.,0.));
#11239 = ADVANCED_FACE('',(#11240),#11251,.T.);
#11240 = FACE_BOUND('',#11241,.T.);
#11241 = EDGE_LOOP('',(#11242,#11248,#11249,#11250));
#11242 = ORIENTED_EDGE('',*,*,#11243,.T.);
#11243 = EDGE_CURVE('',#726,#5698,#11244,.T.);
#11244 = LINE('',#11245,#11246);
#11245 = CARTESIAN_POINT('',(73.906434,-150.656655,0.));
#11246 = VECTOR('',#11247,1.);
#11247 = DIRECTION('',(0.,0.,1.));
#11248 = ORIENTED_EDGE('',*,*,#5697,.T.);
#11249 = ORIENTED_EDGE('',*,*,#11209,.F.);
#11250 = ORIENTED_EDGE('',*,*,#725,.F.);
#11251 = CYLINDRICAL_SURFACE('',#11252,0.299966762338);
#11252 = AXIS2_PLACEMENT_3D('',#11253,#11254,#11255);
#11253 = CARTESIAN_POINT('',(74.162466762181,-150.5003626994,0.));
#11254 = DIRECTION('',(0.,0.,-1.));
#11255 = DIRECTION('',(-0.853537105863,-0.521032061311,-0.));
#11256 = ADVANCED_FACE('',(#11257),#11268,.T.);
#11257 = FACE_BOUND('',#11258,.T.);
#11258 = EDGE_LOOP('',(#11259,#11260,#11261,#11267));
#11259 = ORIENTED_EDGE('',*,*,#11228,.T.);
#11260 = ORIENTED_EDGE('',*,*,#5801,.T.);
#11261 = ORIENTED_EDGE('',*,*,#11262,.F.);
#11262 = EDGE_CURVE('',#821,#5793,#11263,.T.);
#11263 = LINE('',#11264,#11265);
#11264 = CARTESIAN_POINT('',(71.105845,-148.256066,0.));
#11265 = VECTOR('',#11266,1.);
#11266 = DIRECTION('',(0.,0.,1.));
#11267 = ORIENTED_EDGE('',*,*,#829,.F.);
#11268 = CYLINDRICAL_SURFACE('',#11269,0.299991600078);
#11269 = AXIS2_PLACEMENT_3D('',#11270,#11271,#11272);
#11270 = CARTESIAN_POINT('',(71.262144282039,-148.0000083999,0.));
#11271 = DIRECTION('',(0.,0.,-1.));
#11272 = DIRECTION('',(9.060123051365E-06,-0.999999999959,0.));
#11273 = ADVANCED_FACE('',(#11274),#11285,.F.);
#11274 = FACE_BOUND('',#11275,.T.);
#11275 = EDGE_LOOP('',(#11276,#11282,#11283,#11284));
#11276 = ORIENTED_EDGE('',*,*,#11277,.T.);
#11277 = EDGE_CURVE('',#735,#5707,#11278,.T.);
#11278 = LINE('',#11279,#11280);
#11279 = CARTESIAN_POINT('',(73.219155,-151.343934,0.));
#11280 = VECTOR('',#11281,1.);
#11281 = DIRECTION('',(0.,0.,1.));
#11282 = ORIENTED_EDGE('',*,*,#5706,.T.);
#11283 = ORIENTED_EDGE('',*,*,#11243,.F.);
#11284 = ORIENTED_EDGE('',*,*,#734,.F.);
#11285 = CYLINDRICAL_SURFACE('',#11286,0.499998734392);
#11286 = AXIS2_PLACEMENT_3D('',#11287,#11288,#11289);
#11287 = CARTESIAN_POINT('',(73.479660504327,-150.9171605043,0.));
#11288 = DIRECTION('',(-0.,-0.,-1.));
#11289 = DIRECTION('',(-0.521012327448,-0.853549151864,0.));
#11290 = ADVANCED_FACE('',(#11291),#11302,.F.);
#11291 = FACE_BOUND('',#11292,.T.);
#11292 = EDGE_LOOP('',(#11293,#11294,#11295,#11301));
#11293 = ORIENTED_EDGE('',*,*,#11262,.T.);
#11294 = ORIENTED_EDGE('',*,*,#5792,.T.);
#11295 = ORIENTED_EDGE('',*,*,#11296,.F.);
#11296 = EDGE_CURVE('',#812,#5784,#11297,.T.);
#11297 = LINE('',#11298,#11299);
#11298 = CARTESIAN_POINT('',(70.418566,-148.943345,0.));
#11299 = VECTOR('',#11300,1.);
#11300 = DIRECTION('',(0.,0.,1.));
#11301 = ORIENTED_EDGE('',*,*,#820,.F.);
#11302 = CYLINDRICAL_SURFACE('',#11303,0.499999603944);
#11303 = AXIS2_PLACEMENT_3D('',#11304,#11305,#11306);
#11304 = CARTESIAN_POINT('',(70.84534211054,-148.6828421105,0.));
#11305 = DIRECTION('',(-0.,-0.,-1.));
#11306 = DIRECTION('',(0.521006191616,0.853552897188,-0.));
#11307 = ADVANCED_FACE('',(#11308),#11319,.T.);
#11308 = FACE_BOUND('',#11309,.T.);
#11309 = EDGE_LOOP('',(#11310,#11316,#11317,#11318));
#11310 = ORIENTED_EDGE('',*,*,#11311,.T.);
#11311 = EDGE_CURVE('',#744,#5716,#11312,.T.);
#11312 = LINE('',#11313,#11314);
#11313 = CARTESIAN_POINT('',(73.062853,-151.3,0.));
#11314 = VECTOR('',#11315,1.);
#11315 = DIRECTION('',(0.,0.,1.));
#11316 = ORIENTED_EDGE('',*,*,#5715,.T.);
#11317 = ORIENTED_EDGE('',*,*,#11277,.F.);
#11318 = ORIENTED_EDGE('',*,*,#743,.F.);
#11319 = CYLINDRICAL_SURFACE('',#11320,0.300023425677);
#11320 = AXIS2_PLACEMENT_3D('',#11321,#11322,#11323);
#11321 = CARTESIAN_POINT('',(73.062846772307,-151.6000234256,0.));
#11322 = DIRECTION('',(0.,0.,-1.));
#11323 = DIRECTION('',(2.075735526998E-05,0.999999999785,0.));
#11324 = ADVANCED_FACE('',(#11325),#11336,.T.);
#11325 = FACE_BOUND('',#11326,.T.);
#11326 = EDGE_LOOP('',(#11327,#11328,#11329,#11335));
#11327 = ORIENTED_EDGE('',*,*,#11296,.T.);
#11328 = ORIENTED_EDGE('',*,*,#5783,.T.);
#11329 = ORIENTED_EDGE('',*,*,#11330,.F.);
#11330 = EDGE_CURVE('',#804,#5776,#11331,.T.);
#11331 = LINE('',#11332,#11333);
#11332 = CARTESIAN_POINT('',(70.4625,-149.099647,0.));
#11333 = VECTOR('',#11334,1.);
#11334 = DIRECTION('',(0.,0.,1.));
#11335 = ORIENTED_EDGE('',*,*,#811,.F.);
#11336 = CYLINDRICAL_SURFACE('',#11337,0.299991600078);
#11337 = AXIS2_PLACEMENT_3D('',#11338,#11339,#11340);
#11338 = CARTESIAN_POINT('',(70.162508399935,-149.099644282,0.));
#11339 = DIRECTION('',(0.,0.,-1.));
#11340 = DIRECTION('',(0.853549232709,0.521012195004,0.));
#11341 = ADVANCED_FACE('',(#11342),#11353,.T.);
#11342 = FACE_BOUND('',#11343,.T.);
#11343 = EDGE_LOOP('',(#11344,#11350,#11351,#11352));
#11344 = ORIENTED_EDGE('',*,*,#11345,.T.);
#11345 = EDGE_CURVE('',#753,#5725,#11346,.T.);
#11346 = LINE('',#11347,#11348);
#11347 = CARTESIAN_POINT('',(72.1625,-151.3,0.));
#11348 = VECTOR('',#11349,1.);
#11349 = DIRECTION('',(0.,0.,1.));
#11350 = ORIENTED_EDGE('',*,*,#5724,.T.);
#11351 = ORIENTED_EDGE('',*,*,#11311,.F.);
#11352 = ORIENTED_EDGE('',*,*,#752,.F.);
#11353 = PLANE('',#11354);
#11354 = AXIS2_PLACEMENT_3D('',#11355,#11356,#11357);
#11355 = CARTESIAN_POINT('',(72.1625,-151.3,0.));
#11356 = DIRECTION('',(0.,1.,0.));
#11357 = DIRECTION('',(1.,0.,0.));
#11358 = ADVANCED_FACE('',(#11359),#11370,.T.);
#11359 = FACE_BOUND('',#11360,.T.);
#11360 = EDGE_LOOP('',(#11361,#11362,#11363,#11369));
#11361 = ORIENTED_EDGE('',*,*,#11330,.T.);
#11362 = ORIENTED_EDGE('',*,*,#5775,.T.);
#11363 = ORIENTED_EDGE('',*,*,#11364,.F.);
#11364 = EDGE_CURVE('',#796,#5768,#11365,.T.);
#11365 = LINE('',#11366,#11367);
#11366 = CARTESIAN_POINT('',(70.4625,-149.8,0.));
#11367 = VECTOR('',#11368,1.);
#11368 = DIRECTION('',(0.,0.,1.));
#11369 = ORIENTED_EDGE('',*,*,#803,.F.);
#11370 = PLANE('',#11371);
#11371 = AXIS2_PLACEMENT_3D('',#11372,#11373,#11374);
#11372 = CARTESIAN_POINT('',(70.4625,-149.099647,0.));
#11373 = DIRECTION('',(1.,0.,-0.));
#11374 = DIRECTION('',(0.,-1.,0.));
#11375 = ADVANCED_FACE('',(#11376),#11387,.T.);
#11376 = FACE_BOUND('',#11377,.T.);
#11377 = EDGE_LOOP('',(#11378,#11384,#11385,#11386));
#11378 = ORIENTED_EDGE('',*,*,#11379,.T.);
#11379 = EDGE_CURVE('',#761,#5733,#11380,.T.);
#11380 = LINE('',#11381,#11382);
#11381 = CARTESIAN_POINT('',(71.262147,-151.3,0.));
#11382 = VECTOR('',#11383,1.);
#11383 = DIRECTION('',(0.,0.,1.));
#11384 = ORIENTED_EDGE('',*,*,#5732,.T.);
#11385 = ORIENTED_EDGE('',*,*,#11345,.F.);
#11386 = ORIENTED_EDGE('',*,*,#760,.F.);
#11387 = PLANE('',#11388);
#11388 = AXIS2_PLACEMENT_3D('',#11389,#11390,#11391);
#11389 = CARTESIAN_POINT('',(71.262147,-151.3,0.));
#11390 = DIRECTION('',(0.,1.,0.));
#11391 = DIRECTION('',(1.,0.,0.));
#11392 = ADVANCED_FACE('',(#11393),#11404,.T.);
#11393 = FACE_BOUND('',#11394,.T.);
#11394 = EDGE_LOOP('',(#11395,#11396,#11397,#11403));
#11395 = ORIENTED_EDGE('',*,*,#11364,.T.);
#11396 = ORIENTED_EDGE('',*,*,#5767,.T.);
#11397 = ORIENTED_EDGE('',*,*,#11398,.F.);
#11398 = EDGE_CURVE('',#787,#5759,#11399,.T.);
#11399 = LINE('',#11400,#11401);
#11400 = CARTESIAN_POINT('',(70.4625,-150.500353,0.));
#11401 = VECTOR('',#11402,1.);
#11402 = DIRECTION('',(0.,0.,1.));
#11403 = ORIENTED_EDGE('',*,*,#795,.F.);
#11404 = PLANE('',#11405);
#11405 = AXIS2_PLACEMENT_3D('',#11406,#11407,#11408);
#11406 = CARTESIAN_POINT('',(70.4625,-149.8,0.));
#11407 = DIRECTION('',(1.,0.,-0.));
#11408 = DIRECTION('',(0.,-1.,0.));
#11409 = ADVANCED_FACE('',(#11410),#11421,.T.);
#11410 = FACE_BOUND('',#11411,.T.);
#11411 = EDGE_LOOP('',(#11412,#11418,#11419,#11420));
#11412 = ORIENTED_EDGE('',*,*,#11413,.T.);
#11413 = EDGE_CURVE('',#769,#5741,#11414,.T.);
#11414 = LINE('',#11415,#11416);
#11415 = CARTESIAN_POINT('',(71.105845,-151.343934,0.));
#11416 = VECTOR('',#11417,1.);
#11417 = DIRECTION('',(0.,0.,1.));
#11418 = ORIENTED_EDGE('',*,*,#5740,.T.);
#11419 = ORIENTED_EDGE('',*,*,#11379,.F.);
#11420 = ORIENTED_EDGE('',*,*,#768,.F.);
#11421 = CYLINDRICAL_SURFACE('',#11422,0.299991600078);
#11422 = AXIS2_PLACEMENT_3D('',#11423,#11424,#11425);
#11423 = CARTESIAN_POINT('',(71.262144282039,-151.5999916,0.));
#11424 = DIRECTION('',(0.,0.,-1.));
#11425 = DIRECTION('',(-0.521012195003,0.853549232709,0.));
#11426 = ADVANCED_FACE('',(#11427),#11438,.T.);
#11427 = FACE_BOUND('',#11428,.T.);
#11428 = EDGE_LOOP('',(#11429,#11430,#11431,#11437));
#11429 = ORIENTED_EDGE('',*,*,#11398,.T.);
#11430 = ORIENTED_EDGE('',*,*,#5758,.T.);
#11431 = ORIENTED_EDGE('',*,*,#11432,.F.);
#11432 = EDGE_CURVE('',#778,#5750,#11433,.T.);
#11433 = LINE('',#11434,#11435);
#11434 = CARTESIAN_POINT('',(70.418566,-150.656655,0.));
#11435 = VECTOR('',#11436,1.);
#11436 = DIRECTION('',(0.,0.,1.));
#11437 = ORIENTED_EDGE('',*,*,#786,.F.);
#11438 = CYLINDRICAL_SURFACE('',#11439,0.299991600078);
#11439 = AXIS2_PLACEMENT_3D('',#11440,#11441,#11442);
#11440 = CARTESIAN_POINT('',(70.162508399935,-150.5003557179,0.));
#11441 = DIRECTION('',(0.,0.,-1.));
#11442 = DIRECTION('',(0.999999999959,9.060123382969E-06,0.));
#11443 = ADVANCED_FACE('',(#11444),#11450,.F.);
#11444 = FACE_BOUND('',#11445,.T.);
#11445 = EDGE_LOOP('',(#11446,#11447,#11448,#11449));
#11446 = ORIENTED_EDGE('',*,*,#11432,.T.);
#11447 = ORIENTED_EDGE('',*,*,#5749,.T.);
#11448 = ORIENTED_EDGE('',*,*,#11413,.F.);
#11449 = ORIENTED_EDGE('',*,*,#777,.F.);
#11450 = CYLINDRICAL_SURFACE('',#11451,0.499999603944);
#11451 = AXIS2_PLACEMENT_3D('',#11452,#11453,#11454);
#11452 = CARTESIAN_POINT('',(70.84534211054,-150.9171578894,0.));
#11453 = DIRECTION('',(-0.,-0.,-1.));
#11454 = DIRECTION('',(-0.853552897188,0.521006191616,0.));
#11455 = ADVANCED_FACE('',(#11456),#11467,.F.);
#11456 = FACE_BOUND('',#11457,.T.);
#11457 = EDGE_LOOP('',(#11458,#11459,#11465,#11466));
#11458 = ORIENTED_EDGE('',*,*,#863,.T.);
#11459 = ORIENTED_EDGE('',*,*,#11460,.T.);
#11460 = EDGE_CURVE('',#864,#5836,#11461,.T.);
#11461 = LINE('',#11462,#11463);
#11462 = CARTESIAN_POINT('',(72.1625,-146.72,-4.6E-02));
#11463 = VECTOR('',#11464,1.);
#11464 = DIRECTION('',(0.,0.,1.));
#11465 = ORIENTED_EDGE('',*,*,#5835,.F.);
#11466 = ORIENTED_EDGE('',*,*,#11460,.F.);
#11467 = CYLINDRICAL_SURFACE('',#11468,2.);
#11468 = AXIS2_PLACEMENT_3D('',#11469,#11470,#11471);
#11469 = CARTESIAN_POINT('',(72.1625,-144.72,-4.6E-02));
#11470 = DIRECTION('',(-0.,-0.,-1.));
#11471 = DIRECTION('',(-0.,-1.,0.));
#11472 = ADVANCED_FACE('',(#11473),#11484,.F.);
#11473 = FACE_BOUND('',#11474,.T.);
#11474 = EDGE_LOOP('',(#11475,#11476,#11482,#11483));
#11475 = ORIENTED_EDGE('',*,*,#874,.T.);
#11476 = ORIENTED_EDGE('',*,*,#11477,.T.);
#11477 = EDGE_CURVE('',#875,#5847,#11478,.T.);
#11478 = LINE('',#11479,#11480);
#11479 = CARTESIAN_POINT('',(77.2425,-145.595,-4.6E-02));
#11480 = VECTOR('',#11481,1.);
#11481 = DIRECTION('',(0.,0.,1.));
#11482 = ORIENTED_EDGE('',*,*,#5846,.F.);
#11483 = ORIENTED_EDGE('',*,*,#11477,.F.);
#11484 = CYLINDRICAL_SURFACE('',#11485,0.875);
#11485 = AXIS2_PLACEMENT_3D('',#11486,#11487,#11488);
#11486 = CARTESIAN_POINT('',(77.2425,-144.72,-4.6E-02));
#11487 = DIRECTION('',(-0.,-0.,-1.));
#11488 = DIRECTION('',(-0.,-1.,0.));
#11489 = ADVANCED_FACE('',(#11490),#11501,.F.);
#11490 = FACE_BOUND('',#11491,.T.);
#11491 = EDGE_LOOP('',(#11492,#11493,#11499,#11500));
#11492 = ORIENTED_EDGE('',*,*,#885,.T.);
#11493 = ORIENTED_EDGE('',*,*,#11494,.T.);
#11494 = EDGE_CURVE('',#886,#5858,#11495,.T.);
#11495 = LINE('',#11496,#11497);
#11496 = CARTESIAN_POINT('',(74.7025,-141.165,-4.6E-02));
#11497 = VECTOR('',#11498,1.);
#11498 = DIRECTION('',(0.,0.,1.));
#11499 = ORIENTED_EDGE('',*,*,#5857,.F.);
#11500 = ORIENTED_EDGE('',*,*,#11494,.F.);
#11501 = CYLINDRICAL_SURFACE('',#11502,1.525);
#11502 = AXIS2_PLACEMENT_3D('',#11503,#11504,#11505);
#11503 = CARTESIAN_POINT('',(74.7025,-139.64,-4.6E-02));
#11504 = DIRECTION('',(-0.,-0.,-1.));
#11505 = DIRECTION('',(-0.,-1.,0.));
#11506 = ADVANCED_FACE('',(#11507),#11523,.F.);
#11507 = FACE_BOUND('',#11508,.T.);
#11508 = EDGE_LOOP('',(#11509,#11515,#11516,#11522));
#11509 = ORIENTED_EDGE('',*,*,#11510,.T.);
#11510 = EDGE_CURVE('',#897,#5869,#11511,.T.);
#11511 = LINE('',#11512,#11513);
#11512 = CARTESIAN_POINT('',(73.906434,-129.893345,0.));
#11513 = VECTOR('',#11514,1.);
#11514 = DIRECTION('',(0.,0.,1.));
#11515 = ORIENTED_EDGE('',*,*,#5868,.T.);
#11516 = ORIENTED_EDGE('',*,*,#11517,.F.);
#11517 = EDGE_CURVE('',#899,#5871,#11518,.T.);
#11518 = LINE('',#11519,#11520);
#11519 = CARTESIAN_POINT('',(73.219155,-129.206066,0.));
#11520 = VECTOR('',#11521,1.);
#11521 = DIRECTION('',(0.,0.,1.));
#11522 = ORIENTED_EDGE('',*,*,#896,.F.);
#11523 = CYLINDRICAL_SURFACE('',#11524,0.499999603944);
#11524 = AXIS2_PLACEMENT_3D('',#11525,#11526,#11527);
#11525 = CARTESIAN_POINT('',(73.47965788946,-129.6328421105,0.));
#11526 = DIRECTION('',(-0.,-0.,-1.));
#11527 = DIRECTION('',(0.853552897188,-0.521006191615,0.));
#11528 = ADVANCED_FACE('',(#11529),#11540,.T.);
#11529 = FACE_BOUND('',#11530,.T.);
#11530 = EDGE_LOOP('',(#11531,#11537,#11538,#11539));
#11531 = ORIENTED_EDGE('',*,*,#11532,.T.);
#11532 = EDGE_CURVE('',#908,#5880,#11533,.T.);
#11533 = LINE('',#11534,#11535);
#11534 = CARTESIAN_POINT('',(73.8625,-130.049647,0.));
#11535 = VECTOR('',#11536,1.);
#11536 = DIRECTION('',(0.,0.,1.));
#11537 = ORIENTED_EDGE('',*,*,#5879,.T.);
#11538 = ORIENTED_EDGE('',*,*,#11510,.F.);
#11539 = ORIENTED_EDGE('',*,*,#907,.F.);
#11540 = CYLINDRICAL_SURFACE('',#11541,0.299683785035);
#11541 = AXIS2_PLACEMENT_3D('',#11542,#11543,#11544);
#11542 = CARTESIAN_POINT('',(74.162183771747,-130.0495577564,0.));
#11543 = DIRECTION('',(0.,0.,-1.));
#11544 = DIRECTION('',(-0.99999995566,-2.977925314544E-04,-0.));
#11545 = ADVANCED_FACE('',(#11546),#11557,.T.);
#11546 = FACE_BOUND('',#11547,.T.);
#11547 = EDGE_LOOP('',(#11548,#11549,#11550,#11556));
#11548 = ORIENTED_EDGE('',*,*,#11517,.T.);
#11549 = ORIENTED_EDGE('',*,*,#6033,.T.);
#11550 = ORIENTED_EDGE('',*,*,#11551,.F.);
#11551 = EDGE_CURVE('',#1054,#6026,#11552,.T.);
#11552 = LINE('',#11553,#11554);
#11553 = CARTESIAN_POINT('',(73.062853,-129.25,0.));
#11554 = VECTOR('',#11555,1.);
#11555 = DIRECTION('',(0.,0.,1.));
#11556 = ORIENTED_EDGE('',*,*,#1061,.F.);
#11557 = CYLINDRICAL_SURFACE('',#11558,0.299966762338);
#11558 = AXIS2_PLACEMENT_3D('',#11559,#11560,#11561);
#11559 = CARTESIAN_POINT('',(73.062862699494,-128.9500332378,0.));
#11560 = DIRECTION('',(0.,0.,-1.));
#11561 = DIRECTION('',(0.521032061311,-0.853537105863,0.));
#11562 = ADVANCED_FACE('',(#11563),#11574,.T.);
#11563 = FACE_BOUND('',#11564,.T.);
#11564 = EDGE_LOOP('',(#11565,#11571,#11572,#11573));
#11565 = ORIENTED_EDGE('',*,*,#11566,.T.);
#11566 = EDGE_CURVE('',#917,#5889,#11567,.T.);
#11567 = LINE('',#11568,#11569);
#11568 = CARTESIAN_POINT('',(73.8625,-130.75,0.));
#11569 = VECTOR('',#11570,1.);
#11570 = DIRECTION('',(0.,0.,1.));
#11571 = ORIENTED_EDGE('',*,*,#5888,.T.);
#11572 = ORIENTED_EDGE('',*,*,#11532,.F.);
#11573 = ORIENTED_EDGE('',*,*,#916,.F.);
#11574 = PLANE('',#11575);
#11575 = AXIS2_PLACEMENT_3D('',#11576,#11577,#11578);
#11576 = CARTESIAN_POINT('',(73.8625,-130.75,0.));
#11577 = DIRECTION('',(-1.,0.,0.));
#11578 = DIRECTION('',(0.,1.,0.));
#11579 = ADVANCED_FACE('',(#11580),#11591,.T.);
#11580 = FACE_BOUND('',#11581,.T.);
#11581 = EDGE_LOOP('',(#11582,#11583,#11584,#11590));
#11582 = ORIENTED_EDGE('',*,*,#11551,.T.);
#11583 = ORIENTED_EDGE('',*,*,#6025,.T.);
#11584 = ORIENTED_EDGE('',*,*,#11585,.F.);
#11585 = EDGE_CURVE('',#1046,#6018,#11586,.T.);
#11586 = LINE('',#11587,#11588);
#11587 = CARTESIAN_POINT('',(72.1625,-129.25,0.));
#11588 = VECTOR('',#11589,1.);
#11589 = DIRECTION('',(0.,0.,1.));
#11590 = ORIENTED_EDGE('',*,*,#1053,.F.);
#11591 = PLANE('',#11592);
#11592 = AXIS2_PLACEMENT_3D('',#11593,#11594,#11595);
#11593 = CARTESIAN_POINT('',(73.062853,-129.25,0.));
#11594 = DIRECTION('',(0.,-1.,0.));
#11595 = DIRECTION('',(-1.,0.,0.));
#11596 = ADVANCED_FACE('',(#11597),#11608,.T.);
#11597 = FACE_BOUND('',#11598,.T.);
#11598 = EDGE_LOOP('',(#11599,#11605,#11606,#11607));
#11599 = ORIENTED_EDGE('',*,*,#11600,.T.);
#11600 = EDGE_CURVE('',#925,#5897,#11601,.T.);
#11601 = LINE('',#11602,#11603);
#11602 = CARTESIAN_POINT('',(73.8625,-131.450353,0.));
#11603 = VECTOR('',#11604,1.);
#11604 = DIRECTION('',(0.,0.,1.));
#11605 = ORIENTED_EDGE('',*,*,#5896,.T.);
#11606 = ORIENTED_EDGE('',*,*,#11566,.F.);
#11607 = ORIENTED_EDGE('',*,*,#924,.F.);
#11608 = PLANE('',#11609);
#11609 = AXIS2_PLACEMENT_3D('',#11610,#11611,#11612);
#11610 = CARTESIAN_POINT('',(73.8625,-131.450353,0.));
#11611 = DIRECTION('',(-1.,0.,0.));
#11612 = DIRECTION('',(0.,1.,0.));
#11613 = ADVANCED_FACE('',(#11614),#11625,.T.);
#11614 = FACE_BOUND('',#11615,.T.);
#11615 = EDGE_LOOP('',(#11616,#11617,#11618,#11624));
#11616 = ORIENTED_EDGE('',*,*,#11585,.T.);
#11617 = ORIENTED_EDGE('',*,*,#6017,.T.);
#11618 = ORIENTED_EDGE('',*,*,#11619,.F.);
#11619 = EDGE_CURVE('',#1037,#6009,#11620,.T.);
#11620 = LINE('',#11621,#11622);
#11621 = CARTESIAN_POINT('',(71.262147,-129.25,0.));
#11622 = VECTOR('',#11623,1.);
#11623 = DIRECTION('',(0.,0.,1.));
#11624 = ORIENTED_EDGE('',*,*,#1045,.F.);
#11625 = PLANE('',#11626);
#11626 = AXIS2_PLACEMENT_3D('',#11627,#11628,#11629);
#11627 = CARTESIAN_POINT('',(72.1625,-129.25,0.));
#11628 = DIRECTION('',(0.,-1.,0.));
#11629 = DIRECTION('',(-1.,0.,0.));
#11630 = ADVANCED_FACE('',(#11631),#11642,.T.);
#11631 = FACE_BOUND('',#11632,.T.);
#11632 = EDGE_LOOP('',(#11633,#11639,#11640,#11641));
#11633 = ORIENTED_EDGE('',*,*,#11634,.T.);
#11634 = EDGE_CURVE('',#933,#5905,#11635,.T.);
#11635 = LINE('',#11636,#11637);
#11636 = CARTESIAN_POINT('',(73.906434,-131.606655,0.));
#11637 = VECTOR('',#11638,1.);
#11638 = DIRECTION('',(0.,0.,1.));
#11639 = ORIENTED_EDGE('',*,*,#5904,.T.);
#11640 = ORIENTED_EDGE('',*,*,#11600,.F.);
#11641 = ORIENTED_EDGE('',*,*,#932,.F.);
#11642 = CYLINDRICAL_SURFACE('',#11643,0.299966762338);
#11643 = AXIS2_PLACEMENT_3D('',#11644,#11645,#11646);
#11644 = CARTESIAN_POINT('',(74.162466762181,-131.4503626994,0.));
#11645 = DIRECTION('',(0.,0.,-1.));
#11646 = DIRECTION('',(-0.853537105863,-0.521032061311,-0.));
#11647 = ADVANCED_FACE('',(#11648),#11659,.T.);
#11648 = FACE_BOUND('',#11649,.T.);
#11649 = EDGE_LOOP('',(#11650,#11651,#11652,#11658));
#11650 = ORIENTED_EDGE('',*,*,#11619,.T.);
#11651 = ORIENTED_EDGE('',*,*,#6008,.T.);
#11652 = ORIENTED_EDGE('',*,*,#11653,.F.);
#11653 = EDGE_CURVE('',#1028,#6000,#11654,.T.);
#11654 = LINE('',#11655,#11656);
#11655 = CARTESIAN_POINT('',(71.105845,-129.206066,0.));
#11656 = VECTOR('',#11657,1.);
#11657 = DIRECTION('',(0.,0.,1.));
#11658 = ORIENTED_EDGE('',*,*,#1036,.F.);
#11659 = CYLINDRICAL_SURFACE('',#11660,0.299991600077);
#11660 = AXIS2_PLACEMENT_3D('',#11661,#11662,#11663);
#11661 = CARTESIAN_POINT('',(71.262144282039,-128.9500083999,0.));
#11662 = DIRECTION('',(0.,0.,-1.));
#11663 = DIRECTION('',(9.060123714578E-06,-0.999999999959,0.));
#11664 = ADVANCED_FACE('',(#11665),#11676,.F.);
#11665 = FACE_BOUND('',#11666,.T.);
#11666 = EDGE_LOOP('',(#11667,#11673,#11674,#11675));
#11667 = ORIENTED_EDGE('',*,*,#11668,.T.);
#11668 = EDGE_CURVE('',#942,#5914,#11669,.T.);
#11669 = LINE('',#11670,#11671);
#11670 = CARTESIAN_POINT('',(73.219155,-132.293934,0.));
#11671 = VECTOR('',#11672,1.);
#11672 = DIRECTION('',(0.,0.,1.));
#11673 = ORIENTED_EDGE('',*,*,#5913,.T.);
#11674 = ORIENTED_EDGE('',*,*,#11634,.F.);
#11675 = ORIENTED_EDGE('',*,*,#941,.F.);
#11676 = CYLINDRICAL_SURFACE('',#11677,0.499998734392);
#11677 = AXIS2_PLACEMENT_3D('',#11678,#11679,#11680);
#11678 = CARTESIAN_POINT('',(73.479660504327,-131.8671605043,0.));
#11679 = DIRECTION('',(-0.,-0.,-1.));
#11680 = DIRECTION('',(-0.521012327448,-0.853549151864,0.));
#11681 = ADVANCED_FACE('',(#11682),#11693,.F.);
#11682 = FACE_BOUND('',#11683,.T.);
#11683 = EDGE_LOOP('',(#11684,#11685,#11686,#11692));
#11684 = ORIENTED_EDGE('',*,*,#11653,.T.);
#11685 = ORIENTED_EDGE('',*,*,#5999,.T.);
#11686 = ORIENTED_EDGE('',*,*,#11687,.F.);
#11687 = EDGE_CURVE('',#1019,#5991,#11688,.T.);
#11688 = LINE('',#11689,#11690);
#11689 = CARTESIAN_POINT('',(70.418566,-129.893345,0.));
#11690 = VECTOR('',#11691,1.);
#11691 = DIRECTION('',(0.,0.,1.));
#11692 = ORIENTED_EDGE('',*,*,#1027,.F.);
#11693 = CYLINDRICAL_SURFACE('',#11694,0.499999603944);
#11694 = AXIS2_PLACEMENT_3D('',#11695,#11696,#11697);
#11695 = CARTESIAN_POINT('',(70.84534211054,-129.6328421105,0.));
#11696 = DIRECTION('',(-0.,-0.,-1.));
#11697 = DIRECTION('',(0.521006191615,0.853552897188,-0.));
#11698 = ADVANCED_FACE('',(#11699),#11710,.T.);
#11699 = FACE_BOUND('',#11700,.T.);
#11700 = EDGE_LOOP('',(#11701,#11707,#11708,#11709));
#11701 = ORIENTED_EDGE('',*,*,#11702,.T.);
#11702 = EDGE_CURVE('',#951,#5923,#11703,.T.);
#11703 = LINE('',#11704,#11705);
#11704 = CARTESIAN_POINT('',(73.062853,-132.25,0.));
#11705 = VECTOR('',#11706,1.);
#11706 = DIRECTION('',(0.,0.,1.));
#11707 = ORIENTED_EDGE('',*,*,#5922,.T.);
#11708 = ORIENTED_EDGE('',*,*,#11668,.F.);
#11709 = ORIENTED_EDGE('',*,*,#950,.F.);
#11710 = CYLINDRICAL_SURFACE('',#11711,0.300023425677);
#11711 = AXIS2_PLACEMENT_3D('',#11712,#11713,#11714);
#11712 = CARTESIAN_POINT('',(73.062846772307,-132.5500234256,0.));
#11713 = DIRECTION('',(0.,0.,-1.));
#11714 = DIRECTION('',(2.075735508054E-05,0.999999999785,0.));
#11715 = ADVANCED_FACE('',(#11716),#11727,.T.);
#11716 = FACE_BOUND('',#11717,.T.);
#11717 = EDGE_LOOP('',(#11718,#11719,#11720,#11726));
#11718 = ORIENTED_EDGE('',*,*,#11687,.T.);
#11719 = ORIENTED_EDGE('',*,*,#5990,.T.);
#11720 = ORIENTED_EDGE('',*,*,#11721,.F.);
#11721 = EDGE_CURVE('',#1011,#5983,#11722,.T.);
#11722 = LINE('',#11723,#11724);
#11723 = CARTESIAN_POINT('',(70.4625,-130.049647,0.));
#11724 = VECTOR('',#11725,1.);
#11725 = DIRECTION('',(0.,0.,1.));
#11726 = ORIENTED_EDGE('',*,*,#1018,.F.);
#11727 = CYLINDRICAL_SURFACE('',#11728,0.299991600078);
#11728 = AXIS2_PLACEMENT_3D('',#11729,#11730,#11731);
#11729 = CARTESIAN_POINT('',(70.162508399935,-130.049644282,0.));
#11730 = DIRECTION('',(0.,0.,-1.));
#11731 = DIRECTION('',(0.853549232709,0.521012195003,0.));
#11732 = ADVANCED_FACE('',(#11733),#11744,.T.);
#11733 = FACE_BOUND('',#11734,.T.);
#11734 = EDGE_LOOP('',(#11735,#11741,#11742,#11743));
#11735 = ORIENTED_EDGE('',*,*,#11736,.T.);
#11736 = EDGE_CURVE('',#960,#5932,#11737,.T.);
#11737 = LINE('',#11738,#11739);
#11738 = CARTESIAN_POINT('',(72.1625,-132.25,0.));
#11739 = VECTOR('',#11740,1.);
#11740 = DIRECTION('',(0.,0.,1.));
#11741 = ORIENTED_EDGE('',*,*,#5931,.T.);
#11742 = ORIENTED_EDGE('',*,*,#11702,.F.);
#11743 = ORIENTED_EDGE('',*,*,#959,.F.);
#11744 = PLANE('',#11745);
#11745 = AXIS2_PLACEMENT_3D('',#11746,#11747,#11748);
#11746 = CARTESIAN_POINT('',(72.1625,-132.25,0.));
#11747 = DIRECTION('',(0.,1.,0.));
#11748 = DIRECTION('',(1.,0.,0.));
#11749 = ADVANCED_FACE('',(#11750),#11761,.T.);
#11750 = FACE_BOUND('',#11751,.T.);
#11751 = EDGE_LOOP('',(#11752,#11753,#11754,#11760));
#11752 = ORIENTED_EDGE('',*,*,#11721,.T.);
#11753 = ORIENTED_EDGE('',*,*,#5982,.T.);
#11754 = ORIENTED_EDGE('',*,*,#11755,.F.);
#11755 = EDGE_CURVE('',#1003,#5975,#11756,.T.);
#11756 = LINE('',#11757,#11758);
#11757 = CARTESIAN_POINT('',(70.4625,-130.75,0.));
#11758 = VECTOR('',#11759,1.);
#11759 = DIRECTION('',(0.,0.,1.));
#11760 = ORIENTED_EDGE('',*,*,#1010,.F.);
#11761 = PLANE('',#11762);
#11762 = AXIS2_PLACEMENT_3D('',#11763,#11764,#11765);
#11763 = CARTESIAN_POINT('',(70.4625,-130.049647,0.));
#11764 = DIRECTION('',(1.,0.,-0.));
#11765 = DIRECTION('',(0.,-1.,0.));
#11766 = ADVANCED_FACE('',(#11767),#11778,.T.);
#11767 = FACE_BOUND('',#11768,.T.);
#11768 = EDGE_LOOP('',(#11769,#11775,#11776,#11777));
#11769 = ORIENTED_EDGE('',*,*,#11770,.T.);
#11770 = EDGE_CURVE('',#968,#5940,#11771,.T.);
#11771 = LINE('',#11772,#11773);
#11772 = CARTESIAN_POINT('',(71.262147,-132.25,0.));
#11773 = VECTOR('',#11774,1.);
#11774 = DIRECTION('',(0.,0.,1.));
#11775 = ORIENTED_EDGE('',*,*,#5939,.T.);
#11776 = ORIENTED_EDGE('',*,*,#11736,.F.);
#11777 = ORIENTED_EDGE('',*,*,#967,.F.);
#11778 = PLANE('',#11779);
#11779 = AXIS2_PLACEMENT_3D('',#11780,#11781,#11782);
#11780 = CARTESIAN_POINT('',(71.262147,-132.25,0.));
#11781 = DIRECTION('',(0.,1.,0.));
#11782 = DIRECTION('',(1.,0.,0.));
#11783 = ADVANCED_FACE('',(#11784),#11795,.T.);
#11784 = FACE_BOUND('',#11785,.T.);
#11785 = EDGE_LOOP('',(#11786,#11787,#11788,#11794));
#11786 = ORIENTED_EDGE('',*,*,#11755,.T.);
#11787 = ORIENTED_EDGE('',*,*,#5974,.T.);
#11788 = ORIENTED_EDGE('',*,*,#11789,.F.);
#11789 = EDGE_CURVE('',#994,#5966,#11790,.T.);
#11790 = LINE('',#11791,#11792);
#11791 = CARTESIAN_POINT('',(70.4625,-131.450353,0.));
#11792 = VECTOR('',#11793,1.);
#11793 = DIRECTION('',(0.,0.,1.));
#11794 = ORIENTED_EDGE('',*,*,#1002,.F.);
#11795 = PLANE('',#11796);
#11796 = AXIS2_PLACEMENT_3D('',#11797,#11798,#11799);
#11797 = CARTESIAN_POINT('',(70.4625,-130.75,0.));
#11798 = DIRECTION('',(1.,0.,-0.));
#11799 = DIRECTION('',(0.,-1.,0.));
#11800 = ADVANCED_FACE('',(#11801),#11812,.T.);
#11801 = FACE_BOUND('',#11802,.T.);
#11802 = EDGE_LOOP('',(#11803,#11809,#11810,#11811));
#11803 = ORIENTED_EDGE('',*,*,#11804,.T.);
#11804 = EDGE_CURVE('',#976,#5948,#11805,.T.);
#11805 = LINE('',#11806,#11807);
#11806 = CARTESIAN_POINT('',(71.105845,-132.293934,0.));
#11807 = VECTOR('',#11808,1.);
#11808 = DIRECTION('',(0.,0.,1.));
#11809 = ORIENTED_EDGE('',*,*,#5947,.T.);
#11810 = ORIENTED_EDGE('',*,*,#11770,.F.);
#11811 = ORIENTED_EDGE('',*,*,#975,.F.);
#11812 = CYLINDRICAL_SURFACE('',#11813,0.299991600077);
#11813 = AXIS2_PLACEMENT_3D('',#11814,#11815,#11816);
#11814 = CARTESIAN_POINT('',(71.262144282039,-132.5499916,0.));
#11815 = DIRECTION('',(0.,0.,-1.));
#11816 = DIRECTION('',(-0.521012195004,0.853549232709,0.));
#11817 = ADVANCED_FACE('',(#11818),#11829,.T.);
#11818 = FACE_BOUND('',#11819,.T.);
#11819 = EDGE_LOOP('',(#11820,#11821,#11822,#11828));
#11820 = ORIENTED_EDGE('',*,*,#11789,.T.);
#11821 = ORIENTED_EDGE('',*,*,#5965,.T.);
#11822 = ORIENTED_EDGE('',*,*,#11823,.F.);
#11823 = EDGE_CURVE('',#985,#5957,#11824,.T.);
#11824 = LINE('',#11825,#11826);
#11825 = CARTESIAN_POINT('',(70.418566,-131.606655,0.));
#11826 = VECTOR('',#11827,1.);
#11827 = DIRECTION('',(0.,0.,1.));
#11828 = ORIENTED_EDGE('',*,*,#993,.F.);
#11829 = CYLINDRICAL_SURFACE('',#11830,0.299991600078);
#11830 = AXIS2_PLACEMENT_3D('',#11831,#11832,#11833);
#11831 = CARTESIAN_POINT('',(70.162508399935,-131.4503557179,0.));
#11832 = DIRECTION('',(0.,0.,-1.));
#11833 = DIRECTION('',(0.999999999959,9.06012338297E-06,0.));
#11834 = ADVANCED_FACE('',(#11835),#11841,.F.);
#11835 = FACE_BOUND('',#11836,.T.);
#11836 = EDGE_LOOP('',(#11837,#11838,#11839,#11840));
#11837 = ORIENTED_EDGE('',*,*,#11823,.T.);
#11838 = ORIENTED_EDGE('',*,*,#5956,.T.);
#11839 = ORIENTED_EDGE('',*,*,#11804,.F.);
#11840 = ORIENTED_EDGE('',*,*,#984,.F.);
#11841 = CYLINDRICAL_SURFACE('',#11842,0.499999603944);
#11842 = AXIS2_PLACEMENT_3D('',#11843,#11844,#11845);
#11843 = CARTESIAN_POINT('',(70.84534211054,-131.8671578894,0.));
#11844 = DIRECTION('',(-0.,-0.,-1.));
#11845 = DIRECTION('',(-0.853552897188,0.521006191615,0.));
#11846 = ADVANCED_FACE('',(#11847),#11858,.F.);
#11847 = FACE_BOUND('',#11848,.T.);
#11848 = EDGE_LOOP('',(#11849,#11850,#11856,#11857));
#11849 = ORIENTED_EDGE('',*,*,#1070,.T.);
#11850 = ORIENTED_EDGE('',*,*,#11851,.T.);
#11851 = EDGE_CURVE('',#1071,#6043,#11852,.T.);
#11852 = LINE('',#11853,#11854);
#11853 = CARTESIAN_POINT('',(48.0325,-126.545,-4.6E-02));
#11854 = VECTOR('',#11855,1.);
#11855 = DIRECTION('',(0.,0.,1.));
#11856 = ORIENTED_EDGE('',*,*,#6042,.F.);
#11857 = ORIENTED_EDGE('',*,*,#11851,.F.);
#11858 = CYLINDRICAL_SURFACE('',#11859,0.875);
#11859 = AXIS2_PLACEMENT_3D('',#11860,#11861,#11862);
#11860 = CARTESIAN_POINT('',(48.0325,-125.67,-4.6E-02));
#11861 = DIRECTION('',(-0.,-0.,-1.));
#11862 = DIRECTION('',(-0.,-1.,0.));
#11863 = ADVANCED_FACE('',(#11864),#11875,.F.);
#11864 = FACE_BOUND('',#11865,.T.);
#11865 = EDGE_LOOP('',(#11866,#11867,#11873,#11874));
#11866 = ORIENTED_EDGE('',*,*,#1081,.T.);
#11867 = ORIENTED_EDGE('',*,*,#11868,.T.);
#11868 = EDGE_CURVE('',#1082,#6054,#11869,.T.);
#11869 = LINE('',#11870,#11871);
#11870 = CARTESIAN_POINT('',(53.1125,-127.67,-4.6E-02));
#11871 = VECTOR('',#11872,1.);
#11872 = DIRECTION('',(0.,0.,1.));
#11873 = ORIENTED_EDGE('',*,*,#6053,.F.);
#11874 = ORIENTED_EDGE('',*,*,#11868,.F.);
#11875 = CYLINDRICAL_SURFACE('',#11876,2.);
#11876 = AXIS2_PLACEMENT_3D('',#11877,#11878,#11879);
#11877 = CARTESIAN_POINT('',(53.1125,-125.67,-4.6E-02));
#11878 = DIRECTION('',(-0.,-0.,-1.));
#11879 = DIRECTION('',(-0.,-1.,0.));
#11880 = ADVANCED_FACE('',(#11881),#11892,.F.);
#11881 = FACE_BOUND('',#11882,.T.);
#11882 = EDGE_LOOP('',(#11883,#11884,#11890,#11891));
#11883 = ORIENTED_EDGE('',*,*,#1092,.T.);
#11884 = ORIENTED_EDGE('',*,*,#11885,.T.);
#11885 = EDGE_CURVE('',#1093,#6065,#11886,.T.);
#11886 = LINE('',#11887,#11888);
#11887 = CARTESIAN_POINT('',(49.3025,-124.655,-4.6E-02));
#11888 = VECTOR('',#11889,1.);
#11889 = DIRECTION('',(0.,0.,1.));
#11890 = ORIENTED_EDGE('',*,*,#6064,.F.);
#11891 = ORIENTED_EDGE('',*,*,#11885,.F.);
#11892 = CYLINDRICAL_SURFACE('',#11893,1.525);
#11893 = AXIS2_PLACEMENT_3D('',#11894,#11895,#11896);
#11894 = CARTESIAN_POINT('',(49.3025,-123.13,-4.6E-02));
#11895 = DIRECTION('',(-0.,-0.,-1.));
#11896 = DIRECTION('',(-0.,-1.,0.));
#11897 = ADVANCED_FACE('',(#11898),#11909,.F.);
#11898 = FACE_BOUND('',#11899,.T.);
#11899 = EDGE_LOOP('',(#11900,#11901,#11907,#11908));
#11900 = ORIENTED_EDGE('',*,*,#1103,.T.);
#11901 = ORIENTED_EDGE('',*,*,#11902,.T.);
#11902 = EDGE_CURVE('',#1104,#6076,#11903,.T.);
#11903 = LINE('',#11904,#11905);
#11904 = CARTESIAN_POINT('',(58.1925,-126.545,-4.6E-02));
#11905 = VECTOR('',#11906,1.);
#11906 = DIRECTION('',(0.,0.,1.));
#11907 = ORIENTED_EDGE('',*,*,#6075,.F.);
#11908 = ORIENTED_EDGE('',*,*,#11902,.F.);
#11909 = CYLINDRICAL_SURFACE('',#11910,0.875);
#11910 = AXIS2_PLACEMENT_3D('',#11911,#11912,#11913);
#11911 = CARTESIAN_POINT('',(58.1925,-125.67,-4.6E-02));
#11912 = DIRECTION('',(-0.,-0.,-1.));
#11913 = DIRECTION('',(-0.,-1.,0.));
#11914 = ADVANCED_FACE('',(#11915),#11926,.F.);
#11915 = FACE_BOUND('',#11916,.T.);
#11916 = EDGE_LOOP('',(#11917,#11918,#11924,#11925));
#11917 = ORIENTED_EDGE('',*,*,#1114,.T.);
#11918 = ORIENTED_EDGE('',*,*,#11919,.T.);
#11919 = EDGE_CURVE('',#1115,#6087,#11920,.T.);
#11920 = LINE('',#11921,#11922);
#11921 = CARTESIAN_POINT('',(55.6525,-122.115,-4.6E-02));
#11922 = VECTOR('',#11923,1.);
#11923 = DIRECTION('',(0.,0.,1.));
#11924 = ORIENTED_EDGE('',*,*,#6086,.F.);
#11925 = ORIENTED_EDGE('',*,*,#11919,.F.);
#11926 = CYLINDRICAL_SURFACE('',#11927,1.525);
#11927 = AXIS2_PLACEMENT_3D('',#11928,#11929,#11930);
#11928 = CARTESIAN_POINT('',(55.6525,-120.59,-4.6E-02));
#11929 = DIRECTION('',(-0.,-0.,-1.));
#11930 = DIRECTION('',(-0.,-1.,0.));
#11931 = ADVANCED_FACE('',(#11932),#11943,.F.);
#11932 = FACE_BOUND('',#11933,.T.);
#11933 = EDGE_LOOP('',(#11934,#11935,#11941,#11942));
#11934 = ORIENTED_EDGE('',*,*,#1125,.T.);
#11935 = ORIENTED_EDGE('',*,*,#11936,.T.);
#11936 = EDGE_CURVE('',#1126,#6098,#11937,.T.);
#11937 = LINE('',#11938,#11939);
#11938 = CARTESIAN_POINT('',(48.0325,-107.495,-4.6E-02));
#11939 = VECTOR('',#11940,1.);
#11940 = DIRECTION('',(0.,0.,1.));
#11941 = ORIENTED_EDGE('',*,*,#6097,.F.);
#11942 = ORIENTED_EDGE('',*,*,#11936,.F.);
#11943 = CYLINDRICAL_SURFACE('',#11944,0.875);
#11944 = AXIS2_PLACEMENT_3D('',#11945,#11946,#11947);
#11945 = CARTESIAN_POINT('',(48.0325,-106.62,-4.6E-02));
#11946 = DIRECTION('',(-0.,-0.,-1.));
#11947 = DIRECTION('',(-0.,-1.,0.));
#11948 = ADVANCED_FACE('',(#11949),#11965,.F.);
#11949 = FACE_BOUND('',#11950,.T.);
#11950 = EDGE_LOOP('',(#11951,#11957,#11958,#11964));
#11951 = ORIENTED_EDGE('',*,*,#11952,.T.);
#11952 = EDGE_CURVE('',#1137,#6109,#11953,.T.);
#11953 = LINE('',#11954,#11955);
#11954 = CARTESIAN_POINT('',(54.856434,-110.843345,0.));
#11955 = VECTOR('',#11956,1.);
#11956 = DIRECTION('',(0.,0.,1.));
#11957 = ORIENTED_EDGE('',*,*,#6108,.T.);
#11958 = ORIENTED_EDGE('',*,*,#11959,.F.);
#11959 = EDGE_CURVE('',#1139,#6111,#11960,.T.);
#11960 = LINE('',#11961,#11962);
#11961 = CARTESIAN_POINT('',(54.169155,-110.156066,0.));
#11962 = VECTOR('',#11963,1.);
#11963 = DIRECTION('',(0.,0.,1.));
#11964 = ORIENTED_EDGE('',*,*,#1136,.F.);
#11965 = CYLINDRICAL_SURFACE('',#11966,0.499999603944);
#11966 = AXIS2_PLACEMENT_3D('',#11967,#11968,#11969);
#11967 = CARTESIAN_POINT('',(54.42965788946,-110.5828421105,0.));
#11968 = DIRECTION('',(-0.,-0.,-1.));
#11969 = DIRECTION('',(0.853552897188,-0.521006191616,0.));
#11970 = ADVANCED_FACE('',(#11971),#11982,.T.);
#11971 = FACE_BOUND('',#11972,.T.);
#11972 = EDGE_LOOP('',(#11973,#11979,#11980,#11981));
#11973 = ORIENTED_EDGE('',*,*,#11974,.T.);
#11974 = EDGE_CURVE('',#1148,#6120,#11975,.T.);
#11975 = LINE('',#11976,#11977);
#11976 = CARTESIAN_POINT('',(54.8125,-110.999647,0.));
#11977 = VECTOR('',#11978,1.);
#11978 = DIRECTION('',(0.,0.,1.));
#11979 = ORIENTED_EDGE('',*,*,#6119,.T.);
#11980 = ORIENTED_EDGE('',*,*,#11952,.F.);
#11981 = ORIENTED_EDGE('',*,*,#1147,.F.);
#11982 = CYLINDRICAL_SURFACE('',#11983,0.299683785035);
#11983 = AXIS2_PLACEMENT_3D('',#11984,#11985,#11986);
#11984 = CARTESIAN_POINT('',(55.112183771747,-110.9995577564,0.));
#11985 = DIRECTION('',(0.,0.,-1.));
#11986 = DIRECTION('',(-0.99999995566,-2.977925314543E-04,-0.));
#11987 = ADVANCED_FACE('',(#11988),#11999,.T.);
#11988 = FACE_BOUND('',#11989,.T.);
#11989 = EDGE_LOOP('',(#11990,#11991,#11992,#11998));
#11990 = ORIENTED_EDGE('',*,*,#11959,.T.);
#11991 = ORIENTED_EDGE('',*,*,#6273,.T.);
#11992 = ORIENTED_EDGE('',*,*,#11993,.F.);
#11993 = EDGE_CURVE('',#1294,#6266,#11994,.T.);
#11994 = LINE('',#11995,#11996);
#11995 = CARTESIAN_POINT('',(54.012853,-110.2,0.));
#11996 = VECTOR('',#11997,1.);
#11997 = DIRECTION('',(0.,0.,1.));
#11998 = ORIENTED_EDGE('',*,*,#1301,.F.);
#11999 = CYLINDRICAL_SURFACE('',#12000,0.299966762338);
#12000 = AXIS2_PLACEMENT_3D('',#12001,#12002,#12003);
#12001 = CARTESIAN_POINT('',(54.012862699494,-109.9000332378,0.));
#12002 = DIRECTION('',(0.,0.,-1.));
#12003 = DIRECTION('',(0.521032061311,-0.853537105863,0.));
#12004 = ADVANCED_FACE('',(#12005),#12016,.T.);
#12005 = FACE_BOUND('',#12006,.T.);
#12006 = EDGE_LOOP('',(#12007,#12013,#12014,#12015));
#12007 = ORIENTED_EDGE('',*,*,#12008,.T.);
#12008 = EDGE_CURVE('',#1157,#6129,#12009,.T.);
#12009 = LINE('',#12010,#12011);
#12010 = CARTESIAN_POINT('',(54.8125,-111.7,0.));
#12011 = VECTOR('',#12012,1.);
#12012 = DIRECTION('',(0.,0.,1.));
#12013 = ORIENTED_EDGE('',*,*,#6128,.T.);
#12014 = ORIENTED_EDGE('',*,*,#11974,.F.);
#12015 = ORIENTED_EDGE('',*,*,#1156,.F.);
#12016 = PLANE('',#12017);
#12017 = AXIS2_PLACEMENT_3D('',#12018,#12019,#12020);
#12018 = CARTESIAN_POINT('',(54.8125,-111.7,0.));
#12019 = DIRECTION('',(-1.,0.,0.));
#12020 = DIRECTION('',(0.,1.,0.));
#12021 = ADVANCED_FACE('',(#12022),#12033,.T.);
#12022 = FACE_BOUND('',#12023,.T.);
#12023 = EDGE_LOOP('',(#12024,#12025,#12026,#12032));
#12024 = ORIENTED_EDGE('',*,*,#11993,.T.);
#12025 = ORIENTED_EDGE('',*,*,#6265,.T.);
#12026 = ORIENTED_EDGE('',*,*,#12027,.F.);
#12027 = EDGE_CURVE('',#1286,#6258,#12028,.T.);
#12028 = LINE('',#12029,#12030);
#12029 = CARTESIAN_POINT('',(53.1125,-110.2,0.));
#12030 = VECTOR('',#12031,1.);
#12031 = DIRECTION('',(0.,0.,1.));
#12032 = ORIENTED_EDGE('',*,*,#1293,.F.);
#12033 = PLANE('',#12034);
#12034 = AXIS2_PLACEMENT_3D('',#12035,#12036,#12037);
#12035 = CARTESIAN_POINT('',(54.012853,-110.2,0.));
#12036 = DIRECTION('',(0.,-1.,0.));
#12037 = DIRECTION('',(-1.,0.,0.));
#12038 = ADVANCED_FACE('',(#12039),#12050,.T.);
#12039 = FACE_BOUND('',#12040,.T.);
#12040 = EDGE_LOOP('',(#12041,#12047,#12048,#12049));
#12041 = ORIENTED_EDGE('',*,*,#12042,.T.);
#12042 = EDGE_CURVE('',#1165,#6137,#12043,.T.);
#12043 = LINE('',#12044,#12045);
#12044 = CARTESIAN_POINT('',(54.8125,-112.400353,0.));
#12045 = VECTOR('',#12046,1.);
#12046 = DIRECTION('',(0.,0.,1.));
#12047 = ORIENTED_EDGE('',*,*,#6136,.T.);
#12048 = ORIENTED_EDGE('',*,*,#12008,.F.);
#12049 = ORIENTED_EDGE('',*,*,#1164,.F.);
#12050 = PLANE('',#12051);
#12051 = AXIS2_PLACEMENT_3D('',#12052,#12053,#12054);
#12052 = CARTESIAN_POINT('',(54.8125,-112.400353,0.));
#12053 = DIRECTION('',(-1.,0.,0.));
#12054 = DIRECTION('',(0.,1.,0.));
#12055 = ADVANCED_FACE('',(#12056),#12067,.T.);
#12056 = FACE_BOUND('',#12057,.T.);
#12057 = EDGE_LOOP('',(#12058,#12059,#12060,#12066));
#12058 = ORIENTED_EDGE('',*,*,#12027,.T.);
#12059 = ORIENTED_EDGE('',*,*,#6257,.T.);
#12060 = ORIENTED_EDGE('',*,*,#12061,.F.);
#12061 = EDGE_CURVE('',#1277,#6249,#12062,.T.);
#12062 = LINE('',#12063,#12064);
#12063 = CARTESIAN_POINT('',(52.212147,-110.2,0.));
#12064 = VECTOR('',#12065,1.);
#12065 = DIRECTION('',(0.,0.,1.));
#12066 = ORIENTED_EDGE('',*,*,#1285,.F.);
#12067 = PLANE('',#12068);
#12068 = AXIS2_PLACEMENT_3D('',#12069,#12070,#12071);
#12069 = CARTESIAN_POINT('',(53.1125,-110.2,0.));
#12070 = DIRECTION('',(0.,-1.,0.));
#12071 = DIRECTION('',(-1.,0.,0.));
#12072 = ADVANCED_FACE('',(#12073),#12084,.T.);
#12073 = FACE_BOUND('',#12074,.T.);
#12074 = EDGE_LOOP('',(#12075,#12081,#12082,#12083));
#12075 = ORIENTED_EDGE('',*,*,#12076,.T.);
#12076 = EDGE_CURVE('',#1173,#6145,#12077,.T.);
#12077 = LINE('',#12078,#12079);
#12078 = CARTESIAN_POINT('',(54.856434,-112.556655,0.));
#12079 = VECTOR('',#12080,1.);
#12080 = DIRECTION('',(0.,0.,1.));
#12081 = ORIENTED_EDGE('',*,*,#6144,.T.);
#12082 = ORIENTED_EDGE('',*,*,#12042,.F.);
#12083 = ORIENTED_EDGE('',*,*,#1172,.F.);
#12084 = CYLINDRICAL_SURFACE('',#12085,0.299966762338);
#12085 = AXIS2_PLACEMENT_3D('',#12086,#12087,#12088);
#12086 = CARTESIAN_POINT('',(55.112466762181,-112.4003626994,0.));
#12087 = DIRECTION('',(0.,0.,-1.));
#12088 = DIRECTION('',(-0.853537105863,-0.521032061311,-0.));
#12089 = ADVANCED_FACE('',(#12090),#12101,.T.);
#12090 = FACE_BOUND('',#12091,.T.);
#12091 = EDGE_LOOP('',(#12092,#12093,#12094,#12100));
#12092 = ORIENTED_EDGE('',*,*,#12061,.T.);
#12093 = ORIENTED_EDGE('',*,*,#6248,.T.);
#12094 = ORIENTED_EDGE('',*,*,#12095,.F.);
#12095 = EDGE_CURVE('',#1268,#6240,#12096,.T.);
#12096 = LINE('',#12097,#12098);
#12097 = CARTESIAN_POINT('',(52.055845,-110.156066,0.));
#12098 = VECTOR('',#12099,1.);
#12099 = DIRECTION('',(0.,0.,1.));
#12100 = ORIENTED_EDGE('',*,*,#1276,.F.);
#12101 = CYLINDRICAL_SURFACE('',#12102,0.299991600078);
#12102 = AXIS2_PLACEMENT_3D('',#12103,#12104,#12105);
#12103 = CARTESIAN_POINT('',(52.212144282039,-109.9000083999,0.));
#12104 = DIRECTION('',(0.,0.,-1.));
#12105 = DIRECTION('',(9.060123359285E-06,-0.999999999959,0.));
#12106 = ADVANCED_FACE('',(#12107),#12118,.F.);
#12107 = FACE_BOUND('',#12108,.T.);
#12108 = EDGE_LOOP('',(#12109,#12115,#12116,#12117));
#12109 = ORIENTED_EDGE('',*,*,#12110,.T.);
#12110 = EDGE_CURVE('',#1182,#6154,#12111,.T.);
#12111 = LINE('',#12112,#12113);
#12112 = CARTESIAN_POINT('',(54.169155,-113.243934,0.));
#12113 = VECTOR('',#12114,1.);
#12114 = DIRECTION('',(0.,0.,1.));
#12115 = ORIENTED_EDGE('',*,*,#6153,.T.);
#12116 = ORIENTED_EDGE('',*,*,#12076,.F.);
#12117 = ORIENTED_EDGE('',*,*,#1181,.F.);
#12118 = CYLINDRICAL_SURFACE('',#12119,0.499998734392);
#12119 = AXIS2_PLACEMENT_3D('',#12120,#12121,#12122);
#12120 = CARTESIAN_POINT('',(54.429660504327,-112.8171605043,0.));
#12121 = DIRECTION('',(-0.,-0.,-1.));
#12122 = DIRECTION('',(-0.521012327448,-0.853549151864,0.));
#12123 = ADVANCED_FACE('',(#12124),#12135,.F.);
#12124 = FACE_BOUND('',#12125,.T.);
#12125 = EDGE_LOOP('',(#12126,#12127,#12128,#12134));
#12126 = ORIENTED_EDGE('',*,*,#12095,.T.);
#12127 = ORIENTED_EDGE('',*,*,#6239,.T.);
#12128 = ORIENTED_EDGE('',*,*,#12129,.F.);
#12129 = EDGE_CURVE('',#1259,#6231,#12130,.T.);
#12130 = LINE('',#12131,#12132);
#12131 = CARTESIAN_POINT('',(51.368566,-110.843345,0.));
#12132 = VECTOR('',#12133,1.);
#12133 = DIRECTION('',(0.,0.,1.));
#12134 = ORIENTED_EDGE('',*,*,#1267,.F.);
#12135 = CYLINDRICAL_SURFACE('',#12136,0.499999603944);
#12136 = AXIS2_PLACEMENT_3D('',#12137,#12138,#12139);
#12137 = CARTESIAN_POINT('',(51.79534211054,-110.5828421105,0.));
#12138 = DIRECTION('',(-0.,-0.,-1.));
#12139 = DIRECTION('',(0.521006191616,0.853552897188,-0.));
#12140 = ADVANCED_FACE('',(#12141),#12152,.T.);
#12141 = FACE_BOUND('',#12142,.T.);
#12142 = EDGE_LOOP('',(#12143,#12149,#12150,#12151));
#12143 = ORIENTED_EDGE('',*,*,#12144,.T.);
#12144 = EDGE_CURVE('',#1191,#6163,#12145,.T.);
#12145 = LINE('',#12146,#12147);
#12146 = CARTESIAN_POINT('',(54.012853,-113.2,0.));
#12147 = VECTOR('',#12148,1.);
#12148 = DIRECTION('',(0.,0.,1.));
#12149 = ORIENTED_EDGE('',*,*,#6162,.T.);
#12150 = ORIENTED_EDGE('',*,*,#12110,.F.);
#12151 = ORIENTED_EDGE('',*,*,#1190,.F.);
#12152 = CYLINDRICAL_SURFACE('',#12153,0.300023425677);
#12153 = AXIS2_PLACEMENT_3D('',#12154,#12155,#12156);
#12154 = CARTESIAN_POINT('',(54.012846772307,-113.5000234256,0.));
#12155 = DIRECTION('',(0.,0.,-1.));
#12156 = DIRECTION('',(2.075735515157E-05,0.999999999785,0.));
#12157 = ADVANCED_FACE('',(#12158),#12169,.T.);
#12158 = FACE_BOUND('',#12159,.T.);
#12159 = EDGE_LOOP('',(#12160,#12161,#12162,#12168));
#12160 = ORIENTED_EDGE('',*,*,#12129,.T.);
#12161 = ORIENTED_EDGE('',*,*,#6230,.T.);
#12162 = ORIENTED_EDGE('',*,*,#12163,.F.);
#12163 = EDGE_CURVE('',#1251,#6223,#12164,.T.);
#12164 = LINE('',#12165,#12166);
#12165 = CARTESIAN_POINT('',(51.4125,-110.999647,0.));
#12166 = VECTOR('',#12167,1.);
#12167 = DIRECTION('',(0.,0.,1.));
#12168 = ORIENTED_EDGE('',*,*,#1258,.F.);
#12169 = CYLINDRICAL_SURFACE('',#12170,0.299991600078);
#12170 = AXIS2_PLACEMENT_3D('',#12171,#12172,#12173);
#12171 = CARTESIAN_POINT('',(51.112508399935,-110.999644282,0.));
#12172 = DIRECTION('',(0.,0.,-1.));
#12173 = DIRECTION('',(0.853549232709,0.521012195004,0.));
#12174 = ADVANCED_FACE('',(#12175),#12186,.T.);
#12175 = FACE_BOUND('',#12176,.T.);
#12176 = EDGE_LOOP('',(#12177,#12183,#12184,#12185));
#12177 = ORIENTED_EDGE('',*,*,#12178,.T.);
#12178 = EDGE_CURVE('',#1200,#6172,#12179,.T.);
#12179 = LINE('',#12180,#12181);
#12180 = CARTESIAN_POINT('',(53.1125,-113.2,0.));
#12181 = VECTOR('',#12182,1.);
#12182 = DIRECTION('',(0.,0.,1.));
#12183 = ORIENTED_EDGE('',*,*,#6171,.T.);
#12184 = ORIENTED_EDGE('',*,*,#12144,.F.);
#12185 = ORIENTED_EDGE('',*,*,#1199,.F.);
#12186 = PLANE('',#12187);
#12187 = AXIS2_PLACEMENT_3D('',#12188,#12189,#12190);
#12188 = CARTESIAN_POINT('',(53.1125,-113.2,0.));
#12189 = DIRECTION('',(0.,1.,0.));
#12190 = DIRECTION('',(1.,0.,0.));
#12191 = ADVANCED_FACE('',(#12192),#12203,.T.);
#12192 = FACE_BOUND('',#12193,.T.);
#12193 = EDGE_LOOP('',(#12194,#12195,#12196,#12202));
#12194 = ORIENTED_EDGE('',*,*,#12163,.T.);
#12195 = ORIENTED_EDGE('',*,*,#6222,.T.);
#12196 = ORIENTED_EDGE('',*,*,#12197,.F.);
#12197 = EDGE_CURVE('',#1243,#6215,#12198,.T.);
#12198 = LINE('',#12199,#12200);
#12199 = CARTESIAN_POINT('',(51.4125,-111.7,0.));
#12200 = VECTOR('',#12201,1.);
#12201 = DIRECTION('',(0.,0.,1.));
#12202 = ORIENTED_EDGE('',*,*,#1250,.F.);
#12203 = PLANE('',#12204);
#12204 = AXIS2_PLACEMENT_3D('',#12205,#12206,#12207);
#12205 = CARTESIAN_POINT('',(51.4125,-110.999647,0.));
#12206 = DIRECTION('',(1.,0.,-0.));
#12207 = DIRECTION('',(0.,-1.,0.));
#12208 = ADVANCED_FACE('',(#12209),#12220,.T.);
#12209 = FACE_BOUND('',#12210,.T.);
#12210 = EDGE_LOOP('',(#12211,#12217,#12218,#12219));
#12211 = ORIENTED_EDGE('',*,*,#12212,.T.);
#12212 = EDGE_CURVE('',#1208,#6180,#12213,.T.);
#12213 = LINE('',#12214,#12215);
#12214 = CARTESIAN_POINT('',(52.212147,-113.2,0.));
#12215 = VECTOR('',#12216,1.);
#12216 = DIRECTION('',(0.,0.,1.));
#12217 = ORIENTED_EDGE('',*,*,#6179,.T.);
#12218 = ORIENTED_EDGE('',*,*,#12178,.F.);
#12219 = ORIENTED_EDGE('',*,*,#1207,.F.);
#12220 = PLANE('',#12221);
#12221 = AXIS2_PLACEMENT_3D('',#12222,#12223,#12224);
#12222 = CARTESIAN_POINT('',(52.212147,-113.2,0.));
#12223 = DIRECTION('',(0.,1.,0.));
#12224 = DIRECTION('',(1.,0.,0.));
#12225 = ADVANCED_FACE('',(#12226),#12237,.T.);
#12226 = FACE_BOUND('',#12227,.T.);
#12227 = EDGE_LOOP('',(#12228,#12229,#12230,#12236));
#12228 = ORIENTED_EDGE('',*,*,#12197,.T.);
#12229 = ORIENTED_EDGE('',*,*,#6214,.T.);
#12230 = ORIENTED_EDGE('',*,*,#12231,.F.);
#12231 = EDGE_CURVE('',#1234,#6206,#12232,.T.);
#12232 = LINE('',#12233,#12234);
#12233 = CARTESIAN_POINT('',(51.4125,-112.400353,0.));
#12234 = VECTOR('',#12235,1.);
#12235 = DIRECTION('',(0.,0.,1.));
#12236 = ORIENTED_EDGE('',*,*,#1242,.F.);
#12237 = PLANE('',#12238);
#12238 = AXIS2_PLACEMENT_3D('',#12239,#12240,#12241);
#12239 = CARTESIAN_POINT('',(51.4125,-111.7,0.));
#12240 = DIRECTION('',(1.,0.,-0.));
#12241 = DIRECTION('',(0.,-1.,0.));
#12242 = ADVANCED_FACE('',(#12243),#12254,.T.);
#12243 = FACE_BOUND('',#12244,.T.);
#12244 = EDGE_LOOP('',(#12245,#12251,#12252,#12253));
#12245 = ORIENTED_EDGE('',*,*,#12246,.T.);
#12246 = EDGE_CURVE('',#1216,#6188,#12247,.T.);
#12247 = LINE('',#12248,#12249);
#12248 = CARTESIAN_POINT('',(52.055845,-113.243934,0.));
#12249 = VECTOR('',#12250,1.);
#12250 = DIRECTION('',(0.,0.,1.));
#12251 = ORIENTED_EDGE('',*,*,#6187,.T.);
#12252 = ORIENTED_EDGE('',*,*,#12212,.F.);
#12253 = ORIENTED_EDGE('',*,*,#1215,.F.);
#12254 = CYLINDRICAL_SURFACE('',#12255,0.299991600078);
#12255 = AXIS2_PLACEMENT_3D('',#12256,#12257,#12258);
#12256 = CARTESIAN_POINT('',(52.212144282039,-113.4999916,0.));
#12257 = DIRECTION('',(0.,0.,-1.));
#12258 = DIRECTION('',(-0.521012195004,0.853549232709,0.));
#12259 = ADVANCED_FACE('',(#12260),#12271,.T.);
#12260 = FACE_BOUND('',#12261,.T.);
#12261 = EDGE_LOOP('',(#12262,#12263,#12264,#12270));
#12262 = ORIENTED_EDGE('',*,*,#12231,.T.);
#12263 = ORIENTED_EDGE('',*,*,#6205,.T.);
#12264 = ORIENTED_EDGE('',*,*,#12265,.F.);
#12265 = EDGE_CURVE('',#1225,#6197,#12266,.T.);
#12266 = LINE('',#12267,#12268);
#12267 = CARTESIAN_POINT('',(51.368566,-112.556655,0.));
#12268 = VECTOR('',#12269,1.);
#12269 = DIRECTION('',(0.,0.,1.));
#12270 = ORIENTED_EDGE('',*,*,#1233,.F.);
#12271 = CYLINDRICAL_SURFACE('',#12272,0.299991600078);
#12272 = AXIS2_PLACEMENT_3D('',#12273,#12274,#12275);
#12273 = CARTESIAN_POINT('',(51.112508399935,-112.4003557179,0.));
#12274 = DIRECTION('',(0.,0.,-1.));
#12275 = DIRECTION('',(0.999999999959,9.060123477714E-06,0.));
#12276 = ADVANCED_FACE('',(#12277),#12283,.F.);
#12277 = FACE_BOUND('',#12278,.T.);
#12278 = EDGE_LOOP('',(#12279,#12280,#12281,#12282));
#12279 = ORIENTED_EDGE('',*,*,#12265,.T.);
#12280 = ORIENTED_EDGE('',*,*,#6196,.T.);
#12281 = ORIENTED_EDGE('',*,*,#12246,.F.);
#12282 = ORIENTED_EDGE('',*,*,#1224,.F.);
#12283 = CYLINDRICAL_SURFACE('',#12284,0.499999603944);
#12284 = AXIS2_PLACEMENT_3D('',#12285,#12286,#12287);
#12285 = CARTESIAN_POINT('',(51.79534211054,-112.8171578894,0.));
#12286 = DIRECTION('',(-0.,-0.,-1.));
#12287 = DIRECTION('',(-0.853552897188,0.521006191616,0.));
#12288 = ADVANCED_FACE('',(#12289),#12300,.F.);
#12289 = FACE_BOUND('',#12290,.T.);
#12290 = EDGE_LOOP('',(#12291,#12292,#12298,#12299));
#12291 = ORIENTED_EDGE('',*,*,#1310,.T.);
#12292 = ORIENTED_EDGE('',*,*,#12293,.T.);
#12293 = EDGE_CURVE('',#1311,#6283,#12294,.T.);
#12294 = LINE('',#12295,#12296);
#12295 = CARTESIAN_POINT('',(49.3025,-105.605,-4.6E-02));
#12296 = VECTOR('',#12297,1.);
#12297 = DIRECTION('',(0.,0.,1.));
#12298 = ORIENTED_EDGE('',*,*,#6282,.F.);
#12299 = ORIENTED_EDGE('',*,*,#12293,.F.);
#12300 = CYLINDRICAL_SURFACE('',#12301,1.525);
#12301 = AXIS2_PLACEMENT_3D('',#12302,#12303,#12304);
#12302 = CARTESIAN_POINT('',(49.3025,-104.08,-4.6E-02));
#12303 = DIRECTION('',(-0.,-0.,-1.));
#12304 = DIRECTION('',(-0.,-1.,0.));
#12305 = ADVANCED_FACE('',(#12306),#12317,.F.);
#12306 = FACE_BOUND('',#12307,.T.);
#12307 = EDGE_LOOP('',(#12308,#12309,#12315,#12316));
#12308 = ORIENTED_EDGE('',*,*,#1321,.T.);
#12309 = ORIENTED_EDGE('',*,*,#12310,.T.);
#12310 = EDGE_CURVE('',#1322,#6294,#12311,.T.);
#12311 = LINE('',#12312,#12313);
#12312 = CARTESIAN_POINT('',(53.1125,-108.62,-4.6E-02));
#12313 = VECTOR('',#12314,1.);
#12314 = DIRECTION('',(0.,0.,1.));
#12315 = ORIENTED_EDGE('',*,*,#6293,.F.);
#12316 = ORIENTED_EDGE('',*,*,#12310,.F.);
#12317 = CYLINDRICAL_SURFACE('',#12318,2.);
#12318 = AXIS2_PLACEMENT_3D('',#12319,#12320,#12321);
#12319 = CARTESIAN_POINT('',(53.1125,-106.62,-4.6E-02));
#12320 = DIRECTION('',(-0.,-0.,-1.));
#12321 = DIRECTION('',(-0.,-1.,0.));
#12322 = ADVANCED_FACE('',(#12323),#12334,.F.);
#12323 = FACE_BOUND('',#12324,.T.);
#12324 = EDGE_LOOP('',(#12325,#12326,#12332,#12333));
#12325 = ORIENTED_EDGE('',*,*,#1332,.T.);
#12326 = ORIENTED_EDGE('',*,*,#12327,.T.);
#12327 = EDGE_CURVE('',#1333,#6305,#12328,.T.);
#12328 = LINE('',#12329,#12330);
#12329 = CARTESIAN_POINT('',(58.1925,-107.495,-4.6E-02));
#12330 = VECTOR('',#12331,1.);
#12331 = DIRECTION('',(0.,0.,1.));
#12332 = ORIENTED_EDGE('',*,*,#6304,.F.);
#12333 = ORIENTED_EDGE('',*,*,#12327,.F.);
#12334 = CYLINDRICAL_SURFACE('',#12335,0.875);
#12335 = AXIS2_PLACEMENT_3D('',#12336,#12337,#12338);
#12336 = CARTESIAN_POINT('',(58.1925,-106.62,-4.6E-02));
#12337 = DIRECTION('',(-0.,-0.,-1.));
#12338 = DIRECTION('',(-0.,-1.,0.));
#12339 = ADVANCED_FACE('',(#12340),#12351,.F.);
#12340 = FACE_BOUND('',#12341,.T.);
#12341 = EDGE_LOOP('',(#12342,#12343,#12349,#12350));
#12342 = ORIENTED_EDGE('',*,*,#1343,.T.);
#12343 = ORIENTED_EDGE('',*,*,#12344,.T.);
#12344 = EDGE_CURVE('',#1344,#6316,#12345,.T.);
#12345 = LINE('',#12346,#12347);
#12346 = CARTESIAN_POINT('',(55.6525,-103.065,-4.6E-02));
#12347 = VECTOR('',#12348,1.);
#12348 = DIRECTION('',(0.,0.,1.));
#12349 = ORIENTED_EDGE('',*,*,#6315,.F.);
#12350 = ORIENTED_EDGE('',*,*,#12344,.F.);
#12351 = CYLINDRICAL_SURFACE('',#12352,1.525);
#12352 = AXIS2_PLACEMENT_3D('',#12353,#12354,#12355);
#12353 = CARTESIAN_POINT('',(55.6525,-101.54,-4.6E-02));
#12354 = DIRECTION('',(-0.,-0.,-1.));
#12355 = DIRECTION('',(-0.,-1.,0.));
#12356 = ADVANCED_FACE('',(#12357),#12368,.F.);
#12357 = FACE_BOUND('',#12358,.T.);
#12358 = EDGE_LOOP('',(#12359,#12360,#12366,#12367));
#12359 = ORIENTED_EDGE('',*,*,#1354,.T.);
#12360 = ORIENTED_EDGE('',*,*,#12361,.T.);
#12361 = EDGE_CURVE('',#1355,#6327,#12362,.T.);
#12362 = LINE('',#12363,#12364);
#12363 = CARTESIAN_POINT('',(67.0825,-126.545,-4.6E-02));
#12364 = VECTOR('',#12365,1.);
#12365 = DIRECTION('',(0.,0.,1.));
#12366 = ORIENTED_EDGE('',*,*,#6326,.F.);
#12367 = ORIENTED_EDGE('',*,*,#12361,.F.);
#12368 = CYLINDRICAL_SURFACE('',#12369,0.875);
#12369 = AXIS2_PLACEMENT_3D('',#12370,#12371,#12372);
#12370 = CARTESIAN_POINT('',(67.0825,-125.67,-4.6E-02));
#12371 = DIRECTION('',(-0.,-0.,-1.));
#12372 = DIRECTION('',(-0.,-1.,0.));
#12373 = ADVANCED_FACE('',(#12374),#12385,.F.);
#12374 = FACE_BOUND('',#12375,.T.);
#12375 = EDGE_LOOP('',(#12376,#12377,#12383,#12384));
#12376 = ORIENTED_EDGE('',*,*,#1365,.T.);
#12377 = ORIENTED_EDGE('',*,*,#12378,.T.);
#12378 = EDGE_CURVE('',#1366,#6338,#12379,.T.);
#12379 = LINE('',#12380,#12381);
#12380 = CARTESIAN_POINT('',(68.3525,-124.655,-4.6E-02));
#12381 = VECTOR('',#12382,1.);
#12382 = DIRECTION('',(0.,0.,1.));
#12383 = ORIENTED_EDGE('',*,*,#6337,.F.);
#12384 = ORIENTED_EDGE('',*,*,#12378,.F.);
#12385 = CYLINDRICAL_SURFACE('',#12386,1.525);
#12386 = AXIS2_PLACEMENT_3D('',#12387,#12388,#12389);
#12387 = CARTESIAN_POINT('',(68.3525,-123.13,-4.6E-02));
#12388 = DIRECTION('',(-0.,0.,-1.));
#12389 = DIRECTION('',(9.31859325587E-15,-1.,-0.));
#12390 = ADVANCED_FACE('',(#12391),#12402,.F.);
#12391 = FACE_BOUND('',#12392,.T.);
#12392 = EDGE_LOOP('',(#12393,#12394,#12400,#12401));
#12393 = ORIENTED_EDGE('',*,*,#1376,.T.);
#12394 = ORIENTED_EDGE('',*,*,#12395,.T.);
#12395 = EDGE_CURVE('',#1377,#6349,#12396,.T.);
#12396 = LINE('',#12397,#12398);
#12397 = CARTESIAN_POINT('',(72.1625,-127.67,-4.6E-02));
#12398 = VECTOR('',#12399,1.);
#12399 = DIRECTION('',(0.,0.,1.));
#12400 = ORIENTED_EDGE('',*,*,#6348,.F.);
#12401 = ORIENTED_EDGE('',*,*,#12395,.F.);
#12402 = CYLINDRICAL_SURFACE('',#12403,2.);
#12403 = AXIS2_PLACEMENT_3D('',#12404,#12405,#12406);
#12404 = CARTESIAN_POINT('',(72.1625,-125.67,-4.6E-02));
#12405 = DIRECTION('',(-0.,-0.,-1.));
#12406 = DIRECTION('',(-0.,-1.,0.));
#12407 = ADVANCED_FACE('',(#12408),#12419,.F.);
#12408 = FACE_BOUND('',#12409,.T.);
#12409 = EDGE_LOOP('',(#12410,#12411,#12417,#12418));
#12410 = ORIENTED_EDGE('',*,*,#1387,.T.);
#12411 = ORIENTED_EDGE('',*,*,#12412,.T.);
#12412 = EDGE_CURVE('',#1388,#6360,#12413,.T.);
#12413 = LINE('',#12414,#12415);
#12414 = CARTESIAN_POINT('',(77.2425,-126.545,-4.6E-02));
#12415 = VECTOR('',#12416,1.);
#12416 = DIRECTION('',(0.,0.,1.));
#12417 = ORIENTED_EDGE('',*,*,#6359,.F.);
#12418 = ORIENTED_EDGE('',*,*,#12412,.F.);
#12419 = CYLINDRICAL_SURFACE('',#12420,0.875);
#12420 = AXIS2_PLACEMENT_3D('',#12421,#12422,#12423);
#12421 = CARTESIAN_POINT('',(77.2425,-125.67,-4.6E-02));
#12422 = DIRECTION('',(-0.,-0.,-1.));
#12423 = DIRECTION('',(-0.,-1.,0.));
#12424 = ADVANCED_FACE('',(#12425),#12436,.F.);
#12425 = FACE_BOUND('',#12426,.T.);
#12426 = EDGE_LOOP('',(#12427,#12428,#12434,#12435));
#12427 = ORIENTED_EDGE('',*,*,#1398,.T.);
#12428 = ORIENTED_EDGE('',*,*,#12429,.T.);
#12429 = EDGE_CURVE('',#1399,#6371,#12430,.T.);
#12430 = LINE('',#12431,#12432);
#12431 = CARTESIAN_POINT('',(74.7025,-122.115,-4.6E-02));
#12432 = VECTOR('',#12433,1.);
#12433 = DIRECTION('',(0.,0.,1.));
#12434 = ORIENTED_EDGE('',*,*,#6370,.F.);
#12435 = ORIENTED_EDGE('',*,*,#12429,.F.);
#12436 = CYLINDRICAL_SURFACE('',#12437,1.525);
#12437 = AXIS2_PLACEMENT_3D('',#12438,#12439,#12440);
#12438 = CARTESIAN_POINT('',(74.7025,-120.59,-4.6E-02));
#12439 = DIRECTION('',(-0.,-0.,-1.));
#12440 = DIRECTION('',(-0.,-1.,0.));
#12441 = ADVANCED_FACE('',(#12442),#12453,.F.);
#12442 = FACE_BOUND('',#12443,.T.);
#12443 = EDGE_LOOP('',(#12444,#12445,#12451,#12452));
#12444 = ORIENTED_EDGE('',*,*,#1409,.T.);
#12445 = ORIENTED_EDGE('',*,*,#12446,.T.);
#12446 = EDGE_CURVE('',#1410,#6382,#12447,.T.);
#12447 = LINE('',#12448,#12449);
#12448 = CARTESIAN_POINT('',(67.0825,-107.495,-4.6E-02));
#12449 = VECTOR('',#12450,1.);
#12450 = DIRECTION('',(0.,0.,1.));
#12451 = ORIENTED_EDGE('',*,*,#6381,.F.);
#12452 = ORIENTED_EDGE('',*,*,#12446,.F.);
#12453 = CYLINDRICAL_SURFACE('',#12454,0.875);
#12454 = AXIS2_PLACEMENT_3D('',#12455,#12456,#12457);
#12455 = CARTESIAN_POINT('',(67.0825,-106.62,-4.6E-02));
#12456 = DIRECTION('',(-0.,-0.,-1.));
#12457 = DIRECTION('',(-0.,-1.,0.));
#12458 = ADVANCED_FACE('',(#12459),#12470,.F.);
#12459 = FACE_BOUND('',#12460,.T.);
#12460 = EDGE_LOOP('',(#12461,#12462,#12468,#12469));
#12461 = ORIENTED_EDGE('',*,*,#1420,.T.);
#12462 = ORIENTED_EDGE('',*,*,#12463,.T.);
#12463 = EDGE_CURVE('',#1421,#6393,#12464,.T.);
#12464 = LINE('',#12465,#12466);
#12465 = CARTESIAN_POINT('',(68.3525,-105.605,-4.6E-02));
#12466 = VECTOR('',#12467,1.);
#12467 = DIRECTION('',(0.,0.,1.));
#12468 = ORIENTED_EDGE('',*,*,#6392,.F.);
#12469 = ORIENTED_EDGE('',*,*,#12463,.F.);
#12470 = CYLINDRICAL_SURFACE('',#12471,1.525);
#12471 = AXIS2_PLACEMENT_3D('',#12472,#12473,#12474);
#12472 = CARTESIAN_POINT('',(68.3525,-104.08,-4.6E-02));
#12473 = DIRECTION('',(-0.,0.,-1.));
#12474 = DIRECTION('',(9.31859325587E-15,-1.,-0.));
#12475 = ADVANCED_FACE('',(#12476),#12492,.F.);
#12476 = FACE_BOUND('',#12477,.T.);
#12477 = EDGE_LOOP('',(#12478,#12484,#12485,#12491));
#12478 = ORIENTED_EDGE('',*,*,#12479,.T.);
#12479 = EDGE_CURVE('',#1432,#6404,#12480,.T.);
#12480 = LINE('',#12481,#12482);
#12481 = CARTESIAN_POINT('',(73.906434,-110.843345,0.));
#12482 = VECTOR('',#12483,1.);
#12483 = DIRECTION('',(0.,0.,1.));
#12484 = ORIENTED_EDGE('',*,*,#6403,.T.);
#12485 = ORIENTED_EDGE('',*,*,#12486,.F.);
#12486 = EDGE_CURVE('',#1434,#6406,#12487,.T.);
#12487 = LINE('',#12488,#12489);
#12488 = CARTESIAN_POINT('',(73.219155,-110.156066,0.));
#12489 = VECTOR('',#12490,1.);
#12490 = DIRECTION('',(0.,0.,1.));
#12491 = ORIENTED_EDGE('',*,*,#1431,.F.);
#12492 = CYLINDRICAL_SURFACE('',#12493,0.499999603944);
#12493 = AXIS2_PLACEMENT_3D('',#12494,#12495,#12496);
#12494 = CARTESIAN_POINT('',(73.47965788946,-110.5828421105,0.));
#12495 = DIRECTION('',(-0.,-0.,-1.));
#12496 = DIRECTION('',(0.853552897188,-0.521006191616,0.));
#12497 = ADVANCED_FACE('',(#12498),#12509,.T.);
#12498 = FACE_BOUND('',#12499,.T.);
#12499 = EDGE_LOOP('',(#12500,#12506,#12507,#12508));
#12500 = ORIENTED_EDGE('',*,*,#12501,.T.);
#12501 = EDGE_CURVE('',#1443,#6415,#12502,.T.);
#12502 = LINE('',#12503,#12504);
#12503 = CARTESIAN_POINT('',(73.8625,-110.999647,0.));
#12504 = VECTOR('',#12505,1.);
#12505 = DIRECTION('',(0.,0.,1.));
#12506 = ORIENTED_EDGE('',*,*,#6414,.T.);
#12507 = ORIENTED_EDGE('',*,*,#12479,.F.);
#12508 = ORIENTED_EDGE('',*,*,#1442,.F.);
#12509 = CYLINDRICAL_SURFACE('',#12510,0.299683785035);
#12510 = AXIS2_PLACEMENT_3D('',#12511,#12512,#12513);
#12511 = CARTESIAN_POINT('',(74.162183771747,-110.9995577564,0.));
#12512 = DIRECTION('',(0.,0.,-1.));
#12513 = DIRECTION('',(-0.99999995566,-2.977925313119E-04,-0.));
#12514 = ADVANCED_FACE('',(#12515),#12526,.T.);
#12515 = FACE_BOUND('',#12516,.T.);
#12516 = EDGE_LOOP('',(#12517,#12518,#12519,#12525));
#12517 = ORIENTED_EDGE('',*,*,#12486,.T.);
#12518 = ORIENTED_EDGE('',*,*,#6568,.T.);
#12519 = ORIENTED_EDGE('',*,*,#12520,.F.);
#12520 = EDGE_CURVE('',#1589,#6561,#12521,.T.);
#12521 = LINE('',#12522,#12523);
#12522 = CARTESIAN_POINT('',(73.062853,-110.2,0.));
#12523 = VECTOR('',#12524,1.);
#12524 = DIRECTION('',(0.,0.,1.));
#12525 = ORIENTED_EDGE('',*,*,#1596,.F.);
#12526 = CYLINDRICAL_SURFACE('',#12527,0.299966762338);
#12527 = AXIS2_PLACEMENT_3D('',#12528,#12529,#12530);
#12528 = CARTESIAN_POINT('',(73.062862699494,-109.9000332378,0.));
#12529 = DIRECTION('',(0.,0.,-1.));
#12530 = DIRECTION('',(0.521032061311,-0.853537105863,0.));
#12531 = ADVANCED_FACE('',(#12532),#12543,.T.);
#12532 = FACE_BOUND('',#12533,.T.);
#12533 = EDGE_LOOP('',(#12534,#12540,#12541,#12542));
#12534 = ORIENTED_EDGE('',*,*,#12535,.T.);
#12535 = EDGE_CURVE('',#1452,#6424,#12536,.T.);
#12536 = LINE('',#12537,#12538);
#12537 = CARTESIAN_POINT('',(73.8625,-111.7,0.));
#12538 = VECTOR('',#12539,1.);
#12539 = DIRECTION('',(0.,0.,1.));
#12540 = ORIENTED_EDGE('',*,*,#6423,.T.);
#12541 = ORIENTED_EDGE('',*,*,#12501,.F.);
#12542 = ORIENTED_EDGE('',*,*,#1451,.F.);
#12543 = PLANE('',#12544);
#12544 = AXIS2_PLACEMENT_3D('',#12545,#12546,#12547);
#12545 = CARTESIAN_POINT('',(73.8625,-111.7,0.));
#12546 = DIRECTION('',(-1.,0.,0.));
#12547 = DIRECTION('',(0.,1.,0.));
#12548 = ADVANCED_FACE('',(#12549),#12560,.T.);
#12549 = FACE_BOUND('',#12550,.T.);
#12550 = EDGE_LOOP('',(#12551,#12552,#12553,#12559));
#12551 = ORIENTED_EDGE('',*,*,#12520,.T.);
#12552 = ORIENTED_EDGE('',*,*,#6560,.T.);
#12553 = ORIENTED_EDGE('',*,*,#12554,.F.);
#12554 = EDGE_CURVE('',#1581,#6553,#12555,.T.);
#12555 = LINE('',#12556,#12557);
#12556 = CARTESIAN_POINT('',(72.1625,-110.2,0.));
#12557 = VECTOR('',#12558,1.);
#12558 = DIRECTION('',(0.,0.,1.));
#12559 = ORIENTED_EDGE('',*,*,#1588,.F.);
#12560 = PLANE('',#12561);
#12561 = AXIS2_PLACEMENT_3D('',#12562,#12563,#12564);
#12562 = CARTESIAN_POINT('',(73.062853,-110.2,0.));
#12563 = DIRECTION('',(0.,-1.,0.));
#12564 = DIRECTION('',(-1.,0.,0.));
#12565 = ADVANCED_FACE('',(#12566),#12577,.T.);
#12566 = FACE_BOUND('',#12567,.T.);
#12567 = EDGE_LOOP('',(#12568,#12574,#12575,#12576));
#12568 = ORIENTED_EDGE('',*,*,#12569,.T.);
#12569 = EDGE_CURVE('',#1460,#6432,#12570,.T.);
#12570 = LINE('',#12571,#12572);
#12571 = CARTESIAN_POINT('',(73.8625,-112.400353,0.));
#12572 = VECTOR('',#12573,1.);
#12573 = DIRECTION('',(0.,0.,1.));
#12574 = ORIENTED_EDGE('',*,*,#6431,.T.);
#12575 = ORIENTED_EDGE('',*,*,#12535,.F.);
#12576 = ORIENTED_EDGE('',*,*,#1459,.F.);
#12577 = PLANE('',#12578);
#12578 = AXIS2_PLACEMENT_3D('',#12579,#12580,#12581);
#12579 = CARTESIAN_POINT('',(73.8625,-112.400353,0.));
#12580 = DIRECTION('',(-1.,0.,0.));
#12581 = DIRECTION('',(0.,1.,0.));
#12582 = ADVANCED_FACE('',(#12583),#12594,.T.);
#12583 = FACE_BOUND('',#12584,.T.);
#12584 = EDGE_LOOP('',(#12585,#12586,#12587,#12593));
#12585 = ORIENTED_EDGE('',*,*,#12554,.T.);
#12586 = ORIENTED_EDGE('',*,*,#6552,.T.);
#12587 = ORIENTED_EDGE('',*,*,#12588,.F.);
#12588 = EDGE_CURVE('',#1572,#6544,#12589,.T.);
#12589 = LINE('',#12590,#12591);
#12590 = CARTESIAN_POINT('',(71.262147,-110.2,0.));
#12591 = VECTOR('',#12592,1.);
#12592 = DIRECTION('',(0.,0.,1.));
#12593 = ORIENTED_EDGE('',*,*,#1580,.F.);
#12594 = PLANE('',#12595);
#12595 = AXIS2_PLACEMENT_3D('',#12596,#12597,#12598);
#12596 = CARTESIAN_POINT('',(72.1625,-110.2,0.));
#12597 = DIRECTION('',(0.,-1.,0.));
#12598 = DIRECTION('',(-1.,0.,0.));
#12599 = ADVANCED_FACE('',(#12600),#12611,.T.);
#12600 = FACE_BOUND('',#12601,.T.);
#12601 = EDGE_LOOP('',(#12602,#12608,#12609,#12610));
#12602 = ORIENTED_EDGE('',*,*,#12603,.T.);
#12603 = EDGE_CURVE('',#1468,#6440,#12604,.T.);
#12604 = LINE('',#12605,#12606);
#12605 = CARTESIAN_POINT('',(73.906434,-112.556655,0.));
#12606 = VECTOR('',#12607,1.);
#12607 = DIRECTION('',(0.,0.,1.));
#12608 = ORIENTED_EDGE('',*,*,#6439,.T.);
#12609 = ORIENTED_EDGE('',*,*,#12569,.F.);
#12610 = ORIENTED_EDGE('',*,*,#1467,.F.);
#12611 = CYLINDRICAL_SURFACE('',#12612,0.299966762338);
#12612 = AXIS2_PLACEMENT_3D('',#12613,#12614,#12615);
#12613 = CARTESIAN_POINT('',(74.162466762181,-112.4003626994,0.));
#12614 = DIRECTION('',(0.,0.,-1.));
#12615 = DIRECTION('',(-0.853537105863,-0.521032061311,-0.));
#12616 = ADVANCED_FACE('',(#12617),#12628,.T.);
#12617 = FACE_BOUND('',#12618,.T.);
#12618 = EDGE_LOOP('',(#12619,#12620,#12621,#12627));
#12619 = ORIENTED_EDGE('',*,*,#12588,.T.);
#12620 = ORIENTED_EDGE('',*,*,#6543,.T.);
#12621 = ORIENTED_EDGE('',*,*,#12622,.F.);
#12622 = EDGE_CURVE('',#1563,#6535,#12623,.T.);
#12623 = LINE('',#12624,#12625);
#12624 = CARTESIAN_POINT('',(71.105845,-110.156066,0.));
#12625 = VECTOR('',#12626,1.);
#12626 = DIRECTION('',(0.,0.,1.));
#12627 = ORIENTED_EDGE('',*,*,#1571,.F.);
#12628 = CYLINDRICAL_SURFACE('',#12629,0.299991600078);
#12629 = AXIS2_PLACEMENT_3D('',#12630,#12631,#12632);
#12630 = CARTESIAN_POINT('',(71.262144282039,-109.9000083999,0.));
#12631 = DIRECTION('',(0.,0.,-1.));
#12632 = DIRECTION('',(9.060123382972E-06,-0.999999999959,0.));
#12633 = ADVANCED_FACE('',(#12634),#12645,.F.);
#12634 = FACE_BOUND('',#12635,.T.);
#12635 = EDGE_LOOP('',(#12636,#12642,#12643,#12644));
#12636 = ORIENTED_EDGE('',*,*,#12637,.T.);
#12637 = EDGE_CURVE('',#1477,#6449,#12638,.T.);
#12638 = LINE('',#12639,#12640);
#12639 = CARTESIAN_POINT('',(73.219155,-113.243934,0.));
#12640 = VECTOR('',#12641,1.);
#12641 = DIRECTION('',(0.,0.,1.));
#12642 = ORIENTED_EDGE('',*,*,#6448,.T.);
#12643 = ORIENTED_EDGE('',*,*,#12603,.F.);
#12644 = ORIENTED_EDGE('',*,*,#1476,.F.);
#12645 = CYLINDRICAL_SURFACE('',#12646,0.499998734392);
#12646 = AXIS2_PLACEMENT_3D('',#12647,#12648,#12649);
#12647 = CARTESIAN_POINT('',(73.479660504327,-112.8171605043,0.));
#12648 = DIRECTION('',(-0.,-0.,-1.));
#12649 = DIRECTION('',(-0.521012327448,-0.853549151864,0.));
#12650 = ADVANCED_FACE('',(#12651),#12662,.F.);
#12651 = FACE_BOUND('',#12652,.T.);
#12652 = EDGE_LOOP('',(#12653,#12654,#12655,#12661));
#12653 = ORIENTED_EDGE('',*,*,#12622,.T.);
#12654 = ORIENTED_EDGE('',*,*,#6534,.T.);
#12655 = ORIENTED_EDGE('',*,*,#12656,.F.);
#12656 = EDGE_CURVE('',#1554,#6526,#12657,.T.);
#12657 = LINE('',#12658,#12659);
#12658 = CARTESIAN_POINT('',(70.418566,-110.843345,0.));
#12659 = VECTOR('',#12660,1.);
#12660 = DIRECTION('',(0.,0.,1.));
#12661 = ORIENTED_EDGE('',*,*,#1562,.F.);
#12662 = CYLINDRICAL_SURFACE('',#12663,0.499999603944);
#12663 = AXIS2_PLACEMENT_3D('',#12664,#12665,#12666);
#12664 = CARTESIAN_POINT('',(70.84534211054,-110.5828421105,0.));
#12665 = DIRECTION('',(-0.,-0.,-1.));
#12666 = DIRECTION('',(0.521006191616,0.853552897188,-0.));
#12667 = ADVANCED_FACE('',(#12668),#12679,.T.);
#12668 = FACE_BOUND('',#12669,.T.);
#12669 = EDGE_LOOP('',(#12670,#12676,#12677,#12678));
#12670 = ORIENTED_EDGE('',*,*,#12671,.T.);
#12671 = EDGE_CURVE('',#1486,#6458,#12672,.T.);
#12672 = LINE('',#12673,#12674);
#12673 = CARTESIAN_POINT('',(73.062853,-113.2,0.));
#12674 = VECTOR('',#12675,1.);
#12675 = DIRECTION('',(0.,0.,1.));
#12676 = ORIENTED_EDGE('',*,*,#6457,.T.);
#12677 = ORIENTED_EDGE('',*,*,#12637,.F.);
#12678 = ORIENTED_EDGE('',*,*,#1485,.F.);
#12679 = CYLINDRICAL_SURFACE('',#12680,0.300023425677);
#12680 = AXIS2_PLACEMENT_3D('',#12681,#12682,#12683);
#12681 = CARTESIAN_POINT('',(73.062846772307,-113.5000234256,0.));
#12682 = DIRECTION('',(0.,0.,-1.));
#12683 = DIRECTION('',(2.075735517526E-05,0.999999999785,0.));
#12684 = ADVANCED_FACE('',(#12685),#12696,.T.);
#12685 = FACE_BOUND('',#12686,.T.);
#12686 = EDGE_LOOP('',(#12687,#12688,#12689,#12695));
#12687 = ORIENTED_EDGE('',*,*,#12656,.T.);
#12688 = ORIENTED_EDGE('',*,*,#6525,.T.);
#12689 = ORIENTED_EDGE('',*,*,#12690,.F.);
#12690 = EDGE_CURVE('',#1546,#6518,#12691,.T.);
#12691 = LINE('',#12692,#12693);
#12692 = CARTESIAN_POINT('',(70.4625,-110.999647,0.));
#12693 = VECTOR('',#12694,1.);
#12694 = DIRECTION('',(0.,0.,1.));
#12695 = ORIENTED_EDGE('',*,*,#1553,.F.);
#12696 = CYLINDRICAL_SURFACE('',#12697,0.299991600078);
#12697 = AXIS2_PLACEMENT_3D('',#12698,#12699,#12700);
#12698 = CARTESIAN_POINT('',(70.162508399935,-110.999644282,0.));
#12699 = DIRECTION('',(0.,0.,-1.));
#12700 = DIRECTION('',(0.853549232709,0.521012195003,0.));
#12701 = ADVANCED_FACE('',(#12702),#12713,.T.);
#12702 = FACE_BOUND('',#12703,.T.);
#12703 = EDGE_LOOP('',(#12704,#12710,#12711,#12712));
#12704 = ORIENTED_EDGE('',*,*,#12705,.T.);
#12705 = EDGE_CURVE('',#1495,#6467,#12706,.T.);
#12706 = LINE('',#12707,#12708);
#12707 = CARTESIAN_POINT('',(72.1625,-113.2,0.));
#12708 = VECTOR('',#12709,1.);
#12709 = DIRECTION('',(0.,0.,1.));
#12710 = ORIENTED_EDGE('',*,*,#6466,.T.);
#12711 = ORIENTED_EDGE('',*,*,#12671,.F.);
#12712 = ORIENTED_EDGE('',*,*,#1494,.F.);
#12713 = PLANE('',#12714);
#12714 = AXIS2_PLACEMENT_3D('',#12715,#12716,#12717);
#12715 = CARTESIAN_POINT('',(72.1625,-113.2,0.));
#12716 = DIRECTION('',(0.,1.,0.));
#12717 = DIRECTION('',(1.,0.,0.));
#12718 = ADVANCED_FACE('',(#12719),#12730,.T.);
#12719 = FACE_BOUND('',#12720,.T.);
#12720 = EDGE_LOOP('',(#12721,#12722,#12723,#12729));
#12721 = ORIENTED_EDGE('',*,*,#12690,.T.);
#12722 = ORIENTED_EDGE('',*,*,#6517,.T.);
#12723 = ORIENTED_EDGE('',*,*,#12724,.F.);
#12724 = EDGE_CURVE('',#1538,#6510,#12725,.T.);
#12725 = LINE('',#12726,#12727);
#12726 = CARTESIAN_POINT('',(70.4625,-111.7,0.));
#12727 = VECTOR('',#12728,1.);
#12728 = DIRECTION('',(0.,0.,1.));
#12729 = ORIENTED_EDGE('',*,*,#1545,.F.);
#12730 = PLANE('',#12731);
#12731 = AXIS2_PLACEMENT_3D('',#12732,#12733,#12734);
#12732 = CARTESIAN_POINT('',(70.4625,-110.999647,0.));
#12733 = DIRECTION('',(1.,0.,-0.));
#12734 = DIRECTION('',(0.,-1.,0.));
#12735 = ADVANCED_FACE('',(#12736),#12747,.T.);
#12736 = FACE_BOUND('',#12737,.T.);
#12737 = EDGE_LOOP('',(#12738,#12744,#12745,#12746));
#12738 = ORIENTED_EDGE('',*,*,#12739,.T.);
#12739 = EDGE_CURVE('',#1503,#6475,#12740,.T.);
#12740 = LINE('',#12741,#12742);
#12741 = CARTESIAN_POINT('',(71.262147,-113.2,0.));
#12742 = VECTOR('',#12743,1.);
#12743 = DIRECTION('',(0.,0.,1.));
#12744 = ORIENTED_EDGE('',*,*,#6474,.T.);
#12745 = ORIENTED_EDGE('',*,*,#12705,.F.);
#12746 = ORIENTED_EDGE('',*,*,#1502,.F.);
#12747 = PLANE('',#12748);
#12748 = AXIS2_PLACEMENT_3D('',#12749,#12750,#12751);
#12749 = CARTESIAN_POINT('',(71.262147,-113.2,0.));
#12750 = DIRECTION('',(0.,1.,0.));
#12751 = DIRECTION('',(1.,0.,0.));
#12752 = ADVANCED_FACE('',(#12753),#12764,.T.);
#12753 = FACE_BOUND('',#12754,.T.);
#12754 = EDGE_LOOP('',(#12755,#12756,#12757,#12763));
#12755 = ORIENTED_EDGE('',*,*,#12724,.T.);
#12756 = ORIENTED_EDGE('',*,*,#6509,.T.);
#12757 = ORIENTED_EDGE('',*,*,#12758,.F.);
#12758 = EDGE_CURVE('',#1529,#6501,#12759,.T.);
#12759 = LINE('',#12760,#12761);
#12760 = CARTESIAN_POINT('',(70.4625,-112.400353,0.));
#12761 = VECTOR('',#12762,1.);
#12762 = DIRECTION('',(0.,0.,1.));
#12763 = ORIENTED_EDGE('',*,*,#1537,.F.);
#12764 = PLANE('',#12765);
#12765 = AXIS2_PLACEMENT_3D('',#12766,#12767,#12768);
#12766 = CARTESIAN_POINT('',(70.4625,-111.7,0.));
#12767 = DIRECTION('',(1.,0.,-0.));
#12768 = DIRECTION('',(0.,-1.,0.));
#12769 = ADVANCED_FACE('',(#12770),#12781,.T.);
#12770 = FACE_BOUND('',#12771,.T.);
#12771 = EDGE_LOOP('',(#12772,#12778,#12779,#12780));
#12772 = ORIENTED_EDGE('',*,*,#12773,.T.);
#12773 = EDGE_CURVE('',#1511,#6483,#12774,.T.);
#12774 = LINE('',#12775,#12776);
#12775 = CARTESIAN_POINT('',(71.105845,-113.243934,0.));
#12776 = VECTOR('',#12777,1.);
#12777 = DIRECTION('',(0.,0.,1.));
#12778 = ORIENTED_EDGE('',*,*,#6482,.T.);
#12779 = ORIENTED_EDGE('',*,*,#12739,.F.);
#12780 = ORIENTED_EDGE('',*,*,#1510,.F.);
#12781 = CYLINDRICAL_SURFACE('',#12782,0.299991600077);
#12782 = AXIS2_PLACEMENT_3D('',#12783,#12784,#12785);
#12783 = CARTESIAN_POINT('',(71.262144282039,-113.4999916,0.));
#12784 = DIRECTION('',(0.,0.,-1.));
#12785 = DIRECTION('',(-0.521012195004,0.853549232709,0.));
#12786 = ADVANCED_FACE('',(#12787),#12798,.T.);
#12787 = FACE_BOUND('',#12788,.T.);
#12788 = EDGE_LOOP('',(#12789,#12790,#12791,#12797));
#12789 = ORIENTED_EDGE('',*,*,#12758,.T.);
#12790 = ORIENTED_EDGE('',*,*,#6500,.T.);
#12791 = ORIENTED_EDGE('',*,*,#12792,.F.);
#12792 = EDGE_CURVE('',#1520,#6492,#12793,.T.);
#12793 = LINE('',#12794,#12795);
#12794 = CARTESIAN_POINT('',(70.418566,-112.556655,0.));
#12795 = VECTOR('',#12796,1.);
#12796 = DIRECTION('',(0.,0.,1.));
#12797 = ORIENTED_EDGE('',*,*,#1528,.F.);
#12798 = CYLINDRICAL_SURFACE('',#12799,0.299991600078);
#12799 = AXIS2_PLACEMENT_3D('',#12800,#12801,#12802);
#12800 = CARTESIAN_POINT('',(70.162508399935,-112.4003557179,0.));
#12801 = DIRECTION('',(0.,0.,-1.));
#12802 = DIRECTION('',(0.999999999959,9.060123335598E-06,0.));
#12803 = ADVANCED_FACE('',(#12804),#12810,.F.);
#12804 = FACE_BOUND('',#12805,.T.);
#12805 = EDGE_LOOP('',(#12806,#12807,#12808,#12809));
#12806 = ORIENTED_EDGE('',*,*,#12792,.T.);
#12807 = ORIENTED_EDGE('',*,*,#6491,.T.);
#12808 = ORIENTED_EDGE('',*,*,#12773,.F.);
#12809 = ORIENTED_EDGE('',*,*,#1519,.F.);
#12810 = CYLINDRICAL_SURFACE('',#12811,0.499999603944);
#12811 = AXIS2_PLACEMENT_3D('',#12812,#12813,#12814);
#12812 = CARTESIAN_POINT('',(70.84534211054,-112.8171578894,0.));
#12813 = DIRECTION('',(-0.,-0.,-1.));
#12814 = DIRECTION('',(-0.853552897188,0.521006191616,0.));
#12815 = ADVANCED_FACE('',(#12816),#12827,.F.);
#12816 = FACE_BOUND('',#12817,.T.);
#12817 = EDGE_LOOP('',(#12818,#12819,#12825,#12826));
#12818 = ORIENTED_EDGE('',*,*,#1605,.T.);
#12819 = ORIENTED_EDGE('',*,*,#12820,.T.);
#12820 = EDGE_CURVE('',#1606,#6578,#12821,.T.);
#12821 = LINE('',#12822,#12823);
#12822 = CARTESIAN_POINT('',(72.1625,-108.62,-4.6E-02));
#12823 = VECTOR('',#12824,1.);
#12824 = DIRECTION('',(0.,0.,1.));
#12825 = ORIENTED_EDGE('',*,*,#6577,.F.);
#12826 = ORIENTED_EDGE('',*,*,#12820,.F.);
#12827 = CYLINDRICAL_SURFACE('',#12828,2.);
#12828 = AXIS2_PLACEMENT_3D('',#12829,#12830,#12831);
#12829 = CARTESIAN_POINT('',(72.1625,-106.62,-4.6E-02));
#12830 = DIRECTION('',(-0.,-0.,-1.));
#12831 = DIRECTION('',(-0.,-1.,0.));
#12832 = ADVANCED_FACE('',(#12833),#12844,.F.);
#12833 = FACE_BOUND('',#12834,.T.);
#12834 = EDGE_LOOP('',(#12835,#12836,#12842,#12843));
#12835 = ORIENTED_EDGE('',*,*,#1616,.T.);
#12836 = ORIENTED_EDGE('',*,*,#12837,.T.);
#12837 = EDGE_CURVE('',#1617,#6589,#12838,.T.);
#12838 = LINE('',#12839,#12840);
#12839 = CARTESIAN_POINT('',(74.7025,-103.065,-4.6E-02));
#12840 = VECTOR('',#12841,1.);
#12841 = DIRECTION('',(0.,0.,1.));
#12842 = ORIENTED_EDGE('',*,*,#6588,.F.);
#12843 = ORIENTED_EDGE('',*,*,#12837,.F.);
#12844 = CYLINDRICAL_SURFACE('',#12845,1.525);
#12845 = AXIS2_PLACEMENT_3D('',#12846,#12847,#12848);
#12846 = CARTESIAN_POINT('',(74.7025,-101.54,-4.6E-02));
#12847 = DIRECTION('',(-0.,-0.,-1.));
#12848 = DIRECTION('',(-0.,-1.,0.));
#12849 = ADVANCED_FACE('',(#12850),#12861,.F.);
#12850 = FACE_BOUND('',#12851,.T.);
#12851 = EDGE_LOOP('',(#12852,#12853,#12859,#12860));
#12852 = ORIENTED_EDGE('',*,*,#1627,.T.);
#12853 = ORIENTED_EDGE('',*,*,#12854,.T.);
#12854 = EDGE_CURVE('',#1628,#6600,#12855,.T.);
#12855 = LINE('',#12856,#12857);
#12856 = CARTESIAN_POINT('',(77.2425,-107.495,-4.6E-02));
#12857 = VECTOR('',#12858,1.);
#12858 = DIRECTION('',(0.,0.,1.));
#12859 = ORIENTED_EDGE('',*,*,#6599,.F.);
#12860 = ORIENTED_EDGE('',*,*,#12854,.F.);
#12861 = CYLINDRICAL_SURFACE('',#12862,0.875);
#12862 = AXIS2_PLACEMENT_3D('',#12863,#12864,#12865);
#12863 = CARTESIAN_POINT('',(77.2425,-106.62,-4.6E-02));
#12864 = DIRECTION('',(-0.,-0.,-1.));
#12865 = DIRECTION('',(-0.,-1.,0.));
#12866 = ADVANCED_FACE('',(#12867),#12883,.F.);
#12867 = FACE_BOUND('',#12868,.T.);
#12868 = EDGE_LOOP('',(#12869,#12875,#12876,#12882));
#12869 = ORIENTED_EDGE('',*,*,#12870,.T.);
#12870 = EDGE_CURVE('',#1639,#6611,#12871,.T.);
#12871 = LINE('',#12872,#12873);
#12872 = CARTESIAN_POINT('',(92.956434,-148.943345,0.));
#12873 = VECTOR('',#12874,1.);
#12874 = DIRECTION('',(0.,0.,1.));
#12875 = ORIENTED_EDGE('',*,*,#6610,.T.);
#12876 = ORIENTED_EDGE('',*,*,#12877,.F.);
#12877 = EDGE_CURVE('',#1641,#6613,#12878,.T.);
#12878 = LINE('',#12879,#12880);
#12879 = CARTESIAN_POINT('',(92.269155,-148.256066,0.));
#12880 = VECTOR('',#12881,1.);
#12881 = DIRECTION('',(0.,0.,1.));
#12882 = ORIENTED_EDGE('',*,*,#1638,.F.);
#12883 = CYLINDRICAL_SURFACE('',#12884,0.499999603944);
#12884 = AXIS2_PLACEMENT_3D('',#12885,#12886,#12887);
#12885 = CARTESIAN_POINT('',(92.52965788946,-148.6828421105,0.));
#12886 = DIRECTION('',(-0.,-0.,-1.));
#12887 = DIRECTION('',(0.853552897188,-0.521006191616,0.));
#12888 = ADVANCED_FACE('',(#12889),#12900,.T.);
#12889 = FACE_BOUND('',#12890,.T.);
#12890 = EDGE_LOOP('',(#12891,#12897,#12898,#12899));
#12891 = ORIENTED_EDGE('',*,*,#12892,.T.);
#12892 = EDGE_CURVE('',#1650,#6622,#12893,.T.);
#12893 = LINE('',#12894,#12895);
#12894 = CARTESIAN_POINT('',(92.9125,-149.099647,0.));
#12895 = VECTOR('',#12896,1.);
#12896 = DIRECTION('',(0.,0.,1.));
#12897 = ORIENTED_EDGE('',*,*,#6621,.T.);
#12898 = ORIENTED_EDGE('',*,*,#12870,.F.);
#12899 = ORIENTED_EDGE('',*,*,#1649,.F.);
#12900 = CYLINDRICAL_SURFACE('',#12901,0.299683785035);
#12901 = AXIS2_PLACEMENT_3D('',#12902,#12903,#12904);
#12902 = CARTESIAN_POINT('',(93.212183771747,-149.0995577564,0.));
#12903 = DIRECTION('',(0.,0.,-1.));
#12904 = DIRECTION('',(-0.99999995566,-2.977925314542E-04,-0.));
#12905 = ADVANCED_FACE('',(#12906),#12917,.T.);
#12906 = FACE_BOUND('',#12907,.T.);
#12907 = EDGE_LOOP('',(#12908,#12909,#12910,#12916));
#12908 = ORIENTED_EDGE('',*,*,#12877,.T.);
#12909 = ORIENTED_EDGE('',*,*,#6775,.T.);
#12910 = ORIENTED_EDGE('',*,*,#12911,.F.);
#12911 = EDGE_CURVE('',#1796,#6768,#12912,.T.);
#12912 = LINE('',#12913,#12914);
#12913 = CARTESIAN_POINT('',(92.112853,-148.3,0.));
#12914 = VECTOR('',#12915,1.);
#12915 = DIRECTION('',(0.,0.,1.));
#12916 = ORIENTED_EDGE('',*,*,#1803,.F.);
#12917 = CYLINDRICAL_SURFACE('',#12918,0.299966762339);
#12918 = AXIS2_PLACEMENT_3D('',#12919,#12920,#12921);
#12919 = CARTESIAN_POINT('',(92.112862699494,-148.0000332378,0.));
#12920 = DIRECTION('',(0.,0.,-1.));
#12921 = DIRECTION('',(0.521032061311,-0.853537105864,0.));
#12922 = ADVANCED_FACE('',(#12923),#12934,.T.);
#12923 = FACE_BOUND('',#12924,.T.);
#12924 = EDGE_LOOP('',(#12925,#12931,#12932,#12933));
#12925 = ORIENTED_EDGE('',*,*,#12926,.T.);
#12926 = EDGE_CURVE('',#1659,#6631,#12927,.T.);
#12927 = LINE('',#12928,#12929);
#12928 = CARTESIAN_POINT('',(92.9125,-149.8,0.));
#12929 = VECTOR('',#12930,1.);
#12930 = DIRECTION('',(0.,0.,1.));
#12931 = ORIENTED_EDGE('',*,*,#6630,.T.);
#12932 = ORIENTED_EDGE('',*,*,#12892,.F.);
#12933 = ORIENTED_EDGE('',*,*,#1658,.F.);
#12934 = PLANE('',#12935);
#12935 = AXIS2_PLACEMENT_3D('',#12936,#12937,#12938);
#12936 = CARTESIAN_POINT('',(92.9125,-149.8,0.));
#12937 = DIRECTION('',(-1.,0.,0.));
#12938 = DIRECTION('',(0.,1.,0.));
#12939 = ADVANCED_FACE('',(#12940),#12951,.T.);
#12940 = FACE_BOUND('',#12941,.T.);
#12941 = EDGE_LOOP('',(#12942,#12943,#12944,#12950));
#12942 = ORIENTED_EDGE('',*,*,#12911,.T.);
#12943 = ORIENTED_EDGE('',*,*,#6767,.T.);
#12944 = ORIENTED_EDGE('',*,*,#12945,.F.);
#12945 = EDGE_CURVE('',#1788,#6760,#12946,.T.);
#12946 = LINE('',#12947,#12948);
#12947 = CARTESIAN_POINT('',(91.2125,-148.3,0.));
#12948 = VECTOR('',#12949,1.);
#12949 = DIRECTION('',(0.,0.,1.));
#12950 = ORIENTED_EDGE('',*,*,#1795,.F.);
#12951 = PLANE('',#12952);
#12952 = AXIS2_PLACEMENT_3D('',#12953,#12954,#12955);
#12953 = CARTESIAN_POINT('',(92.112853,-148.3,0.));
#12954 = DIRECTION('',(0.,-1.,0.));
#12955 = DIRECTION('',(-1.,0.,0.));
#12956 = ADVANCED_FACE('',(#12957),#12968,.T.);
#12957 = FACE_BOUND('',#12958,.T.);
#12958 = EDGE_LOOP('',(#12959,#12965,#12966,#12967));
#12959 = ORIENTED_EDGE('',*,*,#12960,.T.);
#12960 = EDGE_CURVE('',#1667,#6639,#12961,.T.);
#12961 = LINE('',#12962,#12963);
#12962 = CARTESIAN_POINT('',(92.9125,-150.500353,0.));
#12963 = VECTOR('',#12964,1.);
#12964 = DIRECTION('',(0.,0.,1.));
#12965 = ORIENTED_EDGE('',*,*,#6638,.T.);
#12966 = ORIENTED_EDGE('',*,*,#12926,.F.);
#12967 = ORIENTED_EDGE('',*,*,#1666,.F.);
#12968 = PLANE('',#12969);
#12969 = AXIS2_PLACEMENT_3D('',#12970,#12971,#12972);
#12970 = CARTESIAN_POINT('',(92.9125,-150.500353,0.));
#12971 = DIRECTION('',(-1.,0.,0.));
#12972 = DIRECTION('',(0.,1.,0.));
#12973 = ADVANCED_FACE('',(#12974),#12985,.T.);
#12974 = FACE_BOUND('',#12975,.T.);
#12975 = EDGE_LOOP('',(#12976,#12977,#12978,#12984));
#12976 = ORIENTED_EDGE('',*,*,#12945,.T.);
#12977 = ORIENTED_EDGE('',*,*,#6759,.T.);
#12978 = ORIENTED_EDGE('',*,*,#12979,.F.);
#12979 = EDGE_CURVE('',#1779,#6751,#12980,.T.);
#12980 = LINE('',#12981,#12982);
#12981 = CARTESIAN_POINT('',(90.312147,-148.3,0.));
#12982 = VECTOR('',#12983,1.);
#12983 = DIRECTION('',(0.,0.,1.));
#12984 = ORIENTED_EDGE('',*,*,#1787,.F.);
#12985 = PLANE('',#12986);
#12986 = AXIS2_PLACEMENT_3D('',#12987,#12988,#12989);
#12987 = CARTESIAN_POINT('',(91.2125,-148.3,0.));
#12988 = DIRECTION('',(0.,-1.,0.));
#12989 = DIRECTION('',(-1.,0.,0.));
#12990 = ADVANCED_FACE('',(#12991),#13002,.T.);
#12991 = FACE_BOUND('',#12992,.T.);
#12992 = EDGE_LOOP('',(#12993,#12999,#13000,#13001));
#12993 = ORIENTED_EDGE('',*,*,#12994,.T.);
#12994 = EDGE_CURVE('',#1675,#6647,#12995,.T.);
#12995 = LINE('',#12996,#12997);
#12996 = CARTESIAN_POINT('',(92.956434,-150.656655,0.));
#12997 = VECTOR('',#12998,1.);
#12998 = DIRECTION('',(0.,0.,1.));
#12999 = ORIENTED_EDGE('',*,*,#6646,.T.);
#13000 = ORIENTED_EDGE('',*,*,#12960,.F.);
#13001 = ORIENTED_EDGE('',*,*,#1674,.F.);
#13002 = CYLINDRICAL_SURFACE('',#13003,0.299966762338);
#13003 = AXIS2_PLACEMENT_3D('',#13004,#13005,#13006);
#13004 = CARTESIAN_POINT('',(93.212466762182,-150.5003626994,0.));
#13005 = DIRECTION('',(0.,0.,-1.));
#13006 = DIRECTION('',(-0.853537105864,-0.521032061311,-0.));
#13007 = ADVANCED_FACE('',(#13008),#13019,.T.);
#13008 = FACE_BOUND('',#13009,.T.);
#13009 = EDGE_LOOP('',(#13010,#13011,#13012,#13018));
#13010 = ORIENTED_EDGE('',*,*,#12979,.T.);
#13011 = ORIENTED_EDGE('',*,*,#6750,.T.);
#13012 = ORIENTED_EDGE('',*,*,#13013,.F.);
#13013 = EDGE_CURVE('',#1770,#6742,#13014,.T.);
#13014 = LINE('',#13015,#13016);
#13015 = CARTESIAN_POINT('',(90.155845,-148.256066,0.));
#13016 = VECTOR('',#13017,1.);
#13017 = DIRECTION('',(0.,0.,1.));
#13018 = ORIENTED_EDGE('',*,*,#1778,.F.);
#13019 = CYLINDRICAL_SURFACE('',#13020,0.299991600078);
#13020 = AXIS2_PLACEMENT_3D('',#13021,#13022,#13023);
#13021 = CARTESIAN_POINT('',(90.312144282039,-148.0000083999,0.));
#13022 = DIRECTION('',(0.,0.,-1.));
#13023 = DIRECTION('',(9.060122956621E-06,-0.999999999959,0.));
#13024 = ADVANCED_FACE('',(#13025),#13036,.F.);
#13025 = FACE_BOUND('',#13026,.T.);
#13026 = EDGE_LOOP('',(#13027,#13033,#13034,#13035));
#13027 = ORIENTED_EDGE('',*,*,#13028,.T.);
#13028 = EDGE_CURVE('',#1684,#6656,#13029,.T.);
#13029 = LINE('',#13030,#13031);
#13030 = CARTESIAN_POINT('',(92.269155,-151.343934,0.));
#13031 = VECTOR('',#13032,1.);
#13032 = DIRECTION('',(0.,0.,1.));
#13033 = ORIENTED_EDGE('',*,*,#6655,.T.);
#13034 = ORIENTED_EDGE('',*,*,#12994,.F.);
#13035 = ORIENTED_EDGE('',*,*,#1683,.F.);
#13036 = CYLINDRICAL_SURFACE('',#13037,0.499998734392);
#13037 = AXIS2_PLACEMENT_3D('',#13038,#13039,#13040);
#13038 = CARTESIAN_POINT('',(92.529660504327,-150.9171605043,0.));
#13039 = DIRECTION('',(-0.,-0.,-1.));
#13040 = DIRECTION('',(-0.521012327448,-0.853549151864,0.));
#13041 = ADVANCED_FACE('',(#13042),#13053,.F.);
#13042 = FACE_BOUND('',#13043,.T.);
#13043 = EDGE_LOOP('',(#13044,#13045,#13046,#13052));
#13044 = ORIENTED_EDGE('',*,*,#13013,.T.);
#13045 = ORIENTED_EDGE('',*,*,#6741,.T.);
#13046 = ORIENTED_EDGE('',*,*,#13047,.F.);
#13047 = EDGE_CURVE('',#1761,#6733,#13048,.T.);
#13048 = LINE('',#13049,#13050);
#13049 = CARTESIAN_POINT('',(89.468566,-148.943345,0.));
#13050 = VECTOR('',#13051,1.);
#13051 = DIRECTION('',(0.,0.,1.));
#13052 = ORIENTED_EDGE('',*,*,#1769,.F.);
#13053 = CYLINDRICAL_SURFACE('',#13054,0.499999603944);
#13054 = AXIS2_PLACEMENT_3D('',#13055,#13056,#13057);
#13055 = CARTESIAN_POINT('',(89.89534211054,-148.6828421105,0.));
#13056 = DIRECTION('',(-0.,-0.,-1.));
#13057 = DIRECTION('',(0.521006191616,0.853552897188,-0.));
#13058 = ADVANCED_FACE('',(#13059),#13070,.T.);
#13059 = FACE_BOUND('',#13060,.T.);
#13060 = EDGE_LOOP('',(#13061,#13067,#13068,#13069));
#13061 = ORIENTED_EDGE('',*,*,#13062,.T.);
#13062 = EDGE_CURVE('',#1693,#6665,#13063,.T.);
#13063 = LINE('',#13064,#13065);
#13064 = CARTESIAN_POINT('',(92.112853,-151.3,0.));
#13065 = VECTOR('',#13066,1.);
#13066 = DIRECTION('',(0.,0.,1.));
#13067 = ORIENTED_EDGE('',*,*,#6664,.T.);
#13068 = ORIENTED_EDGE('',*,*,#13028,.F.);
#13069 = ORIENTED_EDGE('',*,*,#1692,.F.);
#13070 = CYLINDRICAL_SURFACE('',#13071,0.300023425677);
#13071 = AXIS2_PLACEMENT_3D('',#13072,#13073,#13074);
#13072 = CARTESIAN_POINT('',(92.112846772307,-151.6000234256,0.));
#13073 = DIRECTION('',(0.,0.,-1.));
#13074 = DIRECTION('',(2.075735512789E-05,0.999999999785,0.));
#13075 = ADVANCED_FACE('',(#13076),#13087,.T.);
#13076 = FACE_BOUND('',#13077,.T.);
#13077 = EDGE_LOOP('',(#13078,#13079,#13080,#13086));
#13078 = ORIENTED_EDGE('',*,*,#13047,.T.);
#13079 = ORIENTED_EDGE('',*,*,#6732,.T.);
#13080 = ORIENTED_EDGE('',*,*,#13081,.F.);
#13081 = EDGE_CURVE('',#1753,#6725,#13082,.T.);
#13082 = LINE('',#13083,#13084);
#13083 = CARTESIAN_POINT('',(89.5125,-149.099647,0.));
#13084 = VECTOR('',#13085,1.);
#13085 = DIRECTION('',(0.,0.,1.));
#13086 = ORIENTED_EDGE('',*,*,#1760,.F.);
#13087 = CYLINDRICAL_SURFACE('',#13088,0.299991600078);
#13088 = AXIS2_PLACEMENT_3D('',#13089,#13090,#13091);
#13089 = CARTESIAN_POINT('',(89.212508399935,-149.099644282,0.));
#13090 = DIRECTION('',(0.,0.,-1.));
#13091 = DIRECTION('',(0.853549232709,0.521012195004,0.));
#13092 = ADVANCED_FACE('',(#13093),#13104,.T.);
#13093 = FACE_BOUND('',#13094,.T.);
#13094 = EDGE_LOOP('',(#13095,#13101,#13102,#13103));
#13095 = ORIENTED_EDGE('',*,*,#13096,.T.);
#13096 = EDGE_CURVE('',#1702,#6674,#13097,.T.);
#13097 = LINE('',#13098,#13099);
#13098 = CARTESIAN_POINT('',(91.2125,-151.3,0.));
#13099 = VECTOR('',#13100,1.);
#13100 = DIRECTION('',(0.,0.,1.));
#13101 = ORIENTED_EDGE('',*,*,#6673,.T.);
#13102 = ORIENTED_EDGE('',*,*,#13062,.F.);
#13103 = ORIENTED_EDGE('',*,*,#1701,.F.);
#13104 = PLANE('',#13105);
#13105 = AXIS2_PLACEMENT_3D('',#13106,#13107,#13108);
#13106 = CARTESIAN_POINT('',(91.2125,-151.3,0.));
#13107 = DIRECTION('',(0.,1.,0.));
#13108 = DIRECTION('',(1.,0.,0.));
#13109 = ADVANCED_FACE('',(#13110),#13121,.T.);
#13110 = FACE_BOUND('',#13111,.T.);
#13111 = EDGE_LOOP('',(#13112,#13113,#13114,#13120));
#13112 = ORIENTED_EDGE('',*,*,#13081,.T.);
#13113 = ORIENTED_EDGE('',*,*,#6724,.T.);
#13114 = ORIENTED_EDGE('',*,*,#13115,.F.);
#13115 = EDGE_CURVE('',#1745,#6717,#13116,.T.);
#13116 = LINE('',#13117,#13118);
#13117 = CARTESIAN_POINT('',(89.5125,-149.8,0.));
#13118 = VECTOR('',#13119,1.);
#13119 = DIRECTION('',(0.,0.,1.));
#13120 = ORIENTED_EDGE('',*,*,#1752,.F.);
#13121 = PLANE('',#13122);
#13122 = AXIS2_PLACEMENT_3D('',#13123,#13124,#13125);
#13123 = CARTESIAN_POINT('',(89.5125,-149.099647,0.));
#13124 = DIRECTION('',(1.,0.,-0.));
#13125 = DIRECTION('',(0.,-1.,0.));
#13126 = ADVANCED_FACE('',(#13127),#13138,.T.);
#13127 = FACE_BOUND('',#13128,.T.);
#13128 = EDGE_LOOP('',(#13129,#13135,#13136,#13137));
#13129 = ORIENTED_EDGE('',*,*,#13130,.T.);
#13130 = EDGE_CURVE('',#1710,#6682,#13131,.T.);
#13131 = LINE('',#13132,#13133);
#13132 = CARTESIAN_POINT('',(90.312147,-151.3,0.));
#13133 = VECTOR('',#13134,1.);
#13134 = DIRECTION('',(0.,0.,1.));
#13135 = ORIENTED_EDGE('',*,*,#6681,.T.);
#13136 = ORIENTED_EDGE('',*,*,#13096,.F.);
#13137 = ORIENTED_EDGE('',*,*,#1709,.F.);
#13138 = PLANE('',#13139);
#13139 = AXIS2_PLACEMENT_3D('',#13140,#13141,#13142);
#13140 = CARTESIAN_POINT('',(90.312147,-151.3,0.));
#13141 = DIRECTION('',(0.,1.,0.));
#13142 = DIRECTION('',(1.,0.,0.));
#13143 = ADVANCED_FACE('',(#13144),#13155,.T.);
#13144 = FACE_BOUND('',#13145,.T.);
#13145 = EDGE_LOOP('',(#13146,#13147,#13148,#13154));
#13146 = ORIENTED_EDGE('',*,*,#13115,.T.);
#13147 = ORIENTED_EDGE('',*,*,#6716,.T.);
#13148 = ORIENTED_EDGE('',*,*,#13149,.F.);
#13149 = EDGE_CURVE('',#1736,#6708,#13150,.T.);
#13150 = LINE('',#13151,#13152);
#13151 = CARTESIAN_POINT('',(89.5125,-150.500353,0.));
#13152 = VECTOR('',#13153,1.);
#13153 = DIRECTION('',(0.,0.,1.));
#13154 = ORIENTED_EDGE('',*,*,#1744,.F.);
#13155 = PLANE('',#13156);
#13156 = AXIS2_PLACEMENT_3D('',#13157,#13158,#13159);
#13157 = CARTESIAN_POINT('',(89.5125,-149.8,0.));
#13158 = DIRECTION('',(1.,0.,-0.));
#13159 = DIRECTION('',(0.,-1.,0.));
#13160 = ADVANCED_FACE('',(#13161),#13172,.T.);
#13161 = FACE_BOUND('',#13162,.T.);
#13162 = EDGE_LOOP('',(#13163,#13169,#13170,#13171));
#13163 = ORIENTED_EDGE('',*,*,#13164,.T.);
#13164 = EDGE_CURVE('',#1718,#6690,#13165,.T.);
#13165 = LINE('',#13166,#13167);
#13166 = CARTESIAN_POINT('',(90.155845,-151.343934,0.));
#13167 = VECTOR('',#13168,1.);
#13168 = DIRECTION('',(0.,0.,1.));
#13169 = ORIENTED_EDGE('',*,*,#6689,.T.);
#13170 = ORIENTED_EDGE('',*,*,#13130,.F.);
#13171 = ORIENTED_EDGE('',*,*,#1717,.F.);
#13172 = CYLINDRICAL_SURFACE('',#13173,0.299991600078);
#13173 = AXIS2_PLACEMENT_3D('',#13174,#13175,#13176);
#13174 = CARTESIAN_POINT('',(90.312144282039,-151.5999916,0.));
#13175 = DIRECTION('',(0.,0.,-1.));
#13176 = DIRECTION('',(-0.521012195003,0.853549232709,0.));
#13177 = ADVANCED_FACE('',(#13178),#13189,.T.);
#13178 = FACE_BOUND('',#13179,.T.);
#13179 = EDGE_LOOP('',(#13180,#13181,#13182,#13188));
#13180 = ORIENTED_EDGE('',*,*,#13149,.T.);
#13181 = ORIENTED_EDGE('',*,*,#6707,.T.);
#13182 = ORIENTED_EDGE('',*,*,#13183,.F.);
#13183 = EDGE_CURVE('',#1727,#6699,#13184,.T.);
#13184 = LINE('',#13185,#13186);
#13185 = CARTESIAN_POINT('',(89.468566,-150.656655,0.));
#13186 = VECTOR('',#13187,1.);
#13187 = DIRECTION('',(0.,0.,1.));
#13188 = ORIENTED_EDGE('',*,*,#1735,.F.);
#13189 = CYLINDRICAL_SURFACE('',#13190,0.299991600078);
#13190 = AXIS2_PLACEMENT_3D('',#13191,#13192,#13193);
#13191 = CARTESIAN_POINT('',(89.212508399935,-150.5003557179,0.));
#13192 = DIRECTION('',(0.,0.,-1.));
#13193 = DIRECTION('',(0.999999999959,9.06012338297E-06,0.));
#13194 = ADVANCED_FACE('',(#13195),#13201,.F.);
#13195 = FACE_BOUND('',#13196,.T.);
#13196 = EDGE_LOOP('',(#13197,#13198,#13199,#13200));
#13197 = ORIENTED_EDGE('',*,*,#13183,.T.);
#13198 = ORIENTED_EDGE('',*,*,#6698,.T.);
#13199 = ORIENTED_EDGE('',*,*,#13164,.F.);
#13200 = ORIENTED_EDGE('',*,*,#1726,.F.);
#13201 = CYLINDRICAL_SURFACE('',#13202,0.499999603944);
#13202 = AXIS2_PLACEMENT_3D('',#13203,#13204,#13205);
#13203 = CARTESIAN_POINT('',(89.89534211054,-150.9171578894,0.));
#13204 = DIRECTION('',(-0.,-0.,-1.));
#13205 = DIRECTION('',(-0.853552897188,0.521006191616,0.));
#13206 = ADVANCED_FACE('',(#13207),#13218,.F.);
#13207 = FACE_BOUND('',#13208,.T.);
#13208 = EDGE_LOOP('',(#13209,#13210,#13216,#13217));
#13209 = ORIENTED_EDGE('',*,*,#1812,.T.);
#13210 = ORIENTED_EDGE('',*,*,#13211,.T.);
#13211 = EDGE_CURVE('',#1813,#6785,#13212,.T.);
#13212 = LINE('',#13213,#13214);
#13213 = CARTESIAN_POINT('',(86.1325,-145.595,-4.6E-02));
#13214 = VECTOR('',#13215,1.);
#13215 = DIRECTION('',(0.,0.,1.));
#13216 = ORIENTED_EDGE('',*,*,#6784,.F.);
#13217 = ORIENTED_EDGE('',*,*,#13211,.F.);
#13218 = CYLINDRICAL_SURFACE('',#13219,0.875);
#13219 = AXIS2_PLACEMENT_3D('',#13220,#13221,#13222);
#13220 = CARTESIAN_POINT('',(86.1325,-144.72,-4.6E-02));
#13221 = DIRECTION('',(-0.,-0.,-1.));
#13222 = DIRECTION('',(-0.,-1.,0.));
#13223 = ADVANCED_FACE('',(#13224),#13235,.F.);
#13224 = FACE_BOUND('',#13225,.T.);
#13225 = EDGE_LOOP('',(#13226,#13227,#13233,#13234));
#13226 = ORIENTED_EDGE('',*,*,#1823,.T.);
#13227 = ORIENTED_EDGE('',*,*,#13228,.T.);
#13228 = EDGE_CURVE('',#1824,#6796,#13229,.T.);
#13229 = LINE('',#13230,#13231);
#13230 = CARTESIAN_POINT('',(87.4025,-143.705,-4.6E-02));
#13231 = VECTOR('',#13232,1.);
#13232 = DIRECTION('',(0.,0.,1.));
#13233 = ORIENTED_EDGE('',*,*,#6795,.F.);
#13234 = ORIENTED_EDGE('',*,*,#13228,.F.);
#13235 = CYLINDRICAL_SURFACE('',#13236,1.525);
#13236 = AXIS2_PLACEMENT_3D('',#13237,#13238,#13239);
#13237 = CARTESIAN_POINT('',(87.4025,-142.18,-4.6E-02));
#13238 = DIRECTION('',(-0.,-0.,-1.));
#13239 = DIRECTION('',(-0.,-1.,0.));
#13240 = ADVANCED_FACE('',(#13241),#13252,.F.);
#13241 = FACE_BOUND('',#13242,.T.);
#13242 = EDGE_LOOP('',(#13243,#13244,#13250,#13251));
#13243 = ORIENTED_EDGE('',*,*,#1834,.T.);
#13244 = ORIENTED_EDGE('',*,*,#13245,.T.);
#13245 = EDGE_CURVE('',#1835,#6807,#13246,.T.);
#13246 = LINE('',#13247,#13248);
#13247 = CARTESIAN_POINT('',(91.2125,-146.72,-4.6E-02));
#13248 = VECTOR('',#13249,1.);
#13249 = DIRECTION('',(0.,0.,1.));
#13250 = ORIENTED_EDGE('',*,*,#6806,.F.);
#13251 = ORIENTED_EDGE('',*,*,#13245,.F.);
#13252 = CYLINDRICAL_SURFACE('',#13253,2.);
#13253 = AXIS2_PLACEMENT_3D('',#13254,#13255,#13256);
#13254 = CARTESIAN_POINT('',(91.2125,-144.72,-4.6E-02));
#13255 = DIRECTION('',(-0.,-0.,-1.));
#13256 = DIRECTION('',(-0.,-1.,0.));
#13257 = ADVANCED_FACE('',(#13258),#13269,.F.);
#13258 = FACE_BOUND('',#13259,.T.);
#13259 = EDGE_LOOP('',(#13260,#13261,#13267,#13268));
#13260 = ORIENTED_EDGE('',*,*,#1845,.T.);
#13261 = ORIENTED_EDGE('',*,*,#13262,.T.);
#13262 = EDGE_CURVE('',#1846,#6818,#13263,.T.);
#13263 = LINE('',#13264,#13265);
#13264 = CARTESIAN_POINT('',(96.2925,-145.595,-4.6E-02));
#13265 = VECTOR('',#13266,1.);
#13266 = DIRECTION('',(0.,0.,1.));
#13267 = ORIENTED_EDGE('',*,*,#6817,.F.);
#13268 = ORIENTED_EDGE('',*,*,#13262,.F.);
#13269 = CYLINDRICAL_SURFACE('',#13270,0.875);
#13270 = AXIS2_PLACEMENT_3D('',#13271,#13272,#13273);
#13271 = CARTESIAN_POINT('',(96.2925,-144.72,-4.6E-02));
#13272 = DIRECTION('',(-0.,-0.,-1.));
#13273 = DIRECTION('',(-0.,-1.,0.));
#13274 = ADVANCED_FACE('',(#13275),#13291,.F.);
#13275 = FACE_BOUND('',#13276,.T.);
#13276 = EDGE_LOOP('',(#13277,#13283,#13284,#13290));
#13277 = ORIENTED_EDGE('',*,*,#13278,.T.);
#13278 = EDGE_CURVE('',#1857,#6829,#13279,.T.);
#13279 = LINE('',#13280,#13281);
#13280 = CARTESIAN_POINT('',(92.956434,-129.893345,0.));
#13281 = VECTOR('',#13282,1.);
#13282 = DIRECTION('',(0.,0.,1.));
#13283 = ORIENTED_EDGE('',*,*,#6828,.T.);
#13284 = ORIENTED_EDGE('',*,*,#13285,.F.);
#13285 = EDGE_CURVE('',#1859,#6831,#13286,.T.);
#13286 = LINE('',#13287,#13288);
#13287 = CARTESIAN_POINT('',(92.269155,-129.206066,0.));
#13288 = VECTOR('',#13289,1.);
#13289 = DIRECTION('',(0.,0.,1.));
#13290 = ORIENTED_EDGE('',*,*,#1856,.F.);
#13291 = CYLINDRICAL_SURFACE('',#13292,0.499999603944);
#13292 = AXIS2_PLACEMENT_3D('',#13293,#13294,#13295);
#13293 = CARTESIAN_POINT('',(92.52965788946,-129.6328421105,0.));
#13294 = DIRECTION('',(-0.,-0.,-1.));
#13295 = DIRECTION('',(0.853552897188,-0.521006191615,0.));
#13296 = ADVANCED_FACE('',(#13297),#13308,.T.);
#13297 = FACE_BOUND('',#13298,.T.);
#13298 = EDGE_LOOP('',(#13299,#13305,#13306,#13307));
#13299 = ORIENTED_EDGE('',*,*,#13300,.T.);
#13300 = EDGE_CURVE('',#1868,#6840,#13301,.T.);
#13301 = LINE('',#13302,#13303);
#13302 = CARTESIAN_POINT('',(92.9125,-130.049647,0.));
#13303 = VECTOR('',#13304,1.);
#13304 = DIRECTION('',(0.,0.,1.));
#13305 = ORIENTED_EDGE('',*,*,#6839,.T.);
#13306 = ORIENTED_EDGE('',*,*,#13278,.F.);
#13307 = ORIENTED_EDGE('',*,*,#1867,.F.);
#13308 = CYLINDRICAL_SURFACE('',#13309,0.299683785035);
#13309 = AXIS2_PLACEMENT_3D('',#13310,#13311,#13312);
#13310 = CARTESIAN_POINT('',(93.212183771747,-130.0495577564,0.));
#13311 = DIRECTION('',(0.,0.,-1.));
#13312 = DIRECTION('',(-0.99999995566,-2.977925315492E-04,-0.));
#13313 = ADVANCED_FACE('',(#13314),#13325,.T.);
#13314 = FACE_BOUND('',#13315,.T.);
#13315 = EDGE_LOOP('',(#13316,#13317,#13318,#13324));
#13316 = ORIENTED_EDGE('',*,*,#13285,.T.);
#13317 = ORIENTED_EDGE('',*,*,#6993,.T.);
#13318 = ORIENTED_EDGE('',*,*,#13319,.F.);
#13319 = EDGE_CURVE('',#2014,#6986,#13320,.T.);
#13320 = LINE('',#13321,#13322);
#13321 = CARTESIAN_POINT('',(92.112853,-129.25,0.));
#13322 = VECTOR('',#13323,1.);
#13323 = DIRECTION('',(0.,0.,1.));
#13324 = ORIENTED_EDGE('',*,*,#2021,.F.);
#13325 = CYLINDRICAL_SURFACE('',#13326,0.299966762338);
#13326 = AXIS2_PLACEMENT_3D('',#13327,#13328,#13329);
#13327 = CARTESIAN_POINT('',(92.112862699494,-128.9500332378,0.));
#13328 = DIRECTION('',(0.,0.,-1.));
#13329 = DIRECTION('',(0.521032061311,-0.853537105863,0.));
#13330 = ADVANCED_FACE('',(#13331),#13342,.T.);
#13331 = FACE_BOUND('',#13332,.T.);
#13332 = EDGE_LOOP('',(#13333,#13339,#13340,#13341));
#13333 = ORIENTED_EDGE('',*,*,#13334,.T.);
#13334 = EDGE_CURVE('',#1877,#6849,#13335,.T.);
#13335 = LINE('',#13336,#13337);
#13336 = CARTESIAN_POINT('',(92.9125,-130.75,0.));
#13337 = VECTOR('',#13338,1.);
#13338 = DIRECTION('',(0.,0.,1.));
#13339 = ORIENTED_EDGE('',*,*,#6848,.T.);
#13340 = ORIENTED_EDGE('',*,*,#13300,.F.);
#13341 = ORIENTED_EDGE('',*,*,#1876,.F.);
#13342 = PLANE('',#13343);
#13343 = AXIS2_PLACEMENT_3D('',#13344,#13345,#13346);
#13344 = CARTESIAN_POINT('',(92.9125,-130.75,0.));
#13345 = DIRECTION('',(-1.,0.,0.));
#13346 = DIRECTION('',(0.,1.,0.));
#13347 = ADVANCED_FACE('',(#13348),#13359,.T.);
#13348 = FACE_BOUND('',#13349,.T.);
#13349 = EDGE_LOOP('',(#13350,#13351,#13352,#13358));
#13350 = ORIENTED_EDGE('',*,*,#13319,.T.);
#13351 = ORIENTED_EDGE('',*,*,#6985,.T.);
#13352 = ORIENTED_EDGE('',*,*,#13353,.F.);
#13353 = EDGE_CURVE('',#2006,#6978,#13354,.T.);
#13354 = LINE('',#13355,#13356);
#13355 = CARTESIAN_POINT('',(91.2125,-129.25,0.));
#13356 = VECTOR('',#13357,1.);
#13357 = DIRECTION('',(0.,0.,1.));
#13358 = ORIENTED_EDGE('',*,*,#2013,.F.);
#13359 = PLANE('',#13360);
#13360 = AXIS2_PLACEMENT_3D('',#13361,#13362,#13363);
#13361 = CARTESIAN_POINT('',(92.112853,-129.25,0.));
#13362 = DIRECTION('',(0.,-1.,0.));
#13363 = DIRECTION('',(-1.,0.,0.));
#13364 = ADVANCED_FACE('',(#13365),#13376,.T.);
#13365 = FACE_BOUND('',#13366,.T.);
#13366 = EDGE_LOOP('',(#13367,#13373,#13374,#13375));
#13367 = ORIENTED_EDGE('',*,*,#13368,.T.);
#13368 = EDGE_CURVE('',#1885,#6857,#13369,.T.);
#13369 = LINE('',#13370,#13371);
#13370 = CARTESIAN_POINT('',(92.9125,-131.450353,0.));
#13371 = VECTOR('',#13372,1.);
#13372 = DIRECTION('',(0.,0.,1.));
#13373 = ORIENTED_EDGE('',*,*,#6856,.T.);
#13374 = ORIENTED_EDGE('',*,*,#13334,.F.);
#13375 = ORIENTED_EDGE('',*,*,#1884,.F.);
#13376 = PLANE('',#13377);
#13377 = AXIS2_PLACEMENT_3D('',#13378,#13379,#13380);
#13378 = CARTESIAN_POINT('',(92.9125,-131.450353,0.));
#13379 = DIRECTION('',(-1.,0.,0.));
#13380 = DIRECTION('',(0.,1.,0.));
#13381 = ADVANCED_FACE('',(#13382),#13393,.T.);
#13382 = FACE_BOUND('',#13383,.T.);
#13383 = EDGE_LOOP('',(#13384,#13385,#13386,#13392));
#13384 = ORIENTED_EDGE('',*,*,#13353,.T.);
#13385 = ORIENTED_EDGE('',*,*,#6977,.T.);
#13386 = ORIENTED_EDGE('',*,*,#13387,.F.);
#13387 = EDGE_CURVE('',#1997,#6969,#13388,.T.);
#13388 = LINE('',#13389,#13390);
#13389 = CARTESIAN_POINT('',(90.312147,-129.25,0.));
#13390 = VECTOR('',#13391,1.);
#13391 = DIRECTION('',(0.,0.,1.));
#13392 = ORIENTED_EDGE('',*,*,#2005,.F.);
#13393 = PLANE('',#13394);
#13394 = AXIS2_PLACEMENT_3D('',#13395,#13396,#13397);
#13395 = CARTESIAN_POINT('',(91.2125,-129.25,0.));
#13396 = DIRECTION('',(0.,-1.,0.));
#13397 = DIRECTION('',(-1.,0.,0.));
#13398 = ADVANCED_FACE('',(#13399),#13410,.T.);
#13399 = FACE_BOUND('',#13400,.T.);
#13400 = EDGE_LOOP('',(#13401,#13407,#13408,#13409));
#13401 = ORIENTED_EDGE('',*,*,#13402,.T.);
#13402 = EDGE_CURVE('',#1893,#6865,#13403,.T.);
#13403 = LINE('',#13404,#13405);
#13404 = CARTESIAN_POINT('',(92.956434,-131.606655,0.));
#13405 = VECTOR('',#13406,1.);
#13406 = DIRECTION('',(0.,0.,1.));
#13407 = ORIENTED_EDGE('',*,*,#6864,.T.);
#13408 = ORIENTED_EDGE('',*,*,#13368,.F.);
#13409 = ORIENTED_EDGE('',*,*,#1892,.F.);
#13410 = CYLINDRICAL_SURFACE('',#13411,0.299966762338);
#13411 = AXIS2_PLACEMENT_3D('',#13412,#13413,#13414);
#13412 = CARTESIAN_POINT('',(93.212466762182,-131.4503626994,0.));
#13413 = DIRECTION('',(0.,0.,-1.));
#13414 = DIRECTION('',(-0.853537105864,-0.521032061311,-0.));
#13415 = ADVANCED_FACE('',(#13416),#13427,.T.);
#13416 = FACE_BOUND('',#13417,.T.);
#13417 = EDGE_LOOP('',(#13418,#13419,#13420,#13426));
#13418 = ORIENTED_EDGE('',*,*,#13387,.T.);
#13419 = ORIENTED_EDGE('',*,*,#6968,.T.);
#13420 = ORIENTED_EDGE('',*,*,#13421,.F.);
#13421 = EDGE_CURVE('',#1988,#6960,#13422,.T.);
#13422 = LINE('',#13423,#13424);
#13423 = CARTESIAN_POINT('',(90.155845,-129.206066,0.));
#13424 = VECTOR('',#13425,1.);
#13425 = DIRECTION('',(0.,0.,1.));
#13426 = ORIENTED_EDGE('',*,*,#1996,.F.);
#13427 = CYLINDRICAL_SURFACE('',#13428,0.299991600077);
#13428 = AXIS2_PLACEMENT_3D('',#13429,#13430,#13431);
#13429 = CARTESIAN_POINT('',(90.312144282039,-128.9500083999,0.));
#13430 = DIRECTION('',(0.,0.,-1.));
#13431 = DIRECTION('',(9.060123619834E-06,-0.999999999959,0.));
#13432 = ADVANCED_FACE('',(#13433),#13444,.F.);
#13433 = FACE_BOUND('',#13434,.T.);
#13434 = EDGE_LOOP('',(#13435,#13441,#13442,#13443));
#13435 = ORIENTED_EDGE('',*,*,#13436,.T.);
#13436 = EDGE_CURVE('',#1902,#6874,#13437,.T.);
#13437 = LINE('',#13438,#13439);
#13438 = CARTESIAN_POINT('',(92.269155,-132.293934,0.));
#13439 = VECTOR('',#13440,1.);
#13440 = DIRECTION('',(0.,0.,1.));
#13441 = ORIENTED_EDGE('',*,*,#6873,.T.);
#13442 = ORIENTED_EDGE('',*,*,#13402,.F.);
#13443 = ORIENTED_EDGE('',*,*,#1901,.F.);
#13444 = CYLINDRICAL_SURFACE('',#13445,0.499998734392);
#13445 = AXIS2_PLACEMENT_3D('',#13446,#13447,#13448);
#13446 = CARTESIAN_POINT('',(92.529660504327,-131.8671605043,0.));
#13447 = DIRECTION('',(-0.,-0.,-1.));
#13448 = DIRECTION('',(-0.521012327448,-0.853549151864,0.));
#13449 = ADVANCED_FACE('',(#13450),#13461,.F.);
#13450 = FACE_BOUND('',#13451,.T.);
#13451 = EDGE_LOOP('',(#13452,#13453,#13454,#13460));
#13452 = ORIENTED_EDGE('',*,*,#13421,.T.);
#13453 = ORIENTED_EDGE('',*,*,#6959,.T.);
#13454 = ORIENTED_EDGE('',*,*,#13455,.F.);
#13455 = EDGE_CURVE('',#1979,#6951,#13456,.T.);
#13456 = LINE('',#13457,#13458);
#13457 = CARTESIAN_POINT('',(89.468566,-129.893345,0.));
#13458 = VECTOR('',#13459,1.);
#13459 = DIRECTION('',(0.,0.,1.));
#13460 = ORIENTED_EDGE('',*,*,#1987,.F.);
#13461 = CYLINDRICAL_SURFACE('',#13462,0.499999603944);
#13462 = AXIS2_PLACEMENT_3D('',#13463,#13464,#13465);
#13463 = CARTESIAN_POINT('',(89.89534211054,-129.6328421105,0.));
#13464 = DIRECTION('',(-0.,-0.,-1.));
#13465 = DIRECTION('',(0.521006191615,0.853552897188,-0.));
#13466 = ADVANCED_FACE('',(#13467),#13478,.T.);
#13467 = FACE_BOUND('',#13468,.T.);
#13468 = EDGE_LOOP('',(#13469,#13475,#13476,#13477));
#13469 = ORIENTED_EDGE('',*,*,#13470,.T.);
#13470 = EDGE_CURVE('',#1911,#6883,#13471,.T.);
#13471 = LINE('',#13472,#13473);
#13472 = CARTESIAN_POINT('',(92.112853,-132.25,0.));
#13473 = VECTOR('',#13474,1.);
#13474 = DIRECTION('',(0.,0.,1.));
#13475 = ORIENTED_EDGE('',*,*,#6882,.T.);
#13476 = ORIENTED_EDGE('',*,*,#13436,.F.);
#13477 = ORIENTED_EDGE('',*,*,#1910,.F.);
#13478 = CYLINDRICAL_SURFACE('',#13479,0.300023425676);
#13479 = AXIS2_PLACEMENT_3D('',#13480,#13481,#13482);
#13480 = CARTESIAN_POINT('',(92.112846772307,-132.5500234256,0.));
#13481 = DIRECTION('',(0.,0.,-1.));
#13482 = DIRECTION('',(2.075735498582E-05,0.999999999785,0.));
#13483 = ADVANCED_FACE('',(#13484),#13495,.T.);
#13484 = FACE_BOUND('',#13485,.T.);
#13485 = EDGE_LOOP('',(#13486,#13487,#13488,#13494));
#13486 = ORIENTED_EDGE('',*,*,#13455,.T.);
#13487 = ORIENTED_EDGE('',*,*,#6950,.T.);
#13488 = ORIENTED_EDGE('',*,*,#13489,.F.);
#13489 = EDGE_CURVE('',#1971,#6943,#13490,.T.);
#13490 = LINE('',#13491,#13492);
#13491 = CARTESIAN_POINT('',(89.5125,-130.049647,0.));
#13492 = VECTOR('',#13493,1.);
#13493 = DIRECTION('',(0.,0.,1.));
#13494 = ORIENTED_EDGE('',*,*,#1978,.F.);
#13495 = CYLINDRICAL_SURFACE('',#13496,0.299991600078);
#13496 = AXIS2_PLACEMENT_3D('',#13497,#13498,#13499);
#13497 = CARTESIAN_POINT('',(89.212508399935,-130.049644282,0.));
#13498 = DIRECTION('',(0.,0.,-1.));
#13499 = DIRECTION('',(0.853549232709,0.521012195003,0.));
#13500 = ADVANCED_FACE('',(#13501),#13512,.T.);
#13501 = FACE_BOUND('',#13502,.T.);
#13502 = EDGE_LOOP('',(#13503,#13509,#13510,#13511));
#13503 = ORIENTED_EDGE('',*,*,#13504,.T.);
#13504 = EDGE_CURVE('',#1920,#6892,#13505,.T.);
#13505 = LINE('',#13506,#13507);
#13506 = CARTESIAN_POINT('',(91.2125,-132.25,0.));
#13507 = VECTOR('',#13508,1.);
#13508 = DIRECTION('',(0.,0.,1.));
#13509 = ORIENTED_EDGE('',*,*,#6891,.T.);
#13510 = ORIENTED_EDGE('',*,*,#13470,.F.);
#13511 = ORIENTED_EDGE('',*,*,#1919,.F.);
#13512 = PLANE('',#13513);
#13513 = AXIS2_PLACEMENT_3D('',#13514,#13515,#13516);
#13514 = CARTESIAN_POINT('',(91.2125,-132.25,0.));
#13515 = DIRECTION('',(0.,1.,0.));
#13516 = DIRECTION('',(1.,0.,0.));
#13517 = ADVANCED_FACE('',(#13518),#13529,.T.);
#13518 = FACE_BOUND('',#13519,.T.);
#13519 = EDGE_LOOP('',(#13520,#13521,#13522,#13528));
#13520 = ORIENTED_EDGE('',*,*,#13489,.T.);
#13521 = ORIENTED_EDGE('',*,*,#6942,.T.);
#13522 = ORIENTED_EDGE('',*,*,#13523,.F.);
#13523 = EDGE_CURVE('',#1963,#6935,#13524,.T.);
#13524 = LINE('',#13525,#13526);
#13525 = CARTESIAN_POINT('',(89.5125,-130.75,0.));
#13526 = VECTOR('',#13527,1.);
#13527 = DIRECTION('',(0.,0.,1.));
#13528 = ORIENTED_EDGE('',*,*,#1970,.F.);
#13529 = PLANE('',#13530);
#13530 = AXIS2_PLACEMENT_3D('',#13531,#13532,#13533);
#13531 = CARTESIAN_POINT('',(89.5125,-130.049647,0.));
#13532 = DIRECTION('',(1.,0.,-0.));
#13533 = DIRECTION('',(0.,-1.,0.));
#13534 = ADVANCED_FACE('',(#13535),#13546,.T.);
#13535 = FACE_BOUND('',#13536,.T.);
#13536 = EDGE_LOOP('',(#13537,#13543,#13544,#13545));
#13537 = ORIENTED_EDGE('',*,*,#13538,.T.);
#13538 = EDGE_CURVE('',#1928,#6900,#13539,.T.);
#13539 = LINE('',#13540,#13541);
#13540 = CARTESIAN_POINT('',(90.312147,-132.25,0.));
#13541 = VECTOR('',#13542,1.);
#13542 = DIRECTION('',(0.,0.,1.));
#13543 = ORIENTED_EDGE('',*,*,#6899,.T.);
#13544 = ORIENTED_EDGE('',*,*,#13504,.F.);
#13545 = ORIENTED_EDGE('',*,*,#1927,.F.);
#13546 = PLANE('',#13547);
#13547 = AXIS2_PLACEMENT_3D('',#13548,#13549,#13550);
#13548 = CARTESIAN_POINT('',(90.312147,-132.25,0.));
#13549 = DIRECTION('',(0.,1.,0.));
#13550 = DIRECTION('',(1.,0.,0.));
#13551 = ADVANCED_FACE('',(#13552),#13563,.T.);
#13552 = FACE_BOUND('',#13553,.T.);
#13553 = EDGE_LOOP('',(#13554,#13555,#13556,#13562));
#13554 = ORIENTED_EDGE('',*,*,#13523,.T.);
#13555 = ORIENTED_EDGE('',*,*,#6934,.T.);
#13556 = ORIENTED_EDGE('',*,*,#13557,.F.);
#13557 = EDGE_CURVE('',#1954,#6926,#13558,.T.);
#13558 = LINE('',#13559,#13560);
#13559 = CARTESIAN_POINT('',(89.5125,-131.450353,0.));
#13560 = VECTOR('',#13561,1.);
#13561 = DIRECTION('',(0.,0.,1.));
#13562 = ORIENTED_EDGE('',*,*,#1962,.F.);
#13563 = PLANE('',#13564);
#13564 = AXIS2_PLACEMENT_3D('',#13565,#13566,#13567);
#13565 = CARTESIAN_POINT('',(89.5125,-130.75,0.));
#13566 = DIRECTION('',(1.,0.,-0.));
#13567 = DIRECTION('',(0.,-1.,0.));
#13568 = ADVANCED_FACE('',(#13569),#13580,.T.);
#13569 = FACE_BOUND('',#13570,.T.);
#13570 = EDGE_LOOP('',(#13571,#13577,#13578,#13579));
#13571 = ORIENTED_EDGE('',*,*,#13572,.T.);
#13572 = EDGE_CURVE('',#1936,#6908,#13573,.T.);
#13573 = LINE('',#13574,#13575);
#13574 = CARTESIAN_POINT('',(90.155845,-132.293934,0.));
#13575 = VECTOR('',#13576,1.);
#13576 = DIRECTION('',(0.,0.,1.));
#13577 = ORIENTED_EDGE('',*,*,#6907,.T.);
#13578 = ORIENTED_EDGE('',*,*,#13538,.F.);
#13579 = ORIENTED_EDGE('',*,*,#1935,.F.);
#13580 = CYLINDRICAL_SURFACE('',#13581,0.299991600077);
#13581 = AXIS2_PLACEMENT_3D('',#13582,#13583,#13584);
#13582 = CARTESIAN_POINT('',(90.312144282039,-132.5499916,0.));
#13583 = DIRECTION('',(0.,0.,-1.));
#13584 = DIRECTION('',(-0.521012195004,0.853549232709,0.));
#13585 = ADVANCED_FACE('',(#13586),#13597,.T.);
#13586 = FACE_BOUND('',#13587,.T.);
#13587 = EDGE_LOOP('',(#13588,#13589,#13590,#13596));
#13588 = ORIENTED_EDGE('',*,*,#13557,.T.);
#13589 = ORIENTED_EDGE('',*,*,#6925,.T.);
#13590 = ORIENTED_EDGE('',*,*,#13591,.F.);
#13591 = EDGE_CURVE('',#1945,#6917,#13592,.T.);
#13592 = LINE('',#13593,#13594);
#13593 = CARTESIAN_POINT('',(89.468566,-131.606655,0.));
#13594 = VECTOR('',#13595,1.);
#13595 = DIRECTION('',(0.,0.,1.));
#13596 = ORIENTED_EDGE('',*,*,#1953,.F.);
#13597 = CYLINDRICAL_SURFACE('',#13598,0.299991600078);
#13598 = AXIS2_PLACEMENT_3D('',#13599,#13600,#13601);
#13599 = CARTESIAN_POINT('',(89.212508399935,-131.4503557179,0.));
#13600 = DIRECTION('',(0.,0.,-1.));
#13601 = DIRECTION('',(0.999999999959,9.060123382971E-06,0.));
#13602 = ADVANCED_FACE('',(#13603),#13609,.F.);
#13603 = FACE_BOUND('',#13604,.T.);
#13604 = EDGE_LOOP('',(#13605,#13606,#13607,#13608));
#13605 = ORIENTED_EDGE('',*,*,#13591,.T.);
#13606 = ORIENTED_EDGE('',*,*,#6916,.T.);
#13607 = ORIENTED_EDGE('',*,*,#13572,.F.);
#13608 = ORIENTED_EDGE('',*,*,#1944,.F.);
#13609 = CYLINDRICAL_SURFACE('',#13610,0.499999603944);
#13610 = AXIS2_PLACEMENT_3D('',#13611,#13612,#13613);
#13611 = CARTESIAN_POINT('',(89.89534211054,-131.8671578894,0.));
#13612 = DIRECTION('',(-0.,-0.,-1.));
#13613 = DIRECTION('',(-0.853552897188,0.521006191615,0.));
#13614 = ADVANCED_FACE('',(#13615),#13626,.F.);
#13615 = FACE_BOUND('',#13616,.T.);
#13616 = EDGE_LOOP('',(#13617,#13618,#13624,#13625));
#13617 = ORIENTED_EDGE('',*,*,#2030,.T.);
#13618 = ORIENTED_EDGE('',*,*,#13619,.T.);
#13619 = EDGE_CURVE('',#2031,#7003,#13620,.T.);
#13620 = LINE('',#13621,#13622);
#13621 = CARTESIAN_POINT('',(93.7525,-141.165,-4.6E-02));
#13622 = VECTOR('',#13623,1.);
#13623 = DIRECTION('',(0.,0.,1.));
#13624 = ORIENTED_EDGE('',*,*,#7002,.F.);
#13625 = ORIENTED_EDGE('',*,*,#13619,.F.);
#13626 = CYLINDRICAL_SURFACE('',#13627,1.525);
#13627 = AXIS2_PLACEMENT_3D('',#13628,#13629,#13630);
#13628 = CARTESIAN_POINT('',(93.7525,-139.64,-4.6E-02));
#13629 = DIRECTION('',(-0.,-0.,-1.));
#13630 = DIRECTION('',(-0.,-1.,0.));
#13631 = ADVANCED_FACE('',(#13632),#13648,.F.);
#13632 = FACE_BOUND('',#13633,.T.);
#13633 = EDGE_LOOP('',(#13634,#13640,#13641,#13647));
#13634 = ORIENTED_EDGE('',*,*,#13635,.T.);
#13635 = EDGE_CURVE('',#2042,#7014,#13636,.T.);
#13636 = LINE('',#13637,#13638);
#13637 = CARTESIAN_POINT('',(112.006434,-148.943345,0.));
#13638 = VECTOR('',#13639,1.);
#13639 = DIRECTION('',(0.,0.,1.));
#13640 = ORIENTED_EDGE('',*,*,#7013,.T.);
#13641 = ORIENTED_EDGE('',*,*,#13642,.F.);
#13642 = EDGE_CURVE('',#2044,#7016,#13643,.T.);
#13643 = LINE('',#13644,#13645);
#13644 = CARTESIAN_POINT('',(111.319155,-148.256066,0.));
#13645 = VECTOR('',#13646,1.);
#13646 = DIRECTION('',(0.,0.,1.));
#13647 = ORIENTED_EDGE('',*,*,#2041,.F.);
#13648 = CYLINDRICAL_SURFACE('',#13649,0.499999603944);
#13649 = AXIS2_PLACEMENT_3D('',#13650,#13651,#13652);
#13650 = CARTESIAN_POINT('',(111.57965788946,-148.6828421105,0.));
#13651 = DIRECTION('',(-0.,-0.,-1.));
#13652 = DIRECTION('',(0.853552897188,-0.521006191616,0.));
#13653 = ADVANCED_FACE('',(#13654),#13665,.T.);
#13654 = FACE_BOUND('',#13655,.T.);
#13655 = EDGE_LOOP('',(#13656,#13662,#13663,#13664));
#13656 = ORIENTED_EDGE('',*,*,#13657,.T.);
#13657 = EDGE_CURVE('',#2053,#7025,#13658,.T.);
#13658 = LINE('',#13659,#13660);
#13659 = CARTESIAN_POINT('',(111.9625,-149.099647,0.));
#13660 = VECTOR('',#13661,1.);
#13661 = DIRECTION('',(0.,0.,1.));
#13662 = ORIENTED_EDGE('',*,*,#7024,.T.);
#13663 = ORIENTED_EDGE('',*,*,#13635,.F.);
#13664 = ORIENTED_EDGE('',*,*,#2052,.F.);
#13665 = CYLINDRICAL_SURFACE('',#13666,0.299683785035);
#13666 = AXIS2_PLACEMENT_3D('',#13667,#13668,#13669);
#13667 = CARTESIAN_POINT('',(112.26218377174,-149.0995577564,0.));
#13668 = DIRECTION('',(0.,0.,-1.));
#13669 = DIRECTION('',(-0.99999995566,-2.977925317389E-04,-0.));
#13670 = ADVANCED_FACE('',(#13671),#13682,.T.);
#13671 = FACE_BOUND('',#13672,.T.);
#13672 = EDGE_LOOP('',(#13673,#13674,#13675,#13681));
#13673 = ORIENTED_EDGE('',*,*,#13642,.T.);
#13674 = ORIENTED_EDGE('',*,*,#7178,.T.);
#13675 = ORIENTED_EDGE('',*,*,#13676,.F.);
#13676 = EDGE_CURVE('',#2199,#7171,#13677,.T.);
#13677 = LINE('',#13678,#13679);
#13678 = CARTESIAN_POINT('',(111.162853,-148.3,0.));
#13679 = VECTOR('',#13680,1.);
#13680 = DIRECTION('',(0.,0.,1.));
#13681 = ORIENTED_EDGE('',*,*,#2206,.F.);
#13682 = CYLINDRICAL_SURFACE('',#13683,0.299966762339);
#13683 = AXIS2_PLACEMENT_3D('',#13684,#13685,#13686);
#13684 = CARTESIAN_POINT('',(111.16286269949,-148.0000332378,0.));
#13685 = DIRECTION('',(0.,0.,-1.));
#13686 = DIRECTION('',(0.521032061311,-0.853537105864,0.));
#13687 = ADVANCED_FACE('',(#13688),#13699,.T.);
#13688 = FACE_BOUND('',#13689,.T.);
#13689 = EDGE_LOOP('',(#13690,#13696,#13697,#13698));
#13690 = ORIENTED_EDGE('',*,*,#13691,.T.);
#13691 = EDGE_CURVE('',#2062,#7034,#13692,.T.);
#13692 = LINE('',#13693,#13694);
#13693 = CARTESIAN_POINT('',(111.9625,-149.8,0.));
#13694 = VECTOR('',#13695,1.);
#13695 = DIRECTION('',(0.,0.,1.));
#13696 = ORIENTED_EDGE('',*,*,#7033,.T.);
#13697 = ORIENTED_EDGE('',*,*,#13657,.F.);
#13698 = ORIENTED_EDGE('',*,*,#2061,.F.);
#13699 = PLANE('',#13700);
#13700 = AXIS2_PLACEMENT_3D('',#13701,#13702,#13703);
#13701 = CARTESIAN_POINT('',(111.9625,-149.8,0.));
#13702 = DIRECTION('',(-1.,0.,0.));
#13703 = DIRECTION('',(0.,1.,0.));
#13704 = ADVANCED_FACE('',(#13705),#13716,.T.);
#13705 = FACE_BOUND('',#13706,.T.);
#13706 = EDGE_LOOP('',(#13707,#13708,#13709,#13715));
#13707 = ORIENTED_EDGE('',*,*,#13676,.T.);
#13708 = ORIENTED_EDGE('',*,*,#7170,.T.);
#13709 = ORIENTED_EDGE('',*,*,#13710,.F.);
#13710 = EDGE_CURVE('',#2191,#7163,#13711,.T.);
#13711 = LINE('',#13712,#13713);
#13712 = CARTESIAN_POINT('',(110.2625,-148.3,0.));
#13713 = VECTOR('',#13714,1.);
#13714 = DIRECTION('',(0.,0.,1.));
#13715 = ORIENTED_EDGE('',*,*,#2198,.F.);
#13716 = PLANE('',#13717);
#13717 = AXIS2_PLACEMENT_3D('',#13718,#13719,#13720);
#13718 = CARTESIAN_POINT('',(111.162853,-148.3,0.));
#13719 = DIRECTION('',(0.,-1.,0.));
#13720 = DIRECTION('',(-1.,0.,0.));
#13721 = ADVANCED_FACE('',(#13722),#13733,.T.);
#13722 = FACE_BOUND('',#13723,.T.);
#13723 = EDGE_LOOP('',(#13724,#13730,#13731,#13732));
#13724 = ORIENTED_EDGE('',*,*,#13725,.T.);
#13725 = EDGE_CURVE('',#2070,#7042,#13726,.T.);
#13726 = LINE('',#13727,#13728);
#13727 = CARTESIAN_POINT('',(111.9625,-150.500353,0.));
#13728 = VECTOR('',#13729,1.);
#13729 = DIRECTION('',(0.,0.,1.));
#13730 = ORIENTED_EDGE('',*,*,#7041,.T.);
#13731 = ORIENTED_EDGE('',*,*,#13691,.F.);
#13732 = ORIENTED_EDGE('',*,*,#2069,.F.);
#13733 = PLANE('',#13734);
#13734 = AXIS2_PLACEMENT_3D('',#13735,#13736,#13737);
#13735 = CARTESIAN_POINT('',(111.9625,-150.500353,0.));
#13736 = DIRECTION('',(-1.,0.,0.));
#13737 = DIRECTION('',(0.,1.,0.));
#13738 = ADVANCED_FACE('',(#13739),#13750,.T.);
#13739 = FACE_BOUND('',#13740,.T.);
#13740 = EDGE_LOOP('',(#13741,#13742,#13743,#13749));
#13741 = ORIENTED_EDGE('',*,*,#13710,.T.);
#13742 = ORIENTED_EDGE('',*,*,#7162,.T.);
#13743 = ORIENTED_EDGE('',*,*,#13744,.F.);
#13744 = EDGE_CURVE('',#2182,#7154,#13745,.T.);
#13745 = LINE('',#13746,#13747);
#13746 = CARTESIAN_POINT('',(109.362147,-148.3,0.));
#13747 = VECTOR('',#13748,1.);
#13748 = DIRECTION('',(0.,0.,1.));
#13749 = ORIENTED_EDGE('',*,*,#2190,.F.);
#13750 = PLANE('',#13751);
#13751 = AXIS2_PLACEMENT_3D('',#13752,#13753,#13754);
#13752 = CARTESIAN_POINT('',(110.2625,-148.3,0.));
#13753 = DIRECTION('',(0.,-1.,0.));
#13754 = DIRECTION('',(-1.,0.,0.));
#13755 = ADVANCED_FACE('',(#13756),#13767,.T.);
#13756 = FACE_BOUND('',#13757,.T.);
#13757 = EDGE_LOOP('',(#13758,#13764,#13765,#13766));
#13758 = ORIENTED_EDGE('',*,*,#13759,.T.);
#13759 = EDGE_CURVE('',#2078,#7050,#13760,.T.);
#13760 = LINE('',#13761,#13762);
#13761 = CARTESIAN_POINT('',(112.006434,-150.656655,0.));
#13762 = VECTOR('',#13763,1.);
#13763 = DIRECTION('',(0.,0.,1.));
#13764 = ORIENTED_EDGE('',*,*,#7049,.T.);
#13765 = ORIENTED_EDGE('',*,*,#13725,.F.);
#13766 = ORIENTED_EDGE('',*,*,#2077,.F.);
#13767 = CYLINDRICAL_SURFACE('',#13768,0.299966762338);
#13768 = AXIS2_PLACEMENT_3D('',#13769,#13770,#13771);
#13769 = CARTESIAN_POINT('',(112.26246676218,-150.5003626994,0.));
#13770 = DIRECTION('',(0.,0.,-1.));
#13771 = DIRECTION('',(-0.853537105864,-0.521032061311,-0.));
#13772 = ADVANCED_FACE('',(#13773),#13784,.T.);
#13773 = FACE_BOUND('',#13774,.T.);
#13774 = EDGE_LOOP('',(#13775,#13776,#13777,#13783));
#13775 = ORIENTED_EDGE('',*,*,#13744,.T.);
#13776 = ORIENTED_EDGE('',*,*,#7153,.T.);
#13777 = ORIENTED_EDGE('',*,*,#13778,.F.);
#13778 = EDGE_CURVE('',#2173,#7145,#13779,.T.);
#13779 = LINE('',#13780,#13781);
#13780 = CARTESIAN_POINT('',(109.205845,-148.256066,0.));
#13781 = VECTOR('',#13782,1.);
#13782 = DIRECTION('',(0.,0.,1.));
#13783 = ORIENTED_EDGE('',*,*,#2181,.F.);
#13784 = CYLINDRICAL_SURFACE('',#13785,0.299991600078);
#13785 = AXIS2_PLACEMENT_3D('',#13786,#13787,#13788);
#13786 = CARTESIAN_POINT('',(109.36214428203,-148.0000083999,0.));
#13787 = DIRECTION('',(0.,0.,-1.));
#13788 = DIRECTION('',(9.060122909248E-06,-0.999999999959,0.));
#13789 = ADVANCED_FACE('',(#13790),#13801,.F.);
#13790 = FACE_BOUND('',#13791,.T.);
#13791 = EDGE_LOOP('',(#13792,#13798,#13799,#13800));
#13792 = ORIENTED_EDGE('',*,*,#13793,.T.);
#13793 = EDGE_CURVE('',#2087,#7059,#13794,.T.);
#13794 = LINE('',#13795,#13796);
#13795 = CARTESIAN_POINT('',(111.319155,-151.343934,0.));
#13796 = VECTOR('',#13797,1.);
#13797 = DIRECTION('',(0.,0.,1.));
#13798 = ORIENTED_EDGE('',*,*,#7058,.T.);
#13799 = ORIENTED_EDGE('',*,*,#13759,.F.);
#13800 = ORIENTED_EDGE('',*,*,#2086,.F.);
#13801 = CYLINDRICAL_SURFACE('',#13802,0.499998734392);
#13802 = AXIS2_PLACEMENT_3D('',#13803,#13804,#13805);
#13803 = CARTESIAN_POINT('',(111.57966050432,-150.9171605043,0.));
#13804 = DIRECTION('',(-0.,-0.,-1.));
#13805 = DIRECTION('',(-0.521012327448,-0.853549151864,0.));
#13806 = ADVANCED_FACE('',(#13807),#13818,.F.);
#13807 = FACE_BOUND('',#13808,.T.);
#13808 = EDGE_LOOP('',(#13809,#13810,#13811,#13817));
#13809 = ORIENTED_EDGE('',*,*,#13778,.T.);
#13810 = ORIENTED_EDGE('',*,*,#7144,.T.);
#13811 = ORIENTED_EDGE('',*,*,#13812,.F.);
#13812 = EDGE_CURVE('',#2164,#7136,#13813,.T.);
#13813 = LINE('',#13814,#13815);
#13814 = CARTESIAN_POINT('',(108.518566,-148.943345,0.));
#13815 = VECTOR('',#13816,1.);
#13816 = DIRECTION('',(0.,0.,1.));
#13817 = ORIENTED_EDGE('',*,*,#2172,.F.);
#13818 = CYLINDRICAL_SURFACE('',#13819,0.499999603944);
#13819 = AXIS2_PLACEMENT_3D('',#13820,#13821,#13822);
#13820 = CARTESIAN_POINT('',(108.94534211054,-148.6828421105,0.));
#13821 = DIRECTION('',(-0.,-0.,-1.));
#13822 = DIRECTION('',(0.521006191616,0.853552897188,-0.));
#13823 = ADVANCED_FACE('',(#13824),#13835,.T.);
#13824 = FACE_BOUND('',#13825,.T.);
#13825 = EDGE_LOOP('',(#13826,#13832,#13833,#13834));
#13826 = ORIENTED_EDGE('',*,*,#13827,.T.);
#13827 = EDGE_CURVE('',#2096,#7068,#13828,.T.);
#13828 = LINE('',#13829,#13830);
#13829 = CARTESIAN_POINT('',(111.162853,-151.3,0.));
#13830 = VECTOR('',#13831,1.);
#13831 = DIRECTION('',(0.,0.,1.));
#13832 = ORIENTED_EDGE('',*,*,#7067,.T.);
#13833 = ORIENTED_EDGE('',*,*,#13793,.F.);
#13834 = ORIENTED_EDGE('',*,*,#2095,.F.);
#13835 = CYLINDRICAL_SURFACE('',#13836,0.300023425677);
#13836 = AXIS2_PLACEMENT_3D('',#13837,#13838,#13839);
#13837 = CARTESIAN_POINT('',(111.1628467723,-151.6000234256,0.));
#13838 = DIRECTION('',(0.,0.,-1.));
#13839 = DIRECTION('',(2.075735522262E-05,0.999999999785,0.));
#13840 = ADVANCED_FACE('',(#13841),#13852,.T.);
#13841 = FACE_BOUND('',#13842,.T.);
#13842 = EDGE_LOOP('',(#13843,#13844,#13845,#13851));
#13843 = ORIENTED_EDGE('',*,*,#13812,.T.);
#13844 = ORIENTED_EDGE('',*,*,#7135,.T.);
#13845 = ORIENTED_EDGE('',*,*,#13846,.F.);
#13846 = EDGE_CURVE('',#2156,#7128,#13847,.T.);
#13847 = LINE('',#13848,#13849);
#13848 = CARTESIAN_POINT('',(108.5625,-149.099647,0.));
#13849 = VECTOR('',#13850,1.);
#13850 = DIRECTION('',(0.,0.,1.));
#13851 = ORIENTED_EDGE('',*,*,#2163,.F.);
#13852 = CYLINDRICAL_SURFACE('',#13853,0.299991600077);
#13853 = AXIS2_PLACEMENT_3D('',#13854,#13855,#13856);
#13854 = CARTESIAN_POINT('',(108.26250839993,-149.099644282,0.));
#13855 = DIRECTION('',(0.,0.,-1.));
#13856 = DIRECTION('',(0.853549232709,0.521012195004,0.));
#13857 = ADVANCED_FACE('',(#13858),#13869,.T.);
#13858 = FACE_BOUND('',#13859,.T.);
#13859 = EDGE_LOOP('',(#13860,#13866,#13867,#13868));
#13860 = ORIENTED_EDGE('',*,*,#13861,.T.);
#13861 = EDGE_CURVE('',#2105,#7077,#13862,.T.);
#13862 = LINE('',#13863,#13864);
#13863 = CARTESIAN_POINT('',(110.2625,-151.3,0.));
#13864 = VECTOR('',#13865,1.);
#13865 = DIRECTION('',(0.,0.,1.));
#13866 = ORIENTED_EDGE('',*,*,#7076,.T.);
#13867 = ORIENTED_EDGE('',*,*,#13827,.F.);
#13868 = ORIENTED_EDGE('',*,*,#2104,.F.);
#13869 = PLANE('',#13870);
#13870 = AXIS2_PLACEMENT_3D('',#13871,#13872,#13873);
#13871 = CARTESIAN_POINT('',(110.2625,-151.3,0.));
#13872 = DIRECTION('',(0.,1.,0.));
#13873 = DIRECTION('',(1.,0.,0.));
#13874 = ADVANCED_FACE('',(#13875),#13886,.T.);
#13875 = FACE_BOUND('',#13876,.T.);
#13876 = EDGE_LOOP('',(#13877,#13878,#13879,#13885));
#13877 = ORIENTED_EDGE('',*,*,#13846,.T.);
#13878 = ORIENTED_EDGE('',*,*,#7127,.T.);
#13879 = ORIENTED_EDGE('',*,*,#13880,.F.);
#13880 = EDGE_CURVE('',#2148,#7120,#13881,.T.);
#13881 = LINE('',#13882,#13883);
#13882 = CARTESIAN_POINT('',(108.5625,-149.8,0.));
#13883 = VECTOR('',#13884,1.);
#13884 = DIRECTION('',(0.,0.,1.));
#13885 = ORIENTED_EDGE('',*,*,#2155,.F.);
#13886 = PLANE('',#13887);
#13887 = AXIS2_PLACEMENT_3D('',#13888,#13889,#13890);
#13888 = CARTESIAN_POINT('',(108.5625,-149.099647,0.));
#13889 = DIRECTION('',(1.,0.,-0.));
#13890 = DIRECTION('',(0.,-1.,0.));
#13891 = ADVANCED_FACE('',(#13892),#13903,.T.);
#13892 = FACE_BOUND('',#13893,.T.);
#13893 = EDGE_LOOP('',(#13894,#13900,#13901,#13902));
#13894 = ORIENTED_EDGE('',*,*,#13895,.T.);
#13895 = EDGE_CURVE('',#2113,#7085,#13896,.T.);
#13896 = LINE('',#13897,#13898);
#13897 = CARTESIAN_POINT('',(109.362147,-151.3,0.));
#13898 = VECTOR('',#13899,1.);
#13899 = DIRECTION('',(0.,0.,1.));
#13900 = ORIENTED_EDGE('',*,*,#7084,.T.);
#13901 = ORIENTED_EDGE('',*,*,#13861,.F.);
#13902 = ORIENTED_EDGE('',*,*,#2112,.F.);
#13903 = PLANE('',#13904);
#13904 = AXIS2_PLACEMENT_3D('',#13905,#13906,#13907);
#13905 = CARTESIAN_POINT('',(109.362147,-151.3,0.));
#13906 = DIRECTION('',(0.,1.,0.));
#13907 = DIRECTION('',(1.,0.,0.));
#13908 = ADVANCED_FACE('',(#13909),#13920,.T.);
#13909 = FACE_BOUND('',#13910,.T.);
#13910 = EDGE_LOOP('',(#13911,#13912,#13913,#13919));
#13911 = ORIENTED_EDGE('',*,*,#13880,.T.);
#13912 = ORIENTED_EDGE('',*,*,#7119,.T.);
#13913 = ORIENTED_EDGE('',*,*,#13914,.F.);
#13914 = EDGE_CURVE('',#2139,#7111,#13915,.T.);
#13915 = LINE('',#13916,#13917);
#13916 = CARTESIAN_POINT('',(108.5625,-150.500353,0.));
#13917 = VECTOR('',#13918,1.);
#13918 = DIRECTION('',(0.,0.,1.));
#13919 = ORIENTED_EDGE('',*,*,#2147,.F.);
#13920 = PLANE('',#13921);
#13921 = AXIS2_PLACEMENT_3D('',#13922,#13923,#13924);
#13922 = CARTESIAN_POINT('',(108.5625,-149.8,0.));
#13923 = DIRECTION('',(1.,0.,-0.));
#13924 = DIRECTION('',(0.,-1.,0.));
#13925 = ADVANCED_FACE('',(#13926),#13937,.T.);
#13926 = FACE_BOUND('',#13927,.T.);
#13927 = EDGE_LOOP('',(#13928,#13934,#13935,#13936));
#13928 = ORIENTED_EDGE('',*,*,#13929,.T.);
#13929 = EDGE_CURVE('',#2121,#7093,#13930,.T.);
#13930 = LINE('',#13931,#13932);
#13931 = CARTESIAN_POINT('',(109.205845,-151.343934,0.));
#13932 = VECTOR('',#13933,1.);
#13933 = DIRECTION('',(0.,0.,1.));
#13934 = ORIENTED_EDGE('',*,*,#7092,.T.);
#13935 = ORIENTED_EDGE('',*,*,#13895,.F.);
#13936 = ORIENTED_EDGE('',*,*,#2120,.F.);
#13937 = CYLINDRICAL_SURFACE('',#13938,0.299991600078);
#13938 = AXIS2_PLACEMENT_3D('',#13939,#13940,#13941);
#13939 = CARTESIAN_POINT('',(109.36214428203,-151.5999916,0.));
#13940 = DIRECTION('',(0.,0.,-1.));
#13941 = DIRECTION('',(-0.521012195003,0.853549232709,0.));
#13942 = ADVANCED_FACE('',(#13943),#13954,.T.);
#13943 = FACE_BOUND('',#13944,.T.);
#13944 = EDGE_LOOP('',(#13945,#13946,#13947,#13953));
#13945 = ORIENTED_EDGE('',*,*,#13914,.T.);
#13946 = ORIENTED_EDGE('',*,*,#7110,.T.);
#13947 = ORIENTED_EDGE('',*,*,#13948,.F.);
#13948 = EDGE_CURVE('',#2130,#7102,#13949,.T.);
#13949 = LINE('',#13950,#13951);
#13950 = CARTESIAN_POINT('',(108.518566,-150.656655,0.));
#13951 = VECTOR('',#13952,1.);
#13952 = DIRECTION('',(0.,0.,1.));
#13953 = ORIENTED_EDGE('',*,*,#2138,.F.);
#13954 = CYLINDRICAL_SURFACE('',#13955,0.299991600078);
#13955 = AXIS2_PLACEMENT_3D('',#13956,#13957,#13958);
#13956 = CARTESIAN_POINT('',(108.26250839993,-150.5003557179,0.));
#13957 = DIRECTION('',(0.,0.,-1.));
#13958 = DIRECTION('',(0.999999999959,9.060123667201E-06,0.));
#13959 = ADVANCED_FACE('',(#13960),#13966,.F.);
#13960 = FACE_BOUND('',#13961,.T.);
#13961 = EDGE_LOOP('',(#13962,#13963,#13964,#13965));
#13962 = ORIENTED_EDGE('',*,*,#13948,.T.);
#13963 = ORIENTED_EDGE('',*,*,#7101,.T.);
#13964 = ORIENTED_EDGE('',*,*,#13929,.F.);
#13965 = ORIENTED_EDGE('',*,*,#2129,.F.);
#13966 = CYLINDRICAL_SURFACE('',#13967,0.499999603944);
#13967 = AXIS2_PLACEMENT_3D('',#13968,#13969,#13970);
#13968 = CARTESIAN_POINT('',(108.94534211054,-150.9171578894,0.));
#13969 = DIRECTION('',(-0.,-0.,-1.));
#13970 = DIRECTION('',(-0.853552897188,0.521006191616,0.));
#13971 = ADVANCED_FACE('',(#13972),#13983,.F.);
#13972 = FACE_BOUND('',#13973,.T.);
#13973 = EDGE_LOOP('',(#13974,#13975,#13981,#13982));
#13974 = ORIENTED_EDGE('',*,*,#2215,.T.);
#13975 = ORIENTED_EDGE('',*,*,#13976,.T.);
#13976 = EDGE_CURVE('',#2216,#7188,#13977,.T.);
#13977 = LINE('',#13978,#13979);
#13978 = CARTESIAN_POINT('',(105.1825,-145.595,-4.6E-02));
#13979 = VECTOR('',#13980,1.);
#13980 = DIRECTION('',(0.,0.,1.));
#13981 = ORIENTED_EDGE('',*,*,#7187,.F.);
#13982 = ORIENTED_EDGE('',*,*,#13976,.F.);
#13983 = CYLINDRICAL_SURFACE('',#13984,0.875);
#13984 = AXIS2_PLACEMENT_3D('',#13985,#13986,#13987);
#13985 = CARTESIAN_POINT('',(105.1825,-144.72,-4.6E-02));
#13986 = DIRECTION('',(-0.,-0.,-1.));
#13987 = DIRECTION('',(-0.,-1.,0.));
#13988 = ADVANCED_FACE('',(#13989),#14000,.F.);
#13989 = FACE_BOUND('',#13990,.T.);
#13990 = EDGE_LOOP('',(#13991,#13992,#13998,#13999));
#13991 = ORIENTED_EDGE('',*,*,#2226,.T.);
#13992 = ORIENTED_EDGE('',*,*,#13993,.T.);
#13993 = EDGE_CURVE('',#2227,#7199,#13994,.T.);
#13994 = LINE('',#13995,#13996);
#13995 = CARTESIAN_POINT('',(106.4525,-143.705,-4.6E-02));
#13996 = VECTOR('',#13997,1.);
#13997 = DIRECTION('',(0.,0.,1.));
#13998 = ORIENTED_EDGE('',*,*,#7198,.F.);
#13999 = ORIENTED_EDGE('',*,*,#13993,.F.);
#14000 = CYLINDRICAL_SURFACE('',#14001,1.525);
#14001 = AXIS2_PLACEMENT_3D('',#14002,#14003,#14004);
#14002 = CARTESIAN_POINT('',(106.4525,-142.18,-4.6E-02));
#14003 = DIRECTION('',(-0.,-0.,-1.));
#14004 = DIRECTION('',(-0.,-1.,0.));
#14005 = ADVANCED_FACE('',(#14006),#14017,.F.);
#14006 = FACE_BOUND('',#14007,.T.);
#14007 = EDGE_LOOP('',(#14008,#14009,#14015,#14016));
#14008 = ORIENTED_EDGE('',*,*,#2237,.T.);
#14009 = ORIENTED_EDGE('',*,*,#14010,.T.);
#14010 = EDGE_CURVE('',#2238,#7210,#14011,.T.);
#14011 = LINE('',#14012,#14013);
#14012 = CARTESIAN_POINT('',(110.2625,-146.72,-4.6E-02));
#14013 = VECTOR('',#14014,1.);
#14014 = DIRECTION('',(0.,0.,1.));
#14015 = ORIENTED_EDGE('',*,*,#7209,.F.);
#14016 = ORIENTED_EDGE('',*,*,#14010,.F.);
#14017 = CYLINDRICAL_SURFACE('',#14018,2.);
#14018 = AXIS2_PLACEMENT_3D('',#14019,#14020,#14021);
#14019 = CARTESIAN_POINT('',(110.2625,-144.72,-4.6E-02));
#14020 = DIRECTION('',(-0.,-0.,-1.));
#14021 = DIRECTION('',(-0.,-1.,0.));
#14022 = ADVANCED_FACE('',(#14023),#14034,.F.);
#14023 = FACE_BOUND('',#14024,.T.);
#14024 = EDGE_LOOP('',(#14025,#14026,#14032,#14033));
#14025 = ORIENTED_EDGE('',*,*,#2248,.T.);
#14026 = ORIENTED_EDGE('',*,*,#14027,.T.);
#14027 = EDGE_CURVE('',#2249,#7221,#14028,.T.);
#14028 = LINE('',#14029,#14030);
#14029 = CARTESIAN_POINT('',(122.8375,-155.395,-4.6E-02));
#14030 = VECTOR('',#14031,1.);
#14031 = DIRECTION('',(0.,0.,1.));
#14032 = ORIENTED_EDGE('',*,*,#7220,.F.);
#14033 = ORIENTED_EDGE('',*,*,#14027,.F.);
#14034 = CYLINDRICAL_SURFACE('',#14035,1.1);
#14035 = AXIS2_PLACEMENT_3D('',#14036,#14037,#14038);
#14036 = CARTESIAN_POINT('',(122.8375,-154.295,-4.6E-02));
#14037 = DIRECTION('',(-0.,-0.,-1.));
#14038 = DIRECTION('',(-0.,-1.,0.));
#14039 = ADVANCED_FACE('',(#14040),#14051,.F.);
#14040 = FACE_BOUND('',#14041,.T.);
#14041 = EDGE_LOOP('',(#14042,#14043,#14049,#14050));
#14042 = ORIENTED_EDGE('',*,*,#2259,.T.);
#14043 = ORIENTED_EDGE('',*,*,#14044,.T.);
#14044 = EDGE_CURVE('',#2260,#7232,#14045,.T.);
#14045 = LINE('',#14046,#14047);
#14046 = CARTESIAN_POINT('',(115.3425,-145.595,-4.6E-02));
#14047 = VECTOR('',#14048,1.);
#14048 = DIRECTION('',(0.,0.,1.));
#14049 = ORIENTED_EDGE('',*,*,#7231,.F.);
#14050 = ORIENTED_EDGE('',*,*,#14044,.F.);
#14051 = CYLINDRICAL_SURFACE('',#14052,0.875);
#14052 = AXIS2_PLACEMENT_3D('',#14053,#14054,#14055);
#14053 = CARTESIAN_POINT('',(115.3425,-144.72,-4.6E-02));
#14054 = DIRECTION('',(-0.,-0.,-1.));
#14055 = DIRECTION('',(-0.,-1.,0.));
#14056 = ADVANCED_FACE('',(#14057),#14068,.F.);
#14057 = FACE_BOUND('',#14058,.T.);
#14058 = EDGE_LOOP('',(#14059,#14060,#14066,#14067));
#14059 = ORIENTED_EDGE('',*,*,#2270,.T.);
#14060 = ORIENTED_EDGE('',*,*,#14061,.T.);
#14061 = EDGE_CURVE('',#2271,#7243,#14062,.T.);
#14062 = LINE('',#14063,#14064);
#14063 = CARTESIAN_POINT('',(112.8025,-141.165,-4.6E-02));
#14064 = VECTOR('',#14065,1.);
#14065 = DIRECTION('',(0.,0.,1.));
#14066 = ORIENTED_EDGE('',*,*,#7242,.F.);
#14067 = ORIENTED_EDGE('',*,*,#14061,.F.);
#14068 = CYLINDRICAL_SURFACE('',#14069,1.525);
#14069 = AXIS2_PLACEMENT_3D('',#14070,#14071,#14072);
#14070 = CARTESIAN_POINT('',(112.8025,-139.64,-4.6E-02));
#14071 = DIRECTION('',(-0.,-0.,-1.));
#14072 = DIRECTION('',(-9.31859325587E-15,-1.,0.));
#14073 = ADVANCED_FACE('',(#14074),#14090,.F.);
#14074 = FACE_BOUND('',#14075,.T.);
#14075 = EDGE_LOOP('',(#14076,#14082,#14083,#14089));
#14076 = ORIENTED_EDGE('',*,*,#14077,.T.);
#14077 = EDGE_CURVE('',#2282,#7254,#14078,.T.);
#14078 = LINE('',#14079,#14080);
#14079 = CARTESIAN_POINT('',(112.006434,-129.893345,0.));
#14080 = VECTOR('',#14081,1.);
#14081 = DIRECTION('',(0.,0.,1.));
#14082 = ORIENTED_EDGE('',*,*,#7253,.T.);
#14083 = ORIENTED_EDGE('',*,*,#14084,.F.);
#14084 = EDGE_CURVE('',#2284,#7256,#14085,.T.);
#14085 = LINE('',#14086,#14087);
#14086 = CARTESIAN_POINT('',(111.319155,-129.206066,0.));
#14087 = VECTOR('',#14088,1.);
#14088 = DIRECTION('',(0.,0.,1.));
#14089 = ORIENTED_EDGE('',*,*,#2281,.F.);
#14090 = CYLINDRICAL_SURFACE('',#14091,0.499999603944);
#14091 = AXIS2_PLACEMENT_3D('',#14092,#14093,#14094);
#14092 = CARTESIAN_POINT('',(111.57965788946,-129.6328421105,0.));
#14093 = DIRECTION('',(-0.,-0.,-1.));
#14094 = DIRECTION('',(0.853552897188,-0.521006191615,0.));
#14095 = ADVANCED_FACE('',(#14096),#14107,.T.);
#14096 = FACE_BOUND('',#14097,.T.);
#14097 = EDGE_LOOP('',(#14098,#14104,#14105,#14106));
#14098 = ORIENTED_EDGE('',*,*,#14099,.T.);
#14099 = EDGE_CURVE('',#2293,#7265,#14100,.T.);
#14100 = LINE('',#14101,#14102);
#14101 = CARTESIAN_POINT('',(111.9625,-130.049647,0.));
#14102 = VECTOR('',#14103,1.);
#14103 = DIRECTION('',(0.,0.,1.));
#14104 = ORIENTED_EDGE('',*,*,#7264,.T.);
#14105 = ORIENTED_EDGE('',*,*,#14077,.F.);
#14106 = ORIENTED_EDGE('',*,*,#2292,.F.);
#14107 = CYLINDRICAL_SURFACE('',#14108,0.299683785035);
#14108 = AXIS2_PLACEMENT_3D('',#14109,#14110,#14111);
#14109 = CARTESIAN_POINT('',(112.26218377174,-130.0495577564,0.));
#14110 = DIRECTION('',(0.,0.,-1.));
#14111 = DIRECTION('',(-0.99999995566,-2.977925317391E-04,-0.));
#14112 = ADVANCED_FACE('',(#14113),#14124,.T.);
#14113 = FACE_BOUND('',#14114,.T.);
#14114 = EDGE_LOOP('',(#14115,#14116,#14117,#14123));
#14115 = ORIENTED_EDGE('',*,*,#14084,.T.);
#14116 = ORIENTED_EDGE('',*,*,#7418,.T.);
#14117 = ORIENTED_EDGE('',*,*,#14118,.F.);
#14118 = EDGE_CURVE('',#2439,#7411,#14119,.T.);
#14119 = LINE('',#14120,#14121);
#14120 = CARTESIAN_POINT('',(111.162853,-129.25,0.));
#14121 = VECTOR('',#14122,1.);
#14122 = DIRECTION('',(0.,0.,1.));
#14123 = ORIENTED_EDGE('',*,*,#2446,.F.);
#14124 = CYLINDRICAL_SURFACE('',#14125,0.299966762338);
#14125 = AXIS2_PLACEMENT_3D('',#14126,#14127,#14128);
#14126 = CARTESIAN_POINT('',(111.16286269949,-128.9500332378,0.));
#14127 = DIRECTION('',(0.,0.,-1.));
#14128 = DIRECTION('',(0.521032061311,-0.853537105863,0.));
#14129 = ADVANCED_FACE('',(#14130),#14141,.T.);
#14130 = FACE_BOUND('',#14131,.T.);
#14131 = EDGE_LOOP('',(#14132,#14138,#14139,#14140));
#14132 = ORIENTED_EDGE('',*,*,#14133,.T.);
#14133 = EDGE_CURVE('',#2302,#7274,#14134,.T.);
#14134 = LINE('',#14135,#14136);
#14135 = CARTESIAN_POINT('',(111.9625,-130.75,0.));
#14136 = VECTOR('',#14137,1.);
#14137 = DIRECTION('',(0.,0.,1.));
#14138 = ORIENTED_EDGE('',*,*,#7273,.T.);
#14139 = ORIENTED_EDGE('',*,*,#14099,.F.);
#14140 = ORIENTED_EDGE('',*,*,#2301,.F.);
#14141 = PLANE('',#14142);
#14142 = AXIS2_PLACEMENT_3D('',#14143,#14144,#14145);
#14143 = CARTESIAN_POINT('',(111.9625,-130.75,0.));
#14144 = DIRECTION('',(-1.,0.,0.));
#14145 = DIRECTION('',(0.,1.,0.));
#14146 = ADVANCED_FACE('',(#14147),#14158,.T.);
#14147 = FACE_BOUND('',#14148,.T.);
#14148 = EDGE_LOOP('',(#14149,#14150,#14151,#14157));
#14149 = ORIENTED_EDGE('',*,*,#14118,.T.);
#14150 = ORIENTED_EDGE('',*,*,#7410,.T.);
#14151 = ORIENTED_EDGE('',*,*,#14152,.F.);
#14152 = EDGE_CURVE('',#2431,#7403,#14153,.T.);
#14153 = LINE('',#14154,#14155);
#14154 = CARTESIAN_POINT('',(110.2625,-129.25,0.));
#14155 = VECTOR('',#14156,1.);
#14156 = DIRECTION('',(0.,0.,1.));
#14157 = ORIENTED_EDGE('',*,*,#2438,.F.);
#14158 = PLANE('',#14159);
#14159 = AXIS2_PLACEMENT_3D('',#14160,#14161,#14162);
#14160 = CARTESIAN_POINT('',(111.162853,-129.25,0.));
#14161 = DIRECTION('',(0.,-1.,0.));
#14162 = DIRECTION('',(-1.,0.,0.));
#14163 = ADVANCED_FACE('',(#14164),#14175,.T.);
#14164 = FACE_BOUND('',#14165,.T.);
#14165 = EDGE_LOOP('',(#14166,#14172,#14173,#14174));
#14166 = ORIENTED_EDGE('',*,*,#14167,.T.);
#14167 = EDGE_CURVE('',#2310,#7282,#14168,.T.);
#14168 = LINE('',#14169,#14170);
#14169 = CARTESIAN_POINT('',(111.9625,-131.450353,0.));
#14170 = VECTOR('',#14171,1.);
#14171 = DIRECTION('',(0.,0.,1.));
#14172 = ORIENTED_EDGE('',*,*,#7281,.T.);
#14173 = ORIENTED_EDGE('',*,*,#14133,.F.);
#14174 = ORIENTED_EDGE('',*,*,#2309,.F.);
#14175 = PLANE('',#14176);
#14176 = AXIS2_PLACEMENT_3D('',#14177,#14178,#14179);
#14177 = CARTESIAN_POINT('',(111.9625,-131.450353,0.));
#14178 = DIRECTION('',(-1.,0.,0.));
#14179 = DIRECTION('',(0.,1.,0.));
#14180 = ADVANCED_FACE('',(#14181),#14192,.T.);
#14181 = FACE_BOUND('',#14182,.T.);
#14182 = EDGE_LOOP('',(#14183,#14184,#14185,#14191));
#14183 = ORIENTED_EDGE('',*,*,#14152,.T.);
#14184 = ORIENTED_EDGE('',*,*,#7402,.T.);
#14185 = ORIENTED_EDGE('',*,*,#14186,.F.);
#14186 = EDGE_CURVE('',#2422,#7394,#14187,.T.);
#14187 = LINE('',#14188,#14189);
#14188 = CARTESIAN_POINT('',(109.362147,-129.25,0.));
#14189 = VECTOR('',#14190,1.);
#14190 = DIRECTION('',(0.,0.,1.));
#14191 = ORIENTED_EDGE('',*,*,#2430,.F.);
#14192 = PLANE('',#14193);
#14193 = AXIS2_PLACEMENT_3D('',#14194,#14195,#14196);
#14194 = CARTESIAN_POINT('',(110.2625,-129.25,0.));
#14195 = DIRECTION('',(0.,-1.,0.));
#14196 = DIRECTION('',(-1.,0.,0.));
#14197 = ADVANCED_FACE('',(#14198),#14209,.T.);
#14198 = FACE_BOUND('',#14199,.T.);
#14199 = EDGE_LOOP('',(#14200,#14206,#14207,#14208));
#14200 = ORIENTED_EDGE('',*,*,#14201,.T.);
#14201 = EDGE_CURVE('',#2318,#7290,#14202,.T.);
#14202 = LINE('',#14203,#14204);
#14203 = CARTESIAN_POINT('',(112.006434,-131.606655,0.));
#14204 = VECTOR('',#14205,1.);
#14205 = DIRECTION('',(0.,0.,1.));
#14206 = ORIENTED_EDGE('',*,*,#7289,.T.);
#14207 = ORIENTED_EDGE('',*,*,#14167,.F.);
#14208 = ORIENTED_EDGE('',*,*,#2317,.F.);
#14209 = CYLINDRICAL_SURFACE('',#14210,0.299966762338);
#14210 = AXIS2_PLACEMENT_3D('',#14211,#14212,#14213);
#14211 = CARTESIAN_POINT('',(112.26246676218,-131.4503626994,0.));
#14212 = DIRECTION('',(0.,0.,-1.));
#14213 = DIRECTION('',(-0.853537105864,-0.521032061311,-0.));
#14214 = ADVANCED_FACE('',(#14215),#14226,.T.);
#14215 = FACE_BOUND('',#14216,.T.);
#14216 = EDGE_LOOP('',(#14217,#14218,#14219,#14225));
#14217 = ORIENTED_EDGE('',*,*,#14186,.T.);
#14218 = ORIENTED_EDGE('',*,*,#7393,.T.);
#14219 = ORIENTED_EDGE('',*,*,#14220,.F.);
#14220 = EDGE_CURVE('',#2413,#7385,#14221,.T.);
#14221 = LINE('',#14222,#14223);
#14222 = CARTESIAN_POINT('',(109.205845,-129.206066,0.));
#14223 = VECTOR('',#14224,1.);
#14224 = DIRECTION('',(0.,0.,1.));
#14225 = ORIENTED_EDGE('',*,*,#2421,.F.);
#14226 = CYLINDRICAL_SURFACE('',#14227,0.299991600077);
#14227 = AXIS2_PLACEMENT_3D('',#14228,#14229,#14230);
#14228 = CARTESIAN_POINT('',(109.36214428203,-128.9500083999,0.));
#14229 = DIRECTION('',(0.,0.,-1.));
#14230 = DIRECTION('',(9.060123572461E-06,-0.999999999959,0.));
#14231 = ADVANCED_FACE('',(#14232),#14243,.F.);
#14232 = FACE_BOUND('',#14233,.T.);
#14233 = EDGE_LOOP('',(#14234,#14240,#14241,#14242));
#14234 = ORIENTED_EDGE('',*,*,#14235,.T.);
#14235 = EDGE_CURVE('',#2327,#7299,#14236,.T.);
#14236 = LINE('',#14237,#14238);
#14237 = CARTESIAN_POINT('',(111.319155,-132.293934,0.));
#14238 = VECTOR('',#14239,1.);
#14239 = DIRECTION('',(0.,0.,1.));
#14240 = ORIENTED_EDGE('',*,*,#7298,.T.);
#14241 = ORIENTED_EDGE('',*,*,#14201,.F.);
#14242 = ORIENTED_EDGE('',*,*,#2326,.F.);
#14243 = CYLINDRICAL_SURFACE('',#14244,0.499998734392);
#14244 = AXIS2_PLACEMENT_3D('',#14245,#14246,#14247);
#14245 = CARTESIAN_POINT('',(111.57966050432,-131.8671605043,0.));
#14246 = DIRECTION('',(-0.,-0.,-1.));
#14247 = DIRECTION('',(-0.521012327448,-0.853549151864,0.));
#14248 = ADVANCED_FACE('',(#14249),#14260,.F.);
#14249 = FACE_BOUND('',#14250,.T.);
#14250 = EDGE_LOOP('',(#14251,#14252,#14253,#14259));
#14251 = ORIENTED_EDGE('',*,*,#14220,.T.);
#14252 = ORIENTED_EDGE('',*,*,#7384,.T.);
#14253 = ORIENTED_EDGE('',*,*,#14254,.F.);
#14254 = EDGE_CURVE('',#2404,#7376,#14255,.T.);
#14255 = LINE('',#14256,#14257);
#14256 = CARTESIAN_POINT('',(108.518566,-129.893345,0.));
#14257 = VECTOR('',#14258,1.);
#14258 = DIRECTION('',(0.,0.,1.));
#14259 = ORIENTED_EDGE('',*,*,#2412,.F.);
#14260 = CYLINDRICAL_SURFACE('',#14261,0.499999603944);
#14261 = AXIS2_PLACEMENT_3D('',#14262,#14263,#14264);
#14262 = CARTESIAN_POINT('',(108.94534211054,-129.6328421105,0.));
#14263 = DIRECTION('',(-0.,-0.,-1.));
#14264 = DIRECTION('',(0.521006191615,0.853552897188,-0.));
#14265 = ADVANCED_FACE('',(#14266),#14277,.T.);
#14266 = FACE_BOUND('',#14267,.T.);
#14267 = EDGE_LOOP('',(#14268,#14274,#14275,#14276));
#14268 = ORIENTED_EDGE('',*,*,#14269,.T.);
#14269 = EDGE_CURVE('',#2336,#7308,#14270,.T.);
#14270 = LINE('',#14271,#14272);
#14271 = CARTESIAN_POINT('',(111.162853,-132.25,0.));
#14272 = VECTOR('',#14273,1.);
#14273 = DIRECTION('',(0.,0.,1.));
#14274 = ORIENTED_EDGE('',*,*,#7307,.T.);
#14275 = ORIENTED_EDGE('',*,*,#14235,.F.);
#14276 = ORIENTED_EDGE('',*,*,#2335,.F.);
#14277 = CYLINDRICAL_SURFACE('',#14278,0.300023425677);
#14278 = AXIS2_PLACEMENT_3D('',#14279,#14280,#14281);
#14279 = CARTESIAN_POINT('',(111.1628467723,-132.5500234256,0.));
#14280 = DIRECTION('',(0.,0.,-1.));
#14281 = DIRECTION('',(2.075735503318E-05,0.999999999785,0.));
#14282 = ADVANCED_FACE('',(#14283),#14294,.T.);
#14283 = FACE_BOUND('',#14284,.T.);
#14284 = EDGE_LOOP('',(#14285,#14286,#14287,#14293));
#14285 = ORIENTED_EDGE('',*,*,#14254,.T.);
#14286 = ORIENTED_EDGE('',*,*,#7375,.T.);
#14287 = ORIENTED_EDGE('',*,*,#14288,.F.);
#14288 = EDGE_CURVE('',#2396,#7368,#14289,.T.);
#14289 = LINE('',#14290,#14291);
#14290 = CARTESIAN_POINT('',(108.5625,-130.049647,0.));
#14291 = VECTOR('',#14292,1.);
#14292 = DIRECTION('',(0.,0.,1.));
#14293 = ORIENTED_EDGE('',*,*,#2403,.F.);
#14294 = CYLINDRICAL_SURFACE('',#14295,0.299991600077);
#14295 = AXIS2_PLACEMENT_3D('',#14296,#14297,#14298);
#14296 = CARTESIAN_POINT('',(108.26250839993,-130.049644282,0.));
#14297 = DIRECTION('',(0.,0.,-1.));
#14298 = DIRECTION('',(0.853549232709,0.521012195004,0.));
#14299 = ADVANCED_FACE('',(#14300),#14311,.T.);
#14300 = FACE_BOUND('',#14301,.T.);
#14301 = EDGE_LOOP('',(#14302,#14308,#14309,#14310));
#14302 = ORIENTED_EDGE('',*,*,#14303,.T.);
#14303 = EDGE_CURVE('',#2345,#7317,#14304,.T.);
#14304 = LINE('',#14305,#14306);
#14305 = CARTESIAN_POINT('',(110.2625,-132.25,0.));
#14306 = VECTOR('',#14307,1.);
#14307 = DIRECTION('',(0.,0.,1.));
#14308 = ORIENTED_EDGE('',*,*,#7316,.T.);
#14309 = ORIENTED_EDGE('',*,*,#14269,.F.);
#14310 = ORIENTED_EDGE('',*,*,#2344,.F.);
#14311 = PLANE('',#14312);
#14312 = AXIS2_PLACEMENT_3D('',#14313,#14314,#14315);
#14313 = CARTESIAN_POINT('',(110.2625,-132.25,0.));
#14314 = DIRECTION('',(0.,1.,0.));
#14315 = DIRECTION('',(1.,0.,0.));
#14316 = ADVANCED_FACE('',(#14317),#14328,.T.);
#14317 = FACE_BOUND('',#14318,.T.);
#14318 = EDGE_LOOP('',(#14319,#14320,#14321,#14327));
#14319 = ORIENTED_EDGE('',*,*,#14288,.T.);
#14320 = ORIENTED_EDGE('',*,*,#7367,.T.);
#14321 = ORIENTED_EDGE('',*,*,#14322,.F.);
#14322 = EDGE_CURVE('',#2388,#7360,#14323,.T.);
#14323 = LINE('',#14324,#14325);
#14324 = CARTESIAN_POINT('',(108.5625,-130.75,0.));
#14325 = VECTOR('',#14326,1.);
#14326 = DIRECTION('',(0.,0.,1.));
#14327 = ORIENTED_EDGE('',*,*,#2395,.F.);
#14328 = PLANE('',#14329);
#14329 = AXIS2_PLACEMENT_3D('',#14330,#14331,#14332);
#14330 = CARTESIAN_POINT('',(108.5625,-130.049647,0.));
#14331 = DIRECTION('',(1.,0.,-0.));
#14332 = DIRECTION('',(0.,-1.,0.));
#14333 = ADVANCED_FACE('',(#14334),#14345,.T.);
#14334 = FACE_BOUND('',#14335,.T.);
#14335 = EDGE_LOOP('',(#14336,#14342,#14343,#14344));
#14336 = ORIENTED_EDGE('',*,*,#14337,.T.);
#14337 = EDGE_CURVE('',#2353,#7325,#14338,.T.);
#14338 = LINE('',#14339,#14340);
#14339 = CARTESIAN_POINT('',(109.362147,-132.25,0.));
#14340 = VECTOR('',#14341,1.);
#14341 = DIRECTION('',(0.,0.,1.));
#14342 = ORIENTED_EDGE('',*,*,#7324,.T.);
#14343 = ORIENTED_EDGE('',*,*,#14303,.F.);
#14344 = ORIENTED_EDGE('',*,*,#2352,.F.);
#14345 = PLANE('',#14346);
#14346 = AXIS2_PLACEMENT_3D('',#14347,#14348,#14349);
#14347 = CARTESIAN_POINT('',(109.362147,-132.25,0.));
#14348 = DIRECTION('',(0.,1.,0.));
#14349 = DIRECTION('',(1.,0.,0.));
#14350 = ADVANCED_FACE('',(#14351),#14362,.T.);
#14351 = FACE_BOUND('',#14352,.T.);
#14352 = EDGE_LOOP('',(#14353,#14354,#14355,#14361));
#14353 = ORIENTED_EDGE('',*,*,#14322,.T.);
#14354 = ORIENTED_EDGE('',*,*,#7359,.T.);
#14355 = ORIENTED_EDGE('',*,*,#14356,.F.);
#14356 = EDGE_CURVE('',#2379,#7351,#14357,.T.);
#14357 = LINE('',#14358,#14359);
#14358 = CARTESIAN_POINT('',(108.5625,-131.450353,0.));
#14359 = VECTOR('',#14360,1.);
#14360 = DIRECTION('',(0.,0.,1.));
#14361 = ORIENTED_EDGE('',*,*,#2387,.F.);
#14362 = PLANE('',#14363);
#14363 = AXIS2_PLACEMENT_3D('',#14364,#14365,#14366);
#14364 = CARTESIAN_POINT('',(108.5625,-130.75,0.));
#14365 = DIRECTION('',(1.,0.,-0.));
#14366 = DIRECTION('',(0.,-1.,0.));
#14367 = ADVANCED_FACE('',(#14368),#14379,.T.);
#14368 = FACE_BOUND('',#14369,.T.);
#14369 = EDGE_LOOP('',(#14370,#14376,#14377,#14378));
#14370 = ORIENTED_EDGE('',*,*,#14371,.T.);
#14371 = EDGE_CURVE('',#2361,#7333,#14372,.T.);
#14372 = LINE('',#14373,#14374);
#14373 = CARTESIAN_POINT('',(109.205845,-132.293934,0.));
#14374 = VECTOR('',#14375,1.);
#14375 = DIRECTION('',(0.,0.,1.));
#14376 = ORIENTED_EDGE('',*,*,#7332,.T.);
#14377 = ORIENTED_EDGE('',*,*,#14337,.F.);
#14378 = ORIENTED_EDGE('',*,*,#2360,.F.);
#14379 = CYLINDRICAL_SURFACE('',#14380,0.299991600077);
#14380 = AXIS2_PLACEMENT_3D('',#14381,#14382,#14383);
#14381 = CARTESIAN_POINT('',(109.36214428203,-132.5499916,0.));
#14382 = DIRECTION('',(0.,0.,-1.));
#14383 = DIRECTION('',(-0.521012195004,0.853549232709,0.));
#14384 = ADVANCED_FACE('',(#14385),#14396,.T.);
#14385 = FACE_BOUND('',#14386,.T.);
#14386 = EDGE_LOOP('',(#14387,#14388,#14389,#14395));
#14387 = ORIENTED_EDGE('',*,*,#14356,.T.);
#14388 = ORIENTED_EDGE('',*,*,#7350,.T.);
#14389 = ORIENTED_EDGE('',*,*,#14390,.F.);
#14390 = EDGE_CURVE('',#2370,#7342,#14391,.T.);
#14391 = LINE('',#14392,#14393);
#14392 = CARTESIAN_POINT('',(108.518566,-131.606655,0.));
#14393 = VECTOR('',#14394,1.);
#14394 = DIRECTION('',(0.,0.,1.));
#14395 = ORIENTED_EDGE('',*,*,#2378,.F.);
#14396 = CYLINDRICAL_SURFACE('',#14397,0.299991600077);
#14397 = AXIS2_PLACEMENT_3D('',#14398,#14399,#14400);
#14398 = CARTESIAN_POINT('',(108.26250839993,-131.4503557179,0.));
#14399 = DIRECTION('',(0.,0.,-1.));
#14400 = DIRECTION('',(0.999999999959,9.06012357246E-06,0.));
#14401 = ADVANCED_FACE('',(#14402),#14408,.F.);
#14402 = FACE_BOUND('',#14403,.T.);
#14403 = EDGE_LOOP('',(#14404,#14405,#14406,#14407));
#14404 = ORIENTED_EDGE('',*,*,#14390,.T.);
#14405 = ORIENTED_EDGE('',*,*,#7341,.T.);
#14406 = ORIENTED_EDGE('',*,*,#14371,.F.);
#14407 = ORIENTED_EDGE('',*,*,#2369,.F.);
#14408 = CYLINDRICAL_SURFACE('',#14409,0.499999603944);
#14409 = AXIS2_PLACEMENT_3D('',#14410,#14411,#14412);
#14410 = CARTESIAN_POINT('',(108.94534211054,-131.8671578894,0.));
#14411 = DIRECTION('',(-0.,-0.,-1.));
#14412 = DIRECTION('',(-0.853552897188,0.521006191615,0.));
#14413 = ADVANCED_FACE('',(#14414),#14425,.F.);
#14414 = FACE_BOUND('',#14415,.T.);
#14415 = EDGE_LOOP('',(#14416,#14417,#14423,#14424));
#14416 = ORIENTED_EDGE('',*,*,#2455,.T.);
#14417 = ORIENTED_EDGE('',*,*,#14418,.T.);
#14418 = EDGE_CURVE('',#2456,#7428,#14419,.T.);
#14419 = LINE('',#14420,#14421);
#14420 = CARTESIAN_POINT('',(86.1325,-126.545,-4.6E-02));
#14421 = VECTOR('',#14422,1.);
#14422 = DIRECTION('',(0.,0.,1.));
#14423 = ORIENTED_EDGE('',*,*,#7427,.F.);
#14424 = ORIENTED_EDGE('',*,*,#14418,.F.);
#14425 = CYLINDRICAL_SURFACE('',#14426,0.875);
#14426 = AXIS2_PLACEMENT_3D('',#14427,#14428,#14429);
#14427 = CARTESIAN_POINT('',(86.1325,-125.67,-4.6E-02));
#14428 = DIRECTION('',(-0.,-0.,-1.));
#14429 = DIRECTION('',(-0.,-1.,0.));
#14430 = ADVANCED_FACE('',(#14431),#14442,.F.);
#14431 = FACE_BOUND('',#14432,.T.);
#14432 = EDGE_LOOP('',(#14433,#14434,#14440,#14441));
#14433 = ORIENTED_EDGE('',*,*,#2466,.T.);
#14434 = ORIENTED_EDGE('',*,*,#14435,.T.);
#14435 = EDGE_CURVE('',#2467,#7439,#14436,.T.);
#14436 = LINE('',#14437,#14438);
#14437 = CARTESIAN_POINT('',(91.2125,-127.67,-4.6E-02));
#14438 = VECTOR('',#14439,1.);
#14439 = DIRECTION('',(0.,0.,1.));
#14440 = ORIENTED_EDGE('',*,*,#7438,.F.);
#14441 = ORIENTED_EDGE('',*,*,#14435,.F.);
#14442 = CYLINDRICAL_SURFACE('',#14443,2.);
#14443 = AXIS2_PLACEMENT_3D('',#14444,#14445,#14446);
#14444 = CARTESIAN_POINT('',(91.2125,-125.67,-4.6E-02));
#14445 = DIRECTION('',(-0.,-0.,-1.));
#14446 = DIRECTION('',(-0.,-1.,0.));
#14447 = ADVANCED_FACE('',(#14448),#14459,.F.);
#14448 = FACE_BOUND('',#14449,.T.);
#14449 = EDGE_LOOP('',(#14450,#14451,#14457,#14458));
#14450 = ORIENTED_EDGE('',*,*,#2477,.T.);
#14451 = ORIENTED_EDGE('',*,*,#14452,.T.);
#14452 = EDGE_CURVE('',#2478,#7450,#14453,.T.);
#14453 = LINE('',#14454,#14455);
#14454 = CARTESIAN_POINT('',(87.4025,-124.655,-4.6E-02));
#14455 = VECTOR('',#14456,1.);
#14456 = DIRECTION('',(0.,0.,1.));
#14457 = ORIENTED_EDGE('',*,*,#7449,.F.);
#14458 = ORIENTED_EDGE('',*,*,#14452,.F.);
#14459 = CYLINDRICAL_SURFACE('',#14460,1.525);
#14460 = AXIS2_PLACEMENT_3D('',#14461,#14462,#14463);
#14461 = CARTESIAN_POINT('',(87.4025,-123.13,-4.6E-02));
#14462 = DIRECTION('',(-0.,-0.,-1.));
#14463 = DIRECTION('',(-0.,-1.,0.));
#14464 = ADVANCED_FACE('',(#14465),#14476,.F.);
#14465 = FACE_BOUND('',#14466,.T.);
#14466 = EDGE_LOOP('',(#14467,#14468,#14474,#14475));
#14467 = ORIENTED_EDGE('',*,*,#2488,.T.);
#14468 = ORIENTED_EDGE('',*,*,#14469,.T.);
#14469 = EDGE_CURVE('',#2489,#7461,#14470,.T.);
#14470 = LINE('',#14471,#14472);
#14471 = CARTESIAN_POINT('',(96.2925,-126.545,-4.6E-02));
#14472 = VECTOR('',#14473,1.);
#14473 = DIRECTION('',(0.,0.,1.));
#14474 = ORIENTED_EDGE('',*,*,#7460,.F.);
#14475 = ORIENTED_EDGE('',*,*,#14469,.F.);
#14476 = CYLINDRICAL_SURFACE('',#14477,0.875);
#14477 = AXIS2_PLACEMENT_3D('',#14478,#14479,#14480);
#14478 = CARTESIAN_POINT('',(96.2925,-125.67,-4.6E-02));
#14479 = DIRECTION('',(-0.,-0.,-1.));
#14480 = DIRECTION('',(-0.,-1.,0.));
#14481 = ADVANCED_FACE('',(#14482),#14493,.F.);
#14482 = FACE_BOUND('',#14483,.T.);
#14483 = EDGE_LOOP('',(#14484,#14485,#14491,#14492));
#14484 = ORIENTED_EDGE('',*,*,#2499,.T.);
#14485 = ORIENTED_EDGE('',*,*,#14486,.T.);
#14486 = EDGE_CURVE('',#2500,#7472,#14487,.T.);
#14487 = LINE('',#14488,#14489);
#14488 = CARTESIAN_POINT('',(93.7525,-122.115,-4.6E-02));
#14489 = VECTOR('',#14490,1.);
#14490 = DIRECTION('',(0.,0.,1.));
#14491 = ORIENTED_EDGE('',*,*,#7471,.F.);
#14492 = ORIENTED_EDGE('',*,*,#14486,.F.);
#14493 = CYLINDRICAL_SURFACE('',#14494,1.525);
#14494 = AXIS2_PLACEMENT_3D('',#14495,#14496,#14497);
#14495 = CARTESIAN_POINT('',(93.7525,-120.59,-4.6E-02));
#14496 = DIRECTION('',(-0.,-0.,-1.));
#14497 = DIRECTION('',(-0.,-1.,0.));
#14498 = ADVANCED_FACE('',(#14499),#14515,.F.);
#14499 = FACE_BOUND('',#14500,.T.);
#14500 = EDGE_LOOP('',(#14501,#14507,#14508,#14514));
#14501 = ORIENTED_EDGE('',*,*,#14502,.T.);
#14502 = EDGE_CURVE('',#2511,#7483,#14503,.T.);
#14503 = LINE('',#14504,#14505);
#14504 = CARTESIAN_POINT('',(92.956434,-110.843345,0.));
#14505 = VECTOR('',#14506,1.);
#14506 = DIRECTION('',(0.,0.,1.));
#14507 = ORIENTED_EDGE('',*,*,#7482,.T.);
#14508 = ORIENTED_EDGE('',*,*,#14509,.F.);
#14509 = EDGE_CURVE('',#2513,#7485,#14510,.T.);
#14510 = LINE('',#14511,#14512);
#14511 = CARTESIAN_POINT('',(92.269155,-110.156066,0.));
#14512 = VECTOR('',#14513,1.);
#14513 = DIRECTION('',(0.,0.,1.));
#14514 = ORIENTED_EDGE('',*,*,#2510,.F.);
#14515 = CYLINDRICAL_SURFACE('',#14516,0.499999603944);
#14516 = AXIS2_PLACEMENT_3D('',#14517,#14518,#14519);
#14517 = CARTESIAN_POINT('',(92.52965788946,-110.5828421105,0.));
#14518 = DIRECTION('',(-0.,-0.,-1.));
#14519 = DIRECTION('',(0.853552897188,-0.521006191616,0.));
#14520 = ADVANCED_FACE('',(#14521),#14532,.T.);
#14521 = FACE_BOUND('',#14522,.T.);
#14522 = EDGE_LOOP('',(#14523,#14529,#14530,#14531));
#14523 = ORIENTED_EDGE('',*,*,#14524,.T.);
#14524 = EDGE_CURVE('',#2522,#7494,#14525,.T.);
#14525 = LINE('',#14526,#14527);
#14526 = CARTESIAN_POINT('',(92.9125,-110.999647,0.));
#14527 = VECTOR('',#14528,1.);
#14528 = DIRECTION('',(0.,0.,1.));
#14529 = ORIENTED_EDGE('',*,*,#7493,.T.);
#14530 = ORIENTED_EDGE('',*,*,#14502,.F.);
#14531 = ORIENTED_EDGE('',*,*,#2521,.F.);
#14532 = CYLINDRICAL_SURFACE('',#14533,0.299683785035);
#14533 = AXIS2_PLACEMENT_3D('',#14534,#14535,#14536);
#14534 = CARTESIAN_POINT('',(93.212183771747,-110.9995577564,0.));
#14535 = DIRECTION('',(0.,0.,-1.));
#14536 = DIRECTION('',(-0.99999995566,-2.977925313593E-04,-0.));
#14537 = ADVANCED_FACE('',(#14538),#14549,.T.);
#14538 = FACE_BOUND('',#14539,.T.);
#14539 = EDGE_LOOP('',(#14540,#14541,#14542,#14548));
#14540 = ORIENTED_EDGE('',*,*,#14509,.T.);
#14541 = ORIENTED_EDGE('',*,*,#7647,.T.);
#14542 = ORIENTED_EDGE('',*,*,#14543,.F.);
#14543 = EDGE_CURVE('',#2668,#7640,#14544,.T.);
#14544 = LINE('',#14545,#14546);
#14545 = CARTESIAN_POINT('',(92.112853,-110.2,0.));
#14546 = VECTOR('',#14547,1.);
#14547 = DIRECTION('',(0.,0.,1.));
#14548 = ORIENTED_EDGE('',*,*,#2675,.F.);
#14549 = CYLINDRICAL_SURFACE('',#14550,0.299966762338);
#14550 = AXIS2_PLACEMENT_3D('',#14551,#14552,#14553);
#14551 = CARTESIAN_POINT('',(92.112862699494,-109.9000332378,0.));
#14552 = DIRECTION('',(0.,0.,-1.));
#14553 = DIRECTION('',(0.521032061311,-0.853537105863,0.));
#14554 = ADVANCED_FACE('',(#14555),#14566,.T.);
#14555 = FACE_BOUND('',#14556,.T.);
#14556 = EDGE_LOOP('',(#14557,#14563,#14564,#14565));
#14557 = ORIENTED_EDGE('',*,*,#14558,.T.);
#14558 = EDGE_CURVE('',#2531,#7503,#14559,.T.);
#14559 = LINE('',#14560,#14561);
#14560 = CARTESIAN_POINT('',(92.9125,-111.7,0.));
#14561 = VECTOR('',#14562,1.);
#14562 = DIRECTION('',(0.,0.,1.));
#14563 = ORIENTED_EDGE('',*,*,#7502,.T.);
#14564 = ORIENTED_EDGE('',*,*,#14524,.F.);
#14565 = ORIENTED_EDGE('',*,*,#2530,.F.);
#14566 = PLANE('',#14567);
#14567 = AXIS2_PLACEMENT_3D('',#14568,#14569,#14570);
#14568 = CARTESIAN_POINT('',(92.9125,-111.7,0.));
#14569 = DIRECTION('',(-1.,0.,0.));
#14570 = DIRECTION('',(0.,1.,0.));
#14571 = ADVANCED_FACE('',(#14572),#14583,.T.);
#14572 = FACE_BOUND('',#14573,.T.);
#14573 = EDGE_LOOP('',(#14574,#14575,#14576,#14582));
#14574 = ORIENTED_EDGE('',*,*,#14543,.T.);
#14575 = ORIENTED_EDGE('',*,*,#7639,.T.);
#14576 = ORIENTED_EDGE('',*,*,#14577,.F.);
#14577 = EDGE_CURVE('',#2660,#7632,#14578,.T.);
#14578 = LINE('',#14579,#14580);
#14579 = CARTESIAN_POINT('',(91.2125,-110.2,0.));
#14580 = VECTOR('',#14581,1.);
#14581 = DIRECTION('',(0.,0.,1.));
#14582 = ORIENTED_EDGE('',*,*,#2667,.F.);
#14583 = PLANE('',#14584);
#14584 = AXIS2_PLACEMENT_3D('',#14585,#14586,#14587);
#14585 = CARTESIAN_POINT('',(92.112853,-110.2,0.));
#14586 = DIRECTION('',(0.,-1.,0.));
#14587 = DIRECTION('',(-1.,0.,0.));
#14588 = ADVANCED_FACE('',(#14589),#14600,.T.);
#14589 = FACE_BOUND('',#14590,.T.);
#14590 = EDGE_LOOP('',(#14591,#14597,#14598,#14599));
#14591 = ORIENTED_EDGE('',*,*,#14592,.T.);
#14592 = EDGE_CURVE('',#2539,#7511,#14593,.T.);
#14593 = LINE('',#14594,#14595);
#14594 = CARTESIAN_POINT('',(92.9125,-112.400353,0.));
#14595 = VECTOR('',#14596,1.);
#14596 = DIRECTION('',(0.,0.,1.));
#14597 = ORIENTED_EDGE('',*,*,#7510,.T.);
#14598 = ORIENTED_EDGE('',*,*,#14558,.F.);
#14599 = ORIENTED_EDGE('',*,*,#2538,.F.);
#14600 = PLANE('',#14601);
#14601 = AXIS2_PLACEMENT_3D('',#14602,#14603,#14604);
#14602 = CARTESIAN_POINT('',(92.9125,-112.400353,0.));
#14603 = DIRECTION('',(-1.,0.,0.));
#14604 = DIRECTION('',(0.,1.,0.));
#14605 = ADVANCED_FACE('',(#14606),#14617,.T.);
#14606 = FACE_BOUND('',#14607,.T.);
#14607 = EDGE_LOOP('',(#14608,#14609,#14610,#14616));
#14608 = ORIENTED_EDGE('',*,*,#14577,.T.);
#14609 = ORIENTED_EDGE('',*,*,#7631,.T.);
#14610 = ORIENTED_EDGE('',*,*,#14611,.F.);
#14611 = EDGE_CURVE('',#2651,#7623,#14612,.T.);
#14612 = LINE('',#14613,#14614);
#14613 = CARTESIAN_POINT('',(90.312147,-110.2,0.));
#14614 = VECTOR('',#14615,1.);
#14615 = DIRECTION('',(0.,0.,1.));
#14616 = ORIENTED_EDGE('',*,*,#2659,.F.);
#14617 = PLANE('',#14618);
#14618 = AXIS2_PLACEMENT_3D('',#14619,#14620,#14621);
#14619 = CARTESIAN_POINT('',(91.2125,-110.2,0.));
#14620 = DIRECTION('',(0.,-1.,0.));
#14621 = DIRECTION('',(-1.,0.,0.));
#14622 = ADVANCED_FACE('',(#14623),#14634,.T.);
#14623 = FACE_BOUND('',#14624,.T.);
#14624 = EDGE_LOOP('',(#14625,#14631,#14632,#14633));
#14625 = ORIENTED_EDGE('',*,*,#14626,.T.);
#14626 = EDGE_CURVE('',#2547,#7519,#14627,.T.);
#14627 = LINE('',#14628,#14629);
#14628 = CARTESIAN_POINT('',(92.956434,-112.556655,0.));
#14629 = VECTOR('',#14630,1.);
#14630 = DIRECTION('',(0.,0.,1.));
#14631 = ORIENTED_EDGE('',*,*,#7518,.T.);
#14632 = ORIENTED_EDGE('',*,*,#14592,.F.);
#14633 = ORIENTED_EDGE('',*,*,#2546,.F.);
#14634 = CYLINDRICAL_SURFACE('',#14635,0.299966762338);
#14635 = AXIS2_PLACEMENT_3D('',#14636,#14637,#14638);
#14636 = CARTESIAN_POINT('',(93.212466762182,-112.4003626994,0.));
#14637 = DIRECTION('',(0.,0.,-1.));
#14638 = DIRECTION('',(-0.853537105864,-0.521032061311,-0.));
#14639 = ADVANCED_FACE('',(#14640),#14651,.T.);
#14640 = FACE_BOUND('',#14641,.T.);
#14641 = EDGE_LOOP('',(#14642,#14643,#14644,#14650));
#14642 = ORIENTED_EDGE('',*,*,#14611,.T.);
#14643 = ORIENTED_EDGE('',*,*,#7622,.T.);
#14644 = ORIENTED_EDGE('',*,*,#14645,.F.);
#14645 = EDGE_CURVE('',#2642,#7614,#14646,.T.);
#14646 = LINE('',#14647,#14648);
#14647 = CARTESIAN_POINT('',(90.155845,-110.156066,0.));
#14648 = VECTOR('',#14649,1.);
#14649 = DIRECTION('',(0.,0.,1.));
#14650 = ORIENTED_EDGE('',*,*,#2650,.F.);
#14651 = CYLINDRICAL_SURFACE('',#14652,0.299991600078);
#14652 = AXIS2_PLACEMENT_3D('',#14653,#14654,#14655);
#14653 = CARTESIAN_POINT('',(90.312144282039,-109.9000083999,0.));
#14654 = DIRECTION('',(0.,0.,-1.));
#14655 = DIRECTION('',(9.060123288227E-06,-0.999999999959,0.));
#14656 = ADVANCED_FACE('',(#14657),#14668,.F.);
#14657 = FACE_BOUND('',#14658,.T.);
#14658 = EDGE_LOOP('',(#14659,#14665,#14666,#14667));
#14659 = ORIENTED_EDGE('',*,*,#14660,.T.);
#14660 = EDGE_CURVE('',#2556,#7528,#14661,.T.);
#14661 = LINE('',#14662,#14663);
#14662 = CARTESIAN_POINT('',(92.269155,-113.243934,0.));
#14663 = VECTOR('',#14664,1.);
#14664 = DIRECTION('',(0.,0.,1.));
#14665 = ORIENTED_EDGE('',*,*,#7527,.T.);
#14666 = ORIENTED_EDGE('',*,*,#14626,.F.);
#14667 = ORIENTED_EDGE('',*,*,#2555,.F.);
#14668 = CYLINDRICAL_SURFACE('',#14669,0.499998734392);
#14669 = AXIS2_PLACEMENT_3D('',#14670,#14671,#14672);
#14670 = CARTESIAN_POINT('',(92.529660504327,-112.8171605043,0.));
#14671 = DIRECTION('',(-0.,-0.,-1.));
#14672 = DIRECTION('',(-0.521012327448,-0.853549151864,0.));
#14673 = ADVANCED_FACE('',(#14674),#14685,.F.);
#14674 = FACE_BOUND('',#14675,.T.);
#14675 = EDGE_LOOP('',(#14676,#14677,#14678,#14684));
#14676 = ORIENTED_EDGE('',*,*,#14645,.T.);
#14677 = ORIENTED_EDGE('',*,*,#7613,.T.);
#14678 = ORIENTED_EDGE('',*,*,#14679,.F.);
#14679 = EDGE_CURVE('',#2633,#7605,#14680,.T.);
#14680 = LINE('',#14681,#14682);
#14681 = CARTESIAN_POINT('',(89.468566,-110.843345,0.));
#14682 = VECTOR('',#14683,1.);
#14683 = DIRECTION('',(0.,0.,1.));
#14684 = ORIENTED_EDGE('',*,*,#2641,.F.);
#14685 = CYLINDRICAL_SURFACE('',#14686,0.499999603944);
#14686 = AXIS2_PLACEMENT_3D('',#14687,#14688,#14689);
#14687 = CARTESIAN_POINT('',(89.89534211054,-110.5828421105,0.));
#14688 = DIRECTION('',(-0.,-0.,-1.));
#14689 = DIRECTION('',(0.521006191616,0.853552897188,-0.));
#14690 = ADVANCED_FACE('',(#14691),#14702,.T.);
#14691 = FACE_BOUND('',#14692,.T.);
#14692 = EDGE_LOOP('',(#14693,#14699,#14700,#14701));
#14693 = ORIENTED_EDGE('',*,*,#14694,.T.);
#14694 = EDGE_CURVE('',#2565,#7537,#14695,.T.);
#14695 = LINE('',#14696,#14697);
#14696 = CARTESIAN_POINT('',(92.112853,-113.2,0.));
#14697 = VECTOR('',#14698,1.);
#14698 = DIRECTION('',(0.,0.,1.));
#14699 = ORIENTED_EDGE('',*,*,#7536,.T.);
#14700 = ORIENTED_EDGE('',*,*,#14660,.F.);
#14701 = ORIENTED_EDGE('',*,*,#2564,.F.);
#14702 = CYLINDRICAL_SURFACE('',#14703,0.300023425677);
#14703 = AXIS2_PLACEMENT_3D('',#14704,#14705,#14706);
#14704 = CARTESIAN_POINT('',(92.112846772307,-113.5000234256,0.));
#14705 = DIRECTION('',(0.,0.,-1.));
#14706 = DIRECTION('',(2.075735508053E-05,0.999999999785,0.));
#14707 = ADVANCED_FACE('',(#14708),#14719,.T.);
#14708 = FACE_BOUND('',#14709,.T.);
#14709 = EDGE_LOOP('',(#14710,#14711,#14712,#14718));
#14710 = ORIENTED_EDGE('',*,*,#14679,.T.);
#14711 = ORIENTED_EDGE('',*,*,#7604,.T.);
#14712 = ORIENTED_EDGE('',*,*,#14713,.F.);
#14713 = EDGE_CURVE('',#2625,#7597,#14714,.T.);
#14714 = LINE('',#14715,#14716);
#14715 = CARTESIAN_POINT('',(89.5125,-110.999647,0.));
#14716 = VECTOR('',#14717,1.);
#14717 = DIRECTION('',(0.,0.,1.));
#14718 = ORIENTED_EDGE('',*,*,#2632,.F.);
#14719 = CYLINDRICAL_SURFACE('',#14720,0.299991600078);
#14720 = AXIS2_PLACEMENT_3D('',#14721,#14722,#14723);
#14721 = CARTESIAN_POINT('',(89.212508399935,-110.999644282,0.));
#14722 = DIRECTION('',(0.,0.,-1.));
#14723 = DIRECTION('',(0.853549232709,0.521012195003,0.));
#14724 = ADVANCED_FACE('',(#14725),#14736,.T.);
#14725 = FACE_BOUND('',#14726,.T.);
#14726 = EDGE_LOOP('',(#14727,#14733,#14734,#14735));
#14727 = ORIENTED_EDGE('',*,*,#14728,.T.);
#14728 = EDGE_CURVE('',#2574,#7546,#14729,.T.);
#14729 = LINE('',#14730,#14731);
#14730 = CARTESIAN_POINT('',(91.2125,-113.2,0.));
#14731 = VECTOR('',#14732,1.);
#14732 = DIRECTION('',(0.,0.,1.));
#14733 = ORIENTED_EDGE('',*,*,#7545,.T.);
#14734 = ORIENTED_EDGE('',*,*,#14694,.F.);
#14735 = ORIENTED_EDGE('',*,*,#2573,.F.);
#14736 = PLANE('',#14737);
#14737 = AXIS2_PLACEMENT_3D('',#14738,#14739,#14740);
#14738 = CARTESIAN_POINT('',(91.2125,-113.2,0.));
#14739 = DIRECTION('',(0.,1.,0.));
#14740 = DIRECTION('',(1.,0.,0.));
#14741 = ADVANCED_FACE('',(#14742),#14753,.T.);
#14742 = FACE_BOUND('',#14743,.T.);
#14743 = EDGE_LOOP('',(#14744,#14745,#14746,#14752));
#14744 = ORIENTED_EDGE('',*,*,#14713,.T.);
#14745 = ORIENTED_EDGE('',*,*,#7596,.T.);
#14746 = ORIENTED_EDGE('',*,*,#14747,.F.);
#14747 = EDGE_CURVE('',#2617,#7589,#14748,.T.);
#14748 = LINE('',#14749,#14750);
#14749 = CARTESIAN_POINT('',(89.5125,-111.7,0.));
#14750 = VECTOR('',#14751,1.);
#14751 = DIRECTION('',(0.,0.,1.));
#14752 = ORIENTED_EDGE('',*,*,#2624,.F.);
#14753 = PLANE('',#14754);
#14754 = AXIS2_PLACEMENT_3D('',#14755,#14756,#14757);
#14755 = CARTESIAN_POINT('',(89.5125,-110.999647,0.));
#14756 = DIRECTION('',(1.,0.,-0.));
#14757 = DIRECTION('',(0.,-1.,0.));
#14758 = ADVANCED_FACE('',(#14759),#14770,.T.);
#14759 = FACE_BOUND('',#14760,.T.);
#14760 = EDGE_LOOP('',(#14761,#14767,#14768,#14769));
#14761 = ORIENTED_EDGE('',*,*,#14762,.T.);
#14762 = EDGE_CURVE('',#2582,#7554,#14763,.T.);
#14763 = LINE('',#14764,#14765);
#14764 = CARTESIAN_POINT('',(90.312147,-113.2,0.));
#14765 = VECTOR('',#14766,1.);
#14766 = DIRECTION('',(0.,0.,1.));
#14767 = ORIENTED_EDGE('',*,*,#7553,.T.);
#14768 = ORIENTED_EDGE('',*,*,#14728,.F.);
#14769 = ORIENTED_EDGE('',*,*,#2581,.F.);
#14770 = PLANE('',#14771);
#14771 = AXIS2_PLACEMENT_3D('',#14772,#14773,#14774);
#14772 = CARTESIAN_POINT('',(90.312147,-113.2,0.));
#14773 = DIRECTION('',(0.,1.,0.));
#14774 = DIRECTION('',(1.,0.,0.));
#14775 = ADVANCED_FACE('',(#14776),#14787,.T.);
#14776 = FACE_BOUND('',#14777,.T.);
#14777 = EDGE_LOOP('',(#14778,#14779,#14780,#14786));
#14778 = ORIENTED_EDGE('',*,*,#14747,.T.);
#14779 = ORIENTED_EDGE('',*,*,#7588,.T.);
#14780 = ORIENTED_EDGE('',*,*,#14781,.F.);
#14781 = EDGE_CURVE('',#2608,#7580,#14782,.T.);
#14782 = LINE('',#14783,#14784);
#14783 = CARTESIAN_POINT('',(89.5125,-112.400353,0.));
#14784 = VECTOR('',#14785,1.);
#14785 = DIRECTION('',(0.,0.,1.));
#14786 = ORIENTED_EDGE('',*,*,#2616,.F.);
#14787 = PLANE('',#14788);
#14788 = AXIS2_PLACEMENT_3D('',#14789,#14790,#14791);
#14789 = CARTESIAN_POINT('',(89.5125,-111.7,0.));
#14790 = DIRECTION('',(1.,0.,-0.));
#14791 = DIRECTION('',(0.,-1.,0.));
#14792 = ADVANCED_FACE('',(#14793),#14804,.T.);
#14793 = FACE_BOUND('',#14794,.T.);
#14794 = EDGE_LOOP('',(#14795,#14801,#14802,#14803));
#14795 = ORIENTED_EDGE('',*,*,#14796,.T.);
#14796 = EDGE_CURVE('',#2590,#7562,#14797,.T.);
#14797 = LINE('',#14798,#14799);
#14798 = CARTESIAN_POINT('',(90.155845,-113.243934,0.));
#14799 = VECTOR('',#14800,1.);
#14800 = DIRECTION('',(0.,0.,1.));
#14801 = ORIENTED_EDGE('',*,*,#7561,.T.);
#14802 = ORIENTED_EDGE('',*,*,#14762,.F.);
#14803 = ORIENTED_EDGE('',*,*,#2589,.F.);
#14804 = CYLINDRICAL_SURFACE('',#14805,0.299991600078);
#14805 = AXIS2_PLACEMENT_3D('',#14806,#14807,#14808);
#14806 = CARTESIAN_POINT('',(90.312144282039,-113.4999916,0.));
#14807 = DIRECTION('',(0.,0.,-1.));
#14808 = DIRECTION('',(-0.521012195004,0.853549232709,0.));
#14809 = ADVANCED_FACE('',(#14810),#14821,.T.);
#14810 = FACE_BOUND('',#14811,.T.);
#14811 = EDGE_LOOP('',(#14812,#14813,#14814,#14820));
#14812 = ORIENTED_EDGE('',*,*,#14781,.T.);
#14813 = ORIENTED_EDGE('',*,*,#7579,.T.);
#14814 = ORIENTED_EDGE('',*,*,#14815,.F.);
#14815 = EDGE_CURVE('',#2599,#7571,#14816,.T.);
#14816 = LINE('',#14817,#14818);
#14817 = CARTESIAN_POINT('',(89.468566,-112.556655,0.));
#14818 = VECTOR('',#14819,1.);
#14819 = DIRECTION('',(0.,0.,1.));
#14820 = ORIENTED_EDGE('',*,*,#2607,.F.);
#14821 = CYLINDRICAL_SURFACE('',#14822,0.299991600078);
#14822 = AXIS2_PLACEMENT_3D('',#14823,#14824,#14825);
#14823 = CARTESIAN_POINT('',(89.212508399935,-112.4003557179,0.));
#14824 = DIRECTION('',(0.,0.,-1.));
#14825 = DIRECTION('',(0.999999999959,9.06012338297E-06,0.));
#14826 = ADVANCED_FACE('',(#14827),#14833,.F.);
#14827 = FACE_BOUND('',#14828,.T.);
#14828 = EDGE_LOOP('',(#14829,#14830,#14831,#14832));
#14829 = ORIENTED_EDGE('',*,*,#14815,.T.);
#14830 = ORIENTED_EDGE('',*,*,#7570,.T.);
#14831 = ORIENTED_EDGE('',*,*,#14796,.F.);
#14832 = ORIENTED_EDGE('',*,*,#2598,.F.);
#14833 = CYLINDRICAL_SURFACE('',#14834,0.499999603944);
#14834 = AXIS2_PLACEMENT_3D('',#14835,#14836,#14837);
#14835 = CARTESIAN_POINT('',(89.89534211054,-112.8171578894,0.));
#14836 = DIRECTION('',(-0.,-0.,-1.));
#14837 = DIRECTION('',(-0.853552897188,0.521006191616,0.));
#14838 = ADVANCED_FACE('',(#14839),#14850,.F.);
#14839 = FACE_BOUND('',#14840,.T.);
#14840 = EDGE_LOOP('',(#14841,#14842,#14848,#14849));
#14841 = ORIENTED_EDGE('',*,*,#2684,.T.);
#14842 = ORIENTED_EDGE('',*,*,#14843,.T.);
#14843 = EDGE_CURVE('',#2685,#7657,#14844,.T.);
#14844 = LINE('',#14845,#14846);
#14845 = CARTESIAN_POINT('',(86.1325,-107.495,-4.6E-02));
#14846 = VECTOR('',#14847,1.);
#14847 = DIRECTION('',(0.,0.,1.));
#14848 = ORIENTED_EDGE('',*,*,#7656,.F.);
#14849 = ORIENTED_EDGE('',*,*,#14843,.F.);
#14850 = CYLINDRICAL_SURFACE('',#14851,0.875);
#14851 = AXIS2_PLACEMENT_3D('',#14852,#14853,#14854);
#14852 = CARTESIAN_POINT('',(86.1325,-106.62,-4.6E-02));
#14853 = DIRECTION('',(-0.,-0.,-1.));
#14854 = DIRECTION('',(-0.,-1.,0.));
#14855 = ADVANCED_FACE('',(#14856),#14867,.F.);
#14856 = FACE_BOUND('',#14857,.T.);
#14857 = EDGE_LOOP('',(#14858,#14859,#14865,#14866));
#14858 = ORIENTED_EDGE('',*,*,#2695,.T.);
#14859 = ORIENTED_EDGE('',*,*,#14860,.T.);
#14860 = EDGE_CURVE('',#2696,#7668,#14861,.T.);
#14861 = LINE('',#14862,#14863);
#14862 = CARTESIAN_POINT('',(87.4025,-105.605,-4.6E-02));
#14863 = VECTOR('',#14864,1.);
#14864 = DIRECTION('',(0.,0.,1.));
#14865 = ORIENTED_EDGE('',*,*,#7667,.F.);
#14866 = ORIENTED_EDGE('',*,*,#14860,.F.);
#14867 = CYLINDRICAL_SURFACE('',#14868,1.525);
#14868 = AXIS2_PLACEMENT_3D('',#14869,#14870,#14871);
#14869 = CARTESIAN_POINT('',(87.4025,-104.08,-4.6E-02));
#14870 = DIRECTION('',(-0.,-0.,-1.));
#14871 = DIRECTION('',(-0.,-1.,0.));
#14872 = ADVANCED_FACE('',(#14873),#14884,.F.);
#14873 = FACE_BOUND('',#14874,.T.);
#14874 = EDGE_LOOP('',(#14875,#14876,#14882,#14883));
#14875 = ORIENTED_EDGE('',*,*,#2706,.T.);
#14876 = ORIENTED_EDGE('',*,*,#14877,.T.);
#14877 = EDGE_CURVE('',#2707,#7679,#14878,.T.);
#14878 = LINE('',#14879,#14880);
#14879 = CARTESIAN_POINT('',(91.2125,-108.62,-4.6E-02));
#14880 = VECTOR('',#14881,1.);
#14881 = DIRECTION('',(0.,0.,1.));
#14882 = ORIENTED_EDGE('',*,*,#7678,.F.);
#14883 = ORIENTED_EDGE('',*,*,#14877,.F.);
#14884 = CYLINDRICAL_SURFACE('',#14885,2.);
#14885 = AXIS2_PLACEMENT_3D('',#14886,#14887,#14888);
#14886 = CARTESIAN_POINT('',(91.2125,-106.62,-4.6E-02));
#14887 = DIRECTION('',(-0.,-0.,-1.));
#14888 = DIRECTION('',(-0.,-1.,0.));
#14889 = ADVANCED_FACE('',(#14890),#14901,.F.);
#14890 = FACE_BOUND('',#14891,.T.);
#14891 = EDGE_LOOP('',(#14892,#14893,#14899,#14900));
#14892 = ORIENTED_EDGE('',*,*,#2717,.T.);
#14893 = ORIENTED_EDGE('',*,*,#14894,.T.);
#14894 = EDGE_CURVE('',#2718,#7690,#14895,.T.);
#14895 = LINE('',#14896,#14897);
#14896 = CARTESIAN_POINT('',(96.2925,-107.495,-4.6E-02));
#14897 = VECTOR('',#14898,1.);
#14898 = DIRECTION('',(0.,0.,1.));
#14899 = ORIENTED_EDGE('',*,*,#7689,.F.);
#14900 = ORIENTED_EDGE('',*,*,#14894,.F.);
#14901 = CYLINDRICAL_SURFACE('',#14902,0.875);
#14902 = AXIS2_PLACEMENT_3D('',#14903,#14904,#14905);
#14903 = CARTESIAN_POINT('',(96.2925,-106.62,-4.6E-02));
#14904 = DIRECTION('',(-0.,-0.,-1.));
#14905 = DIRECTION('',(-0.,-1.,0.));
#14906 = ADVANCED_FACE('',(#14907),#14918,.F.);
#14907 = FACE_BOUND('',#14908,.T.);
#14908 = EDGE_LOOP('',(#14909,#14910,#14916,#14917));
#14909 = ORIENTED_EDGE('',*,*,#2728,.T.);
#14910 = ORIENTED_EDGE('',*,*,#14911,.T.);
#14911 = EDGE_CURVE('',#2729,#7701,#14912,.T.);
#14912 = LINE('',#14913,#14914);
#14913 = CARTESIAN_POINT('',(93.7525,-103.065,-4.6E-02));
#14914 = VECTOR('',#14915,1.);
#14915 = DIRECTION('',(0.,0.,1.));
#14916 = ORIENTED_EDGE('',*,*,#7700,.F.);
#14917 = ORIENTED_EDGE('',*,*,#14911,.F.);
#14918 = CYLINDRICAL_SURFACE('',#14919,1.525);
#14919 = AXIS2_PLACEMENT_3D('',#14920,#14921,#14922);
#14920 = CARTESIAN_POINT('',(93.7525,-101.54,-4.6E-02));
#14921 = DIRECTION('',(-0.,-0.,-1.));
#14922 = DIRECTION('',(-0.,-1.,0.));
#14923 = ADVANCED_FACE('',(#14924),#14935,.F.);
#14924 = FACE_BOUND('',#14925,.T.);
#14925 = EDGE_LOOP('',(#14926,#14927,#14933,#14934));
#14926 = ORIENTED_EDGE('',*,*,#2739,.T.);
#14927 = ORIENTED_EDGE('',*,*,#14928,.T.);
#14928 = EDGE_CURVE('',#2740,#7712,#14929,.T.);
#14929 = LINE('',#14930,#14931);
#14930 = CARTESIAN_POINT('',(105.1825,-126.545,-4.6E-02));
#14931 = VECTOR('',#14932,1.);
#14932 = DIRECTION('',(0.,0.,1.));
#14933 = ORIENTED_EDGE('',*,*,#7711,.F.);
#14934 = ORIENTED_EDGE('',*,*,#14928,.F.);
#14935 = CYLINDRICAL_SURFACE('',#14936,0.875);
#14936 = AXIS2_PLACEMENT_3D('',#14937,#14938,#14939);
#14937 = CARTESIAN_POINT('',(105.1825,-125.67,-4.6E-02));
#14938 = DIRECTION('',(-0.,-0.,-1.));
#14939 = DIRECTION('',(-0.,-1.,0.));
#14940 = ADVANCED_FACE('',(#14941),#14952,.F.);
#14941 = FACE_BOUND('',#14942,.T.);
#14942 = EDGE_LOOP('',(#14943,#14944,#14950,#14951));
#14943 = ORIENTED_EDGE('',*,*,#2750,.T.);
#14944 = ORIENTED_EDGE('',*,*,#14945,.T.);
#14945 = EDGE_CURVE('',#2751,#7723,#14946,.T.);
#14946 = LINE('',#14947,#14948);
#14947 = CARTESIAN_POINT('',(106.4525,-124.655,-4.6E-02));
#14948 = VECTOR('',#14949,1.);
#14949 = DIRECTION('',(0.,0.,1.));
#14950 = ORIENTED_EDGE('',*,*,#7722,.F.);
#14951 = ORIENTED_EDGE('',*,*,#14945,.F.);
#14952 = CYLINDRICAL_SURFACE('',#14953,1.525);
#14953 = AXIS2_PLACEMENT_3D('',#14954,#14955,#14956);
#14954 = CARTESIAN_POINT('',(106.4525,-123.13,-4.6E-02));
#14955 = DIRECTION('',(-0.,-0.,-1.));
#14956 = DIRECTION('',(-0.,-1.,0.));
#14957 = ADVANCED_FACE('',(#14958),#14969,.F.);
#14958 = FACE_BOUND('',#14959,.T.);
#14959 = EDGE_LOOP('',(#14960,#14961,#14967,#14968));
#14960 = ORIENTED_EDGE('',*,*,#2761,.T.);
#14961 = ORIENTED_EDGE('',*,*,#14962,.T.);
#14962 = EDGE_CURVE('',#2762,#7734,#14963,.T.);
#14963 = LINE('',#14964,#14965);
#14964 = CARTESIAN_POINT('',(110.2625,-127.67,-4.6E-02));
#14965 = VECTOR('',#14966,1.);
#14966 = DIRECTION('',(0.,0.,1.));
#14967 = ORIENTED_EDGE('',*,*,#7733,.F.);
#14968 = ORIENTED_EDGE('',*,*,#14962,.F.);
#14969 = CYLINDRICAL_SURFACE('',#14970,2.);
#14970 = AXIS2_PLACEMENT_3D('',#14971,#14972,#14973);
#14971 = CARTESIAN_POINT('',(110.2625,-125.67,-4.6E-02));
#14972 = DIRECTION('',(-0.,-0.,-1.));
#14973 = DIRECTION('',(-0.,-1.,0.));
#14974 = ADVANCED_FACE('',(#14975),#14986,.F.);
#14975 = FACE_BOUND('',#14976,.T.);
#14976 = EDGE_LOOP('',(#14977,#14978,#14984,#14985));
#14977 = ORIENTED_EDGE('',*,*,#2772,.T.);
#14978 = ORIENTED_EDGE('',*,*,#14979,.T.);
#14979 = EDGE_CURVE('',#2773,#7745,#14980,.T.);
#14980 = LINE('',#14981,#14982);
#14981 = CARTESIAN_POINT('',(112.8025,-122.115,-4.6E-02));
#14982 = VECTOR('',#14983,1.);
#14983 = DIRECTION('',(0.,0.,1.));
#14984 = ORIENTED_EDGE('',*,*,#7744,.F.);
#14985 = ORIENTED_EDGE('',*,*,#14979,.F.);
#14986 = CYLINDRICAL_SURFACE('',#14987,1.525);
#14987 = AXIS2_PLACEMENT_3D('',#14988,#14989,#14990);
#14988 = CARTESIAN_POINT('',(112.8025,-120.59,-4.6E-02));
#14989 = DIRECTION('',(-0.,-0.,-1.));
#14990 = DIRECTION('',(-9.31859325587E-15,-1.,0.));
#14991 = ADVANCED_FACE('',(#14992),#15003,.F.);
#14992 = FACE_BOUND('',#14993,.T.);
#14993 = EDGE_LOOP('',(#14994,#14995,#15001,#15002));
#14994 = ORIENTED_EDGE('',*,*,#2783,.T.);
#14995 = ORIENTED_EDGE('',*,*,#14996,.T.);
#14996 = EDGE_CURVE('',#2784,#7756,#14997,.T.);
#14997 = LINE('',#14998,#14999);
#14998 = CARTESIAN_POINT('',(115.3425,-126.545,-4.6E-02));
#14999 = VECTOR('',#15000,1.);
#15000 = DIRECTION('',(0.,0.,1.));
#15001 = ORIENTED_EDGE('',*,*,#7755,.F.);
#15002 = ORIENTED_EDGE('',*,*,#14996,.F.);
#15003 = CYLINDRICAL_SURFACE('',#15004,0.875);
#15004 = AXIS2_PLACEMENT_3D('',#15005,#15006,#15007);
#15005 = CARTESIAN_POINT('',(115.3425,-125.67,-4.6E-02));
#15006 = DIRECTION('',(-0.,-0.,-1.));
#15007 = DIRECTION('',(-0.,-1.,0.));
#15008 = ADVANCED_FACE('',(#15009),#15025,.F.);
#15009 = FACE_BOUND('',#15010,.T.);
#15010 = EDGE_LOOP('',(#15011,#15017,#15018,#15024));
#15011 = ORIENTED_EDGE('',*,*,#15012,.T.);
#15012 = EDGE_CURVE('',#2795,#7767,#15013,.T.);
#15013 = LINE('',#15014,#15015);
#15014 = CARTESIAN_POINT('',(112.006434,-110.843345,0.));
#15015 = VECTOR('',#15016,1.);
#15016 = DIRECTION('',(0.,0.,1.));
#15017 = ORIENTED_EDGE('',*,*,#7766,.T.);
#15018 = ORIENTED_EDGE('',*,*,#15019,.F.);
#15019 = EDGE_CURVE('',#2797,#7769,#15020,.T.);
#15020 = LINE('',#15021,#15022);
#15021 = CARTESIAN_POINT('',(111.319155,-110.156066,0.));
#15022 = VECTOR('',#15023,1.);
#15023 = DIRECTION('',(0.,0.,1.));
#15024 = ORIENTED_EDGE('',*,*,#2794,.F.);
#15025 = CYLINDRICAL_SURFACE('',#15026,0.499999603944);
#15026 = AXIS2_PLACEMENT_3D('',#15027,#15028,#15029);
#15027 = CARTESIAN_POINT('',(111.57965788946,-110.5828421105,0.));
#15028 = DIRECTION('',(-0.,-0.,-1.));
#15029 = DIRECTION('',(0.853552897188,-0.521006191616,0.));
#15030 = ADVANCED_FACE('',(#15031),#15042,.T.);
#15031 = FACE_BOUND('',#15032,.T.);
#15032 = EDGE_LOOP('',(#15033,#15039,#15040,#15041));
#15033 = ORIENTED_EDGE('',*,*,#15034,.T.);
#15034 = EDGE_CURVE('',#2806,#7778,#15035,.T.);
#15035 = LINE('',#15036,#15037);
#15036 = CARTESIAN_POINT('',(111.9625,-110.999647,0.));
#15037 = VECTOR('',#15038,1.);
#15038 = DIRECTION('',(0.,0.,1.));
#15039 = ORIENTED_EDGE('',*,*,#7777,.T.);
#15040 = ORIENTED_EDGE('',*,*,#15012,.F.);
#15041 = ORIENTED_EDGE('',*,*,#2805,.F.);
#15042 = CYLINDRICAL_SURFACE('',#15043,0.299683785035);
#15043 = AXIS2_PLACEMENT_3D('',#15044,#15045,#15046);
#15044 = CARTESIAN_POINT('',(112.26218377174,-110.9995577564,0.));
#15045 = DIRECTION('',(0.,0.,-1.));
#15046 = DIRECTION('',(-0.99999995566,-2.977925315966E-04,-0.));
#15047 = ADVANCED_FACE('',(#15048),#15059,.T.);
#15048 = FACE_BOUND('',#15049,.T.);
#15049 = EDGE_LOOP('',(#15050,#15051,#15052,#15058));
#15050 = ORIENTED_EDGE('',*,*,#15019,.T.);
#15051 = ORIENTED_EDGE('',*,*,#7931,.T.);
#15052 = ORIENTED_EDGE('',*,*,#15053,.F.);
#15053 = EDGE_CURVE('',#2952,#7924,#15054,.T.);
#15054 = LINE('',#15055,#15056);
#15055 = CARTESIAN_POINT('',(111.162853,-110.2,0.));
#15056 = VECTOR('',#15057,1.);
#15057 = DIRECTION('',(0.,0.,1.));
#15058 = ORIENTED_EDGE('',*,*,#2959,.F.);
#15059 = CYLINDRICAL_SURFACE('',#15060,0.299966762338);
#15060 = AXIS2_PLACEMENT_3D('',#15061,#15062,#15063);
#15061 = CARTESIAN_POINT('',(111.16286269949,-109.9000332378,0.));
#15062 = DIRECTION('',(0.,0.,-1.));
#15063 = DIRECTION('',(0.521032061311,-0.853537105863,0.));
#15064 = ADVANCED_FACE('',(#15065),#15076,.T.);
#15065 = FACE_BOUND('',#15066,.T.);
#15066 = EDGE_LOOP('',(#15067,#15073,#15074,#15075));
#15067 = ORIENTED_EDGE('',*,*,#15068,.T.);
#15068 = EDGE_CURVE('',#2815,#7787,#15069,.T.);
#15069 = LINE('',#15070,#15071);
#15070 = CARTESIAN_POINT('',(111.9625,-111.7,0.));
#15071 = VECTOR('',#15072,1.);
#15072 = DIRECTION('',(0.,0.,1.));
#15073 = ORIENTED_EDGE('',*,*,#7786,.T.);
#15074 = ORIENTED_EDGE('',*,*,#15034,.F.);
#15075 = ORIENTED_EDGE('',*,*,#2814,.F.);
#15076 = PLANE('',#15077);
#15077 = AXIS2_PLACEMENT_3D('',#15078,#15079,#15080);
#15078 = CARTESIAN_POINT('',(111.9625,-111.7,0.));
#15079 = DIRECTION('',(-1.,0.,0.));
#15080 = DIRECTION('',(0.,1.,0.));
#15081 = ADVANCED_FACE('',(#15082),#15093,.T.);
#15082 = FACE_BOUND('',#15083,.T.);
#15083 = EDGE_LOOP('',(#15084,#15085,#15086,#15092));
#15084 = ORIENTED_EDGE('',*,*,#15053,.T.);
#15085 = ORIENTED_EDGE('',*,*,#7923,.T.);
#15086 = ORIENTED_EDGE('',*,*,#15087,.F.);
#15087 = EDGE_CURVE('',#2944,#7916,#15088,.T.);
#15088 = LINE('',#15089,#15090);
#15089 = CARTESIAN_POINT('',(110.2625,-110.2,0.));
#15090 = VECTOR('',#15091,1.);
#15091 = DIRECTION('',(0.,0.,1.));
#15092 = ORIENTED_EDGE('',*,*,#2951,.F.);
#15093 = PLANE('',#15094);
#15094 = AXIS2_PLACEMENT_3D('',#15095,#15096,#15097);
#15095 = CARTESIAN_POINT('',(111.162853,-110.2,0.));
#15096 = DIRECTION('',(0.,-1.,0.));
#15097 = DIRECTION('',(-1.,0.,0.));
#15098 = ADVANCED_FACE('',(#15099),#15110,.T.);
#15099 = FACE_BOUND('',#15100,.T.);
#15100 = EDGE_LOOP('',(#15101,#15107,#15108,#15109));
#15101 = ORIENTED_EDGE('',*,*,#15102,.T.);
#15102 = EDGE_CURVE('',#2823,#7795,#15103,.T.);
#15103 = LINE('',#15104,#15105);
#15104 = CARTESIAN_POINT('',(111.9625,-112.400353,0.));
#15105 = VECTOR('',#15106,1.);
#15106 = DIRECTION('',(0.,0.,1.));
#15107 = ORIENTED_EDGE('',*,*,#7794,.T.);
#15108 = ORIENTED_EDGE('',*,*,#15068,.F.);
#15109 = ORIENTED_EDGE('',*,*,#2822,.F.);
#15110 = PLANE('',#15111);
#15111 = AXIS2_PLACEMENT_3D('',#15112,#15113,#15114);
#15112 = CARTESIAN_POINT('',(111.9625,-112.400353,0.));
#15113 = DIRECTION('',(-1.,0.,0.));
#15114 = DIRECTION('',(0.,1.,0.));
#15115 = ADVANCED_FACE('',(#15116),#15127,.T.);
#15116 = FACE_BOUND('',#15117,.T.);
#15117 = EDGE_LOOP('',(#15118,#15119,#15120,#15126));
#15118 = ORIENTED_EDGE('',*,*,#15087,.T.);
#15119 = ORIENTED_EDGE('',*,*,#7915,.T.);
#15120 = ORIENTED_EDGE('',*,*,#15121,.F.);
#15121 = EDGE_CURVE('',#2935,#7907,#15122,.T.);
#15122 = LINE('',#15123,#15124);
#15123 = CARTESIAN_POINT('',(109.362147,-110.2,0.));
#15124 = VECTOR('',#15125,1.);
#15125 = DIRECTION('',(0.,0.,1.));
#15126 = ORIENTED_EDGE('',*,*,#2943,.F.);
#15127 = PLANE('',#15128);
#15128 = AXIS2_PLACEMENT_3D('',#15129,#15130,#15131);
#15129 = CARTESIAN_POINT('',(110.2625,-110.2,0.));
#15130 = DIRECTION('',(0.,-1.,0.));
#15131 = DIRECTION('',(-1.,0.,0.));
#15132 = ADVANCED_FACE('',(#15133),#15144,.T.);
#15133 = FACE_BOUND('',#15134,.T.);
#15134 = EDGE_LOOP('',(#15135,#15141,#15142,#15143));
#15135 = ORIENTED_EDGE('',*,*,#15136,.T.);
#15136 = EDGE_CURVE('',#2831,#7803,#15137,.T.);
#15137 = LINE('',#15138,#15139);
#15138 = CARTESIAN_POINT('',(112.006434,-112.556655,0.));
#15139 = VECTOR('',#15140,1.);
#15140 = DIRECTION('',(0.,0.,1.));
#15141 = ORIENTED_EDGE('',*,*,#7802,.T.);
#15142 = ORIENTED_EDGE('',*,*,#15102,.F.);
#15143 = ORIENTED_EDGE('',*,*,#2830,.F.);
#15144 = CYLINDRICAL_SURFACE('',#15145,0.299966762338);
#15145 = AXIS2_PLACEMENT_3D('',#15146,#15147,#15148);
#15146 = CARTESIAN_POINT('',(112.26246676218,-112.4003626994,0.));
#15147 = DIRECTION('',(0.,0.,-1.));
#15148 = DIRECTION('',(-0.853537105864,-0.521032061311,-0.));
#15149 = ADVANCED_FACE('',(#15150),#15161,.T.);
#15150 = FACE_BOUND('',#15151,.T.);
#15151 = EDGE_LOOP('',(#15152,#15153,#15154,#15160));
#15152 = ORIENTED_EDGE('',*,*,#15121,.T.);
#15153 = ORIENTED_EDGE('',*,*,#7906,.T.);
#15154 = ORIENTED_EDGE('',*,*,#15155,.F.);
#15155 = EDGE_CURVE('',#2926,#7898,#15156,.T.);
#15156 = LINE('',#15157,#15158);
#15157 = CARTESIAN_POINT('',(109.205845,-110.156066,0.));
#15158 = VECTOR('',#15159,1.);
#15159 = DIRECTION('',(0.,0.,1.));
#15160 = ORIENTED_EDGE('',*,*,#2934,.F.);
#15161 = CYLINDRICAL_SURFACE('',#15162,0.299991600078);
#15162 = AXIS2_PLACEMENT_3D('',#15163,#15164,#15165);
#15163 = CARTESIAN_POINT('',(109.36214428203,-109.9000083999,0.));
#15164 = DIRECTION('',(0.,0.,-1.));
#15165 = DIRECTION('',(9.060123288226E-06,-0.999999999959,0.));
#15166 = ADVANCED_FACE('',(#15167),#15178,.F.);
#15167 = FACE_BOUND('',#15168,.T.);
#15168 = EDGE_LOOP('',(#15169,#15175,#15176,#15177));
#15169 = ORIENTED_EDGE('',*,*,#15170,.T.);
#15170 = EDGE_CURVE('',#2840,#7812,#15171,.T.);
#15171 = LINE('',#15172,#15173);
#15172 = CARTESIAN_POINT('',(111.319155,-113.243934,0.));
#15173 = VECTOR('',#15174,1.);
#15174 = DIRECTION('',(0.,0.,1.));
#15175 = ORIENTED_EDGE('',*,*,#7811,.T.);
#15176 = ORIENTED_EDGE('',*,*,#15136,.F.);
#15177 = ORIENTED_EDGE('',*,*,#2839,.F.);
#15178 = CYLINDRICAL_SURFACE('',#15179,0.499998734392);
#15179 = AXIS2_PLACEMENT_3D('',#15180,#15181,#15182);
#15180 = CARTESIAN_POINT('',(111.57966050432,-112.8171605043,0.));
#15181 = DIRECTION('',(-0.,-0.,-1.));
#15182 = DIRECTION('',(-0.521012327448,-0.853549151864,0.));
#15183 = ADVANCED_FACE('',(#15184),#15195,.F.);
#15184 = FACE_BOUND('',#15185,.T.);
#15185 = EDGE_LOOP('',(#15186,#15187,#15188,#15194));
#15186 = ORIENTED_EDGE('',*,*,#15155,.T.);
#15187 = ORIENTED_EDGE('',*,*,#7897,.T.);
#15188 = ORIENTED_EDGE('',*,*,#15189,.F.);
#15189 = EDGE_CURVE('',#2917,#7889,#15190,.T.);
#15190 = LINE('',#15191,#15192);
#15191 = CARTESIAN_POINT('',(108.518566,-110.843345,0.));
#15192 = VECTOR('',#15193,1.);
#15193 = DIRECTION('',(0.,0.,1.));
#15194 = ORIENTED_EDGE('',*,*,#2925,.F.);
#15195 = CYLINDRICAL_SURFACE('',#15196,0.499999603944);
#15196 = AXIS2_PLACEMENT_3D('',#15197,#15198,#15199);
#15197 = CARTESIAN_POINT('',(108.94534211054,-110.5828421105,0.));
#15198 = DIRECTION('',(-0.,-0.,-1.));
#15199 = DIRECTION('',(0.521006191616,0.853552897188,-0.));
#15200 = ADVANCED_FACE('',(#15201),#15212,.T.);
#15201 = FACE_BOUND('',#15202,.T.);
#15202 = EDGE_LOOP('',(#15203,#15209,#15210,#15211));
#15203 = ORIENTED_EDGE('',*,*,#15204,.T.);
#15204 = EDGE_CURVE('',#2849,#7821,#15205,.T.);
#15205 = LINE('',#15206,#15207);
#15206 = CARTESIAN_POINT('',(111.162853,-113.2,0.));
#15207 = VECTOR('',#15208,1.);
#15208 = DIRECTION('',(0.,0.,1.));
#15209 = ORIENTED_EDGE('',*,*,#7820,.T.);
#15210 = ORIENTED_EDGE('',*,*,#15170,.F.);
#15211 = ORIENTED_EDGE('',*,*,#2848,.F.);
#15212 = CYLINDRICAL_SURFACE('',#15213,0.300023425677);
#15213 = AXIS2_PLACEMENT_3D('',#15214,#15215,#15216);
#15214 = CARTESIAN_POINT('',(111.1628467723,-113.5000234256,0.));
#15215 = DIRECTION('',(0.,0.,-1.));
#15216 = DIRECTION('',(2.07573551279E-05,0.999999999785,0.));
#15217 = ADVANCED_FACE('',(#15218),#15229,.T.);
#15218 = FACE_BOUND('',#15219,.T.);
#15219 = EDGE_LOOP('',(#15220,#15221,#15222,#15228));
#15220 = ORIENTED_EDGE('',*,*,#15189,.T.);
#15221 = ORIENTED_EDGE('',*,*,#7888,.T.);
#15222 = ORIENTED_EDGE('',*,*,#15223,.F.);
#15223 = EDGE_CURVE('',#2909,#7881,#15224,.T.);
#15224 = LINE('',#15225,#15226);
#15225 = CARTESIAN_POINT('',(108.5625,-110.999647,0.));
#15226 = VECTOR('',#15227,1.);
#15227 = DIRECTION('',(0.,0.,1.));
#15228 = ORIENTED_EDGE('',*,*,#2916,.F.);
#15229 = CYLINDRICAL_SURFACE('',#15230,0.299991600078);
#15230 = AXIS2_PLACEMENT_3D('',#15231,#15232,#15233);
#15231 = CARTESIAN_POINT('',(108.26250839993,-110.999644282,0.));
#15232 = DIRECTION('',(0.,0.,-1.));
#15233 = DIRECTION('',(0.853549232709,0.521012195004,0.));
#15234 = ADVANCED_FACE('',(#15235),#15246,.T.);
#15235 = FACE_BOUND('',#15236,.T.);
#15236 = EDGE_LOOP('',(#15237,#15243,#15244,#15245));
#15237 = ORIENTED_EDGE('',*,*,#15238,.T.);
#15238 = EDGE_CURVE('',#2858,#7830,#15239,.T.);
#15239 = LINE('',#15240,#15241);
#15240 = CARTESIAN_POINT('',(110.2625,-113.2,0.));
#15241 = VECTOR('',#15242,1.);
#15242 = DIRECTION('',(0.,0.,1.));
#15243 = ORIENTED_EDGE('',*,*,#7829,.T.);
#15244 = ORIENTED_EDGE('',*,*,#15204,.F.);
#15245 = ORIENTED_EDGE('',*,*,#2857,.F.);
#15246 = PLANE('',#15247);
#15247 = AXIS2_PLACEMENT_3D('',#15248,#15249,#15250);
#15248 = CARTESIAN_POINT('',(110.2625,-113.2,0.));
#15249 = DIRECTION('',(0.,1.,0.));
#15250 = DIRECTION('',(1.,0.,0.));
#15251 = ADVANCED_FACE('',(#15252),#15263,.T.);
#15252 = FACE_BOUND('',#15253,.T.);
#15253 = EDGE_LOOP('',(#15254,#15255,#15256,#15262));
#15254 = ORIENTED_EDGE('',*,*,#15223,.T.);
#15255 = ORIENTED_EDGE('',*,*,#7880,.T.);
#15256 = ORIENTED_EDGE('',*,*,#15257,.F.);
#15257 = EDGE_CURVE('',#2901,#7873,#15258,.T.);
#15258 = LINE('',#15259,#15260);
#15259 = CARTESIAN_POINT('',(108.5625,-111.7,0.));
#15260 = VECTOR('',#15261,1.);
#15261 = DIRECTION('',(0.,0.,1.));
#15262 = ORIENTED_EDGE('',*,*,#2908,.F.);
#15263 = PLANE('',#15264);
#15264 = AXIS2_PLACEMENT_3D('',#15265,#15266,#15267);
#15265 = CARTESIAN_POINT('',(108.5625,-110.999647,0.));
#15266 = DIRECTION('',(1.,0.,-0.));
#15267 = DIRECTION('',(0.,-1.,0.));
#15268 = ADVANCED_FACE('',(#15269),#15280,.T.);
#15269 = FACE_BOUND('',#15270,.T.);
#15270 = EDGE_LOOP('',(#15271,#15277,#15278,#15279));
#15271 = ORIENTED_EDGE('',*,*,#15272,.T.);
#15272 = EDGE_CURVE('',#2866,#7838,#15273,.T.);
#15273 = LINE('',#15274,#15275);
#15274 = CARTESIAN_POINT('',(109.362147,-113.2,0.));
#15275 = VECTOR('',#15276,1.);
#15276 = DIRECTION('',(0.,0.,1.));
#15277 = ORIENTED_EDGE('',*,*,#7837,.T.);
#15278 = ORIENTED_EDGE('',*,*,#15238,.F.);
#15279 = ORIENTED_EDGE('',*,*,#2865,.F.);
#15280 = PLANE('',#15281);
#15281 = AXIS2_PLACEMENT_3D('',#15282,#15283,#15284);
#15282 = CARTESIAN_POINT('',(109.362147,-113.2,0.));
#15283 = DIRECTION('',(0.,1.,0.));
#15284 = DIRECTION('',(1.,0.,0.));
#15285 = ADVANCED_FACE('',(#15286),#15297,.T.);
#15286 = FACE_BOUND('',#15287,.T.);
#15287 = EDGE_LOOP('',(#15288,#15289,#15290,#15296));
#15288 = ORIENTED_EDGE('',*,*,#15257,.T.);
#15289 = ORIENTED_EDGE('',*,*,#7872,.T.);
#15290 = ORIENTED_EDGE('',*,*,#15291,.F.);
#15291 = EDGE_CURVE('',#2892,#7864,#15292,.T.);
#15292 = LINE('',#15293,#15294);
#15293 = CARTESIAN_POINT('',(108.5625,-112.400353,0.));
#15294 = VECTOR('',#15295,1.);
#15295 = DIRECTION('',(0.,0.,1.));
#15296 = ORIENTED_EDGE('',*,*,#2900,.F.);
#15297 = PLANE('',#15298);
#15298 = AXIS2_PLACEMENT_3D('',#15299,#15300,#15301);
#15299 = CARTESIAN_POINT('',(108.5625,-111.7,0.));
#15300 = DIRECTION('',(1.,0.,-0.));
#15301 = DIRECTION('',(0.,-1.,0.));
#15302 = ADVANCED_FACE('',(#15303),#15314,.T.);
#15303 = FACE_BOUND('',#15304,.T.);
#15304 = EDGE_LOOP('',(#15305,#15311,#15312,#15313));
#15305 = ORIENTED_EDGE('',*,*,#15306,.T.);
#15306 = EDGE_CURVE('',#2874,#7846,#15307,.T.);
#15307 = LINE('',#15308,#15309);
#15308 = CARTESIAN_POINT('',(109.205845,-113.243934,0.));
#15309 = VECTOR('',#15310,1.);
#15310 = DIRECTION('',(0.,0.,1.));
#15311 = ORIENTED_EDGE('',*,*,#7845,.T.);
#15312 = ORIENTED_EDGE('',*,*,#15272,.F.);
#15313 = ORIENTED_EDGE('',*,*,#2873,.F.);
#15314 = CYLINDRICAL_SURFACE('',#15315,0.299991600078);
#15315 = AXIS2_PLACEMENT_3D('',#15316,#15317,#15318);
#15316 = CARTESIAN_POINT('',(109.36214428203,-113.4999916,0.));
#15317 = DIRECTION('',(0.,0.,-1.));
#15318 = DIRECTION('',(-0.521012195003,0.853549232709,0.));
#15319 = ADVANCED_FACE('',(#15320),#15331,.T.);
#15320 = FACE_BOUND('',#15321,.T.);
#15321 = EDGE_LOOP('',(#15322,#15323,#15324,#15330));
#15322 = ORIENTED_EDGE('',*,*,#15291,.T.);
#15323 = ORIENTED_EDGE('',*,*,#7863,.T.);
#15324 = ORIENTED_EDGE('',*,*,#15325,.F.);
#15325 = EDGE_CURVE('',#2883,#7855,#15326,.T.);
#15326 = LINE('',#15327,#15328);
#15327 = CARTESIAN_POINT('',(108.518566,-112.556655,0.));
#15328 = VECTOR('',#15329,1.);
#15329 = DIRECTION('',(0.,0.,1.));
#15330 = ORIENTED_EDGE('',*,*,#2891,.F.);
#15331 = CYLINDRICAL_SURFACE('',#15332,0.299991600078);
#15332 = AXIS2_PLACEMENT_3D('',#15333,#15334,#15335);
#15333 = CARTESIAN_POINT('',(108.26250839993,-112.4003557179,0.));
#15334 = DIRECTION('',(0.,0.,-1.));
#15335 = DIRECTION('',(0.999999999959,9.06012361983E-06,0.));
#15336 = ADVANCED_FACE('',(#15337),#15343,.F.);
#15337 = FACE_BOUND('',#15338,.T.);
#15338 = EDGE_LOOP('',(#15339,#15340,#15341,#15342));
#15339 = ORIENTED_EDGE('',*,*,#15325,.T.);
#15340 = ORIENTED_EDGE('',*,*,#7854,.T.);
#15341 = ORIENTED_EDGE('',*,*,#15306,.F.);
#15342 = ORIENTED_EDGE('',*,*,#2882,.F.);
#15343 = CYLINDRICAL_SURFACE('',#15344,0.499999603944);
#15344 = AXIS2_PLACEMENT_3D('',#15345,#15346,#15347);
#15345 = CARTESIAN_POINT('',(108.94534211054,-112.8171578894,0.));
#15346 = DIRECTION('',(-0.,-0.,-1.));
#15347 = DIRECTION('',(-0.853552897188,0.521006191616,0.));
#15348 = ADVANCED_FACE('',(#15349),#15360,.F.);
#15349 = FACE_BOUND('',#15350,.T.);
#15350 = EDGE_LOOP('',(#15351,#15352,#15358,#15359));
#15351 = ORIENTED_EDGE('',*,*,#2968,.T.);
#15352 = ORIENTED_EDGE('',*,*,#15353,.T.);
#15353 = EDGE_CURVE('',#2969,#7941,#15354,.T.);
#15354 = LINE('',#15355,#15356);
#15355 = CARTESIAN_POINT('',(105.1825,-107.495,-4.6E-02));
#15356 = VECTOR('',#15357,1.);
#15357 = DIRECTION('',(0.,0.,1.));
#15358 = ORIENTED_EDGE('',*,*,#7940,.F.);
#15359 = ORIENTED_EDGE('',*,*,#15353,.F.);
#15360 = CYLINDRICAL_SURFACE('',#15361,0.875);
#15361 = AXIS2_PLACEMENT_3D('',#15362,#15363,#15364);
#15362 = CARTESIAN_POINT('',(105.1825,-106.62,-4.6E-02));
#15363 = DIRECTION('',(-0.,-0.,-1.));
#15364 = DIRECTION('',(-0.,-1.,0.));
#15365 = ADVANCED_FACE('',(#15366),#15377,.F.);
#15366 = FACE_BOUND('',#15367,.T.);
#15367 = EDGE_LOOP('',(#15368,#15369,#15375,#15376));
#15368 = ORIENTED_EDGE('',*,*,#2979,.T.);
#15369 = ORIENTED_EDGE('',*,*,#15370,.T.);
#15370 = EDGE_CURVE('',#2980,#7952,#15371,.T.);
#15371 = LINE('',#15372,#15373);
#15372 = CARTESIAN_POINT('',(106.4525,-105.605,-4.6E-02));
#15373 = VECTOR('',#15374,1.);
#15374 = DIRECTION('',(0.,0.,1.));
#15375 = ORIENTED_EDGE('',*,*,#7951,.F.);
#15376 = ORIENTED_EDGE('',*,*,#15370,.F.);
#15377 = CYLINDRICAL_SURFACE('',#15378,1.525);
#15378 = AXIS2_PLACEMENT_3D('',#15379,#15380,#15381);
#15379 = CARTESIAN_POINT('',(106.4525,-104.08,-4.6E-02));
#15380 = DIRECTION('',(-0.,-0.,-1.));
#15381 = DIRECTION('',(-0.,-1.,0.));
#15382 = ADVANCED_FACE('',(#15383),#15394,.F.);
#15383 = FACE_BOUND('',#15384,.T.);
#15384 = EDGE_LOOP('',(#15385,#15386,#15392,#15393));
#15385 = ORIENTED_EDGE('',*,*,#2990,.T.);
#15386 = ORIENTED_EDGE('',*,*,#15387,.T.);
#15387 = EDGE_CURVE('',#2991,#7963,#15388,.T.);
#15388 = LINE('',#15389,#15390);
#15389 = CARTESIAN_POINT('',(110.2625,-108.62,-4.6E-02));
#15390 = VECTOR('',#15391,1.);
#15391 = DIRECTION('',(0.,0.,1.));
#15392 = ORIENTED_EDGE('',*,*,#7962,.F.);
#15393 = ORIENTED_EDGE('',*,*,#15387,.F.);
#15394 = CYLINDRICAL_SURFACE('',#15395,2.);
#15395 = AXIS2_PLACEMENT_3D('',#15396,#15397,#15398);
#15396 = CARTESIAN_POINT('',(110.2625,-106.62,-4.6E-02));
#15397 = DIRECTION('',(-0.,-0.,-1.));
#15398 = DIRECTION('',(-0.,-1.,0.));
#15399 = ADVANCED_FACE('',(#15400),#15411,.F.);
#15400 = FACE_BOUND('',#15401,.T.);
#15401 = EDGE_LOOP('',(#15402,#15403,#15409,#15410));
#15402 = ORIENTED_EDGE('',*,*,#3001,.T.);
#15403 = ORIENTED_EDGE('',*,*,#15404,.T.);
#15404 = EDGE_CURVE('',#3002,#7974,#15405,.T.);
#15405 = LINE('',#15406,#15407);
#15406 = CARTESIAN_POINT('',(112.8025,-103.065,-4.6E-02));
#15407 = VECTOR('',#15408,1.);
#15408 = DIRECTION('',(0.,0.,1.));
#15409 = ORIENTED_EDGE('',*,*,#7973,.F.);
#15410 = ORIENTED_EDGE('',*,*,#15404,.F.);
#15411 = CYLINDRICAL_SURFACE('',#15412,1.525);
#15412 = AXIS2_PLACEMENT_3D('',#15413,#15414,#15415);
#15413 = CARTESIAN_POINT('',(112.8025,-101.54,-4.6E-02));
#15414 = DIRECTION('',(-0.,-0.,-1.));
#15415 = DIRECTION('',(-9.31859325587E-15,-1.,0.));
#15416 = ADVANCED_FACE('',(#15417),#15428,.F.);
#15417 = FACE_BOUND('',#15418,.T.);
#15418 = EDGE_LOOP('',(#15419,#15420,#15426,#15427));
#15419 = ORIENTED_EDGE('',*,*,#3012,.T.);
#15420 = ORIENTED_EDGE('',*,*,#15421,.T.);
#15421 = EDGE_CURVE('',#3013,#7985,#15422,.T.);
#15422 = LINE('',#15423,#15424);
#15423 = CARTESIAN_POINT('',(115.3425,-107.495,-4.6E-02));
#15424 = VECTOR('',#15425,1.);
#15425 = DIRECTION('',(0.,0.,1.));
#15426 = ORIENTED_EDGE('',*,*,#7984,.F.);
#15427 = ORIENTED_EDGE('',*,*,#15421,.F.);
#15428 = CYLINDRICAL_SURFACE('',#15429,0.875);
#15429 = AXIS2_PLACEMENT_3D('',#15430,#15431,#15432);
#15430 = CARTESIAN_POINT('',(115.3425,-106.62,-4.6E-02));
#15431 = DIRECTION('',(-0.,-0.,-1.));
#15432 = DIRECTION('',(-0.,-1.,0.));
#15433 = ADVANCED_FACE('',(#15434),#15445,.F.);
#15434 = FACE_BOUND('',#15435,.T.);
#15435 = EDGE_LOOP('',(#15436,#15437,#15443,#15444));
#15436 = ORIENTED_EDGE('',*,*,#3023,.T.);
#15437 = ORIENTED_EDGE('',*,*,#15438,.T.);
#15438 = EDGE_CURVE('',#3024,#7996,#15439,.T.);
#15439 = LINE('',#15440,#15441);
#15440 = CARTESIAN_POINT('',(48.0325,-88.445,-4.6E-02));
#15441 = VECTOR('',#15442,1.);
#15442 = DIRECTION('',(0.,0.,1.));
#15443 = ORIENTED_EDGE('',*,*,#7995,.F.);
#15444 = ORIENTED_EDGE('',*,*,#15438,.F.);
#15445 = CYLINDRICAL_SURFACE('',#15446,0.875);
#15446 = AXIS2_PLACEMENT_3D('',#15447,#15448,#15449);
#15447 = CARTESIAN_POINT('',(48.0325,-87.57,-4.6E-02));
#15448 = DIRECTION('',(-0.,-0.,-1.));
#15449 = DIRECTION('',(-0.,-1.,0.));
#15450 = ADVANCED_FACE('',(#15451),#15467,.F.);
#15451 = FACE_BOUND('',#15452,.T.);
#15452 = EDGE_LOOP('',(#15453,#15459,#15460,#15466));
#15453 = ORIENTED_EDGE('',*,*,#15454,.T.);
#15454 = EDGE_CURVE('',#3035,#8007,#15455,.T.);
#15455 = LINE('',#15456,#15457);
#15456 = CARTESIAN_POINT('',(54.856434,-91.793345,0.));
#15457 = VECTOR('',#15458,1.);
#15458 = DIRECTION('',(0.,0.,1.));
#15459 = ORIENTED_EDGE('',*,*,#8006,.T.);
#15460 = ORIENTED_EDGE('',*,*,#15461,.F.);
#15461 = EDGE_CURVE('',#3037,#8009,#15462,.T.);
#15462 = LINE('',#15463,#15464);
#15463 = CARTESIAN_POINT('',(54.169155,-91.106066,0.));
#15464 = VECTOR('',#15465,1.);
#15465 = DIRECTION('',(0.,0.,1.));
#15466 = ORIENTED_EDGE('',*,*,#3034,.F.);
#15467 = CYLINDRICAL_SURFACE('',#15468,0.499999603944);
#15468 = AXIS2_PLACEMENT_3D('',#15469,#15470,#15471);
#15469 = CARTESIAN_POINT('',(54.42965788946,-91.53284211054,0.));
#15470 = DIRECTION('',(-0.,-0.,-1.));
#15471 = DIRECTION('',(0.853552897188,-0.521006191616,0.));
#15472 = ADVANCED_FACE('',(#15473),#15484,.T.);
#15473 = FACE_BOUND('',#15474,.T.);
#15474 = EDGE_LOOP('',(#15475,#15481,#15482,#15483));
#15475 = ORIENTED_EDGE('',*,*,#15476,.T.);
#15476 = EDGE_CURVE('',#3046,#8018,#15477,.T.);
#15477 = LINE('',#15478,#15479);
#15478 = CARTESIAN_POINT('',(54.8125,-91.949647,0.));
#15479 = VECTOR('',#15480,1.);
#15480 = DIRECTION('',(0.,0.,1.));
#15481 = ORIENTED_EDGE('',*,*,#8017,.T.);
#15482 = ORIENTED_EDGE('',*,*,#15454,.F.);
#15483 = ORIENTED_EDGE('',*,*,#3045,.F.);
#15484 = CYLINDRICAL_SURFACE('',#15485,0.299683785035);
#15485 = AXIS2_PLACEMENT_3D('',#15486,#15487,#15488);
#15486 = CARTESIAN_POINT('',(55.112183771747,-91.9495577564,0.));
#15487 = DIRECTION('',(0.,0.,-1.));
#15488 = DIRECTION('',(-0.99999995566,-2.977925315967E-04,-0.));
#15489 = ADVANCED_FACE('',(#15490),#15501,.T.);
#15490 = FACE_BOUND('',#15491,.T.);
#15491 = EDGE_LOOP('',(#15492,#15493,#15494,#15500));
#15492 = ORIENTED_EDGE('',*,*,#15461,.T.);
#15493 = ORIENTED_EDGE('',*,*,#8171,.T.);
#15494 = ORIENTED_EDGE('',*,*,#15495,.F.);
#15495 = EDGE_CURVE('',#3192,#8164,#15496,.T.);
#15496 = LINE('',#15497,#15498);
#15497 = CARTESIAN_POINT('',(54.012853,-91.15,0.));
#15498 = VECTOR('',#15499,1.);
#15499 = DIRECTION('',(0.,0.,1.));
#15500 = ORIENTED_EDGE('',*,*,#3199,.F.);
#15501 = CYLINDRICAL_SURFACE('',#15502,0.299966762338);
#15502 = AXIS2_PLACEMENT_3D('',#15503,#15504,#15505);
#15503 = CARTESIAN_POINT('',(54.012862699494,-90.85003323781,0.));
#15504 = DIRECTION('',(0.,0.,-1.));
#15505 = DIRECTION('',(0.521032061311,-0.853537105864,0.));
#15506 = ADVANCED_FACE('',(#15507),#15518,.T.);
#15507 = FACE_BOUND('',#15508,.T.);
#15508 = EDGE_LOOP('',(#15509,#15515,#15516,#15517));
#15509 = ORIENTED_EDGE('',*,*,#15510,.T.);
#15510 = EDGE_CURVE('',#3055,#8027,#15511,.T.);
#15511 = LINE('',#15512,#15513);
#15512 = CARTESIAN_POINT('',(54.8125,-92.65,0.));
#15513 = VECTOR('',#15514,1.);
#15514 = DIRECTION('',(0.,0.,1.));
#15515 = ORIENTED_EDGE('',*,*,#8026,.T.);
#15516 = ORIENTED_EDGE('',*,*,#15476,.F.);
#15517 = ORIENTED_EDGE('',*,*,#3054,.F.);
#15518 = PLANE('',#15519);
#15519 = AXIS2_PLACEMENT_3D('',#15520,#15521,#15522);
#15520 = CARTESIAN_POINT('',(54.8125,-92.65,0.));
#15521 = DIRECTION('',(-1.,0.,0.));
#15522 = DIRECTION('',(0.,1.,0.));
#15523 = ADVANCED_FACE('',(#15524),#15535,.T.);
#15524 = FACE_BOUND('',#15525,.T.);
#15525 = EDGE_LOOP('',(#15526,#15527,#15528,#15534));
#15526 = ORIENTED_EDGE('',*,*,#15495,.T.);
#15527 = ORIENTED_EDGE('',*,*,#8163,.T.);
#15528 = ORIENTED_EDGE('',*,*,#15529,.F.);
#15529 = EDGE_CURVE('',#3184,#8156,#15530,.T.);
#15530 = LINE('',#15531,#15532);
#15531 = CARTESIAN_POINT('',(53.1125,-91.15,0.));
#15532 = VECTOR('',#15533,1.);
#15533 = DIRECTION('',(0.,0.,1.));
#15534 = ORIENTED_EDGE('',*,*,#3191,.F.);
#15535 = PLANE('',#15536);
#15536 = AXIS2_PLACEMENT_3D('',#15537,#15538,#15539);
#15537 = CARTESIAN_POINT('',(54.012853,-91.15,0.));
#15538 = DIRECTION('',(0.,-1.,0.));
#15539 = DIRECTION('',(-1.,0.,0.));
#15540 = ADVANCED_FACE('',(#15541),#15552,.T.);
#15541 = FACE_BOUND('',#15542,.T.);
#15542 = EDGE_LOOP('',(#15543,#15549,#15550,#15551));
#15543 = ORIENTED_EDGE('',*,*,#15544,.T.);
#15544 = EDGE_CURVE('',#3063,#8035,#15545,.T.);
#15545 = LINE('',#15546,#15547);
#15546 = CARTESIAN_POINT('',(54.8125,-93.350353,0.));
#15547 = VECTOR('',#15548,1.);
#15548 = DIRECTION('',(0.,0.,1.));
#15549 = ORIENTED_EDGE('',*,*,#8034,.T.);
#15550 = ORIENTED_EDGE('',*,*,#15510,.F.);
#15551 = ORIENTED_EDGE('',*,*,#3062,.F.);
#15552 = PLANE('',#15553);
#15553 = AXIS2_PLACEMENT_3D('',#15554,#15555,#15556);
#15554 = CARTESIAN_POINT('',(54.8125,-93.350353,0.));
#15555 = DIRECTION('',(-1.,0.,0.));
#15556 = DIRECTION('',(0.,1.,0.));
#15557 = ADVANCED_FACE('',(#15558),#15569,.T.);
#15558 = FACE_BOUND('',#15559,.T.);
#15559 = EDGE_LOOP('',(#15560,#15561,#15562,#15568));
#15560 = ORIENTED_EDGE('',*,*,#15529,.T.);
#15561 = ORIENTED_EDGE('',*,*,#8155,.T.);
#15562 = ORIENTED_EDGE('',*,*,#15563,.F.);
#15563 = EDGE_CURVE('',#3175,#8147,#15564,.T.);
#15564 = LINE('',#15565,#15566);
#15565 = CARTESIAN_POINT('',(52.212147,-91.15,0.));
#15566 = VECTOR('',#15567,1.);
#15567 = DIRECTION('',(0.,0.,1.));
#15568 = ORIENTED_EDGE('',*,*,#3183,.F.);
#15569 = PLANE('',#15570);
#15570 = AXIS2_PLACEMENT_3D('',#15571,#15572,#15573);
#15571 = CARTESIAN_POINT('',(53.1125,-91.15,0.));
#15572 = DIRECTION('',(0.,-1.,0.));
#15573 = DIRECTION('',(-1.,0.,0.));
#15574 = ADVANCED_FACE('',(#15575),#15586,.T.);
#15575 = FACE_BOUND('',#15576,.T.);
#15576 = EDGE_LOOP('',(#15577,#15583,#15584,#15585));
#15577 = ORIENTED_EDGE('',*,*,#15578,.T.);
#15578 = EDGE_CURVE('',#3071,#8043,#15579,.T.);
#15579 = LINE('',#15580,#15581);
#15580 = CARTESIAN_POINT('',(54.856434,-93.506655,0.));
#15581 = VECTOR('',#15582,1.);
#15582 = DIRECTION('',(0.,0.,1.));
#15583 = ORIENTED_EDGE('',*,*,#8042,.T.);
#15584 = ORIENTED_EDGE('',*,*,#15544,.F.);
#15585 = ORIENTED_EDGE('',*,*,#3070,.F.);
#15586 = CYLINDRICAL_SURFACE('',#15587,0.299966762338);
#15587 = AXIS2_PLACEMENT_3D('',#15588,#15589,#15590);
#15588 = CARTESIAN_POINT('',(55.112466762181,-93.35036269949,0.));
#15589 = DIRECTION('',(0.,0.,-1.));
#15590 = DIRECTION('',(-0.853537105863,-0.521032061311,-0.));
#15591 = ADVANCED_FACE('',(#15592),#15603,.T.);
#15592 = FACE_BOUND('',#15593,.T.);
#15593 = EDGE_LOOP('',(#15594,#15595,#15596,#15602));
#15594 = ORIENTED_EDGE('',*,*,#15563,.T.);
#15595 = ORIENTED_EDGE('',*,*,#8146,.T.);
#15596 = ORIENTED_EDGE('',*,*,#15597,.F.);
#15597 = EDGE_CURVE('',#3166,#8138,#15598,.T.);
#15598 = LINE('',#15599,#15600);
#15599 = CARTESIAN_POINT('',(52.055845,-91.106066,0.));
#15600 = VECTOR('',#15601,1.);
#15601 = DIRECTION('',(0.,0.,1.));
#15602 = ORIENTED_EDGE('',*,*,#3174,.F.);
#15603 = CYLINDRICAL_SURFACE('',#15604,0.299991600078);
#15604 = AXIS2_PLACEMENT_3D('',#15605,#15606,#15607);
#15605 = CARTESIAN_POINT('',(52.212144282039,-90.85000839993,0.));
#15606 = DIRECTION('',(0.,0.,-1.));
#15607 = DIRECTION('',(9.060123335598E-06,-0.999999999959,0.));
#15608 = ADVANCED_FACE('',(#15609),#15620,.F.);
#15609 = FACE_BOUND('',#15610,.T.);
#15610 = EDGE_LOOP('',(#15611,#15617,#15618,#15619));
#15611 = ORIENTED_EDGE('',*,*,#15612,.T.);
#15612 = EDGE_CURVE('',#3080,#8052,#15613,.T.);
#15613 = LINE('',#15614,#15615);
#15614 = CARTESIAN_POINT('',(54.169155,-94.193934,0.));
#15615 = VECTOR('',#15616,1.);
#15616 = DIRECTION('',(0.,0.,1.));
#15617 = ORIENTED_EDGE('',*,*,#8051,.T.);
#15618 = ORIENTED_EDGE('',*,*,#15578,.F.);
#15619 = ORIENTED_EDGE('',*,*,#3079,.F.);
#15620 = CYLINDRICAL_SURFACE('',#15621,0.499998734392);
#15621 = AXIS2_PLACEMENT_3D('',#15622,#15623,#15624);
#15622 = CARTESIAN_POINT('',(54.429660504327,-93.76716050432,0.));
#15623 = DIRECTION('',(-0.,-0.,-1.));
#15624 = DIRECTION('',(-0.521012327448,-0.853549151864,0.));
#15625 = ADVANCED_FACE('',(#15626),#15637,.F.);
#15626 = FACE_BOUND('',#15627,.T.);
#15627 = EDGE_LOOP('',(#15628,#15629,#15630,#15636));
#15628 = ORIENTED_EDGE('',*,*,#15597,.T.);
#15629 = ORIENTED_EDGE('',*,*,#8137,.T.);
#15630 = ORIENTED_EDGE('',*,*,#15631,.F.);
#15631 = EDGE_CURVE('',#3157,#8129,#15632,.T.);
#15632 = LINE('',#15633,#15634);
#15633 = CARTESIAN_POINT('',(51.368566,-91.793345,0.));
#15634 = VECTOR('',#15635,1.);
#15635 = DIRECTION('',(0.,0.,1.));
#15636 = ORIENTED_EDGE('',*,*,#3165,.F.);
#15637 = CYLINDRICAL_SURFACE('',#15638,0.499999603944);
#15638 = AXIS2_PLACEMENT_3D('',#15639,#15640,#15641);
#15639 = CARTESIAN_POINT('',(51.79534211054,-91.53284211054,0.));
#15640 = DIRECTION('',(-0.,-0.,-1.));
#15641 = DIRECTION('',(0.521006191616,0.853552897188,-0.));
#15642 = ADVANCED_FACE('',(#15643),#15654,.T.);
#15643 = FACE_BOUND('',#15644,.T.);
#15644 = EDGE_LOOP('',(#15645,#15651,#15652,#15653));
#15645 = ORIENTED_EDGE('',*,*,#15646,.T.);
#15646 = EDGE_CURVE('',#3089,#8061,#15647,.T.);
#15647 = LINE('',#15648,#15649);
#15648 = CARTESIAN_POINT('',(54.012853,-94.15,0.));
#15649 = VECTOR('',#15650,1.);
#15650 = DIRECTION('',(0.,0.,1.));
#15651 = ORIENTED_EDGE('',*,*,#8060,.T.);
#15652 = ORIENTED_EDGE('',*,*,#15612,.F.);
#15653 = ORIENTED_EDGE('',*,*,#3088,.F.);
#15654 = CYLINDRICAL_SURFACE('',#15655,0.300023425677);
#15655 = AXIS2_PLACEMENT_3D('',#15656,#15657,#15658);
#15656 = CARTESIAN_POINT('',(54.012846772307,-94.45002342561,0.));
#15657 = DIRECTION('',(0.,0.,-1.));
#15658 = DIRECTION('',(2.075735515158E-05,0.999999999785,0.));
#15659 = ADVANCED_FACE('',(#15660),#15671,.T.);
#15660 = FACE_BOUND('',#15661,.T.);
#15661 = EDGE_LOOP('',(#15662,#15663,#15664,#15670));
#15662 = ORIENTED_EDGE('',*,*,#15631,.T.);
#15663 = ORIENTED_EDGE('',*,*,#8128,.T.);
#15664 = ORIENTED_EDGE('',*,*,#15665,.F.);
#15665 = EDGE_CURVE('',#3149,#8121,#15666,.T.);
#15666 = LINE('',#15667,#15668);
#15667 = CARTESIAN_POINT('',(51.4125,-91.949647,0.));
#15668 = VECTOR('',#15669,1.);
#15669 = DIRECTION('',(0.,0.,1.));
#15670 = ORIENTED_EDGE('',*,*,#3156,.F.);
#15671 = CYLINDRICAL_SURFACE('',#15672,0.299991600078);
#15672 = AXIS2_PLACEMENT_3D('',#15673,#15674,#15675);
#15673 = CARTESIAN_POINT('',(51.112508399935,-91.94964428203,0.));
#15674 = DIRECTION('',(0.,0.,-1.));
#15675 = DIRECTION('',(0.853549232709,0.521012195004,0.));
#15676 = ADVANCED_FACE('',(#15677),#15688,.T.);
#15677 = FACE_BOUND('',#15678,.T.);
#15678 = EDGE_LOOP('',(#15679,#15685,#15686,#15687));
#15679 = ORIENTED_EDGE('',*,*,#15680,.T.);
#15680 = EDGE_CURVE('',#3098,#8070,#15681,.T.);
#15681 = LINE('',#15682,#15683);
#15682 = CARTESIAN_POINT('',(53.1125,-94.15,0.));
#15683 = VECTOR('',#15684,1.);
#15684 = DIRECTION('',(0.,0.,1.));
#15685 = ORIENTED_EDGE('',*,*,#8069,.T.);
#15686 = ORIENTED_EDGE('',*,*,#15646,.F.);
#15687 = ORIENTED_EDGE('',*,*,#3097,.F.);
#15688 = PLANE('',#15689);
#15689 = AXIS2_PLACEMENT_3D('',#15690,#15691,#15692);
#15690 = CARTESIAN_POINT('',(53.1125,-94.15,0.));
#15691 = DIRECTION('',(0.,1.,0.));
#15692 = DIRECTION('',(1.,0.,0.));
#15693 = ADVANCED_FACE('',(#15694),#15705,.T.);
#15694 = FACE_BOUND('',#15695,.T.);
#15695 = EDGE_LOOP('',(#15696,#15697,#15698,#15704));
#15696 = ORIENTED_EDGE('',*,*,#15665,.T.);
#15697 = ORIENTED_EDGE('',*,*,#8120,.T.);
#15698 = ORIENTED_EDGE('',*,*,#15699,.F.);
#15699 = EDGE_CURVE('',#3141,#8113,#15700,.T.);
#15700 = LINE('',#15701,#15702);
#15701 = CARTESIAN_POINT('',(51.4125,-92.65,0.));
#15702 = VECTOR('',#15703,1.);
#15703 = DIRECTION('',(0.,0.,1.));
#15704 = ORIENTED_EDGE('',*,*,#3148,.F.);
#15705 = PLANE('',#15706);
#15706 = AXIS2_PLACEMENT_3D('',#15707,#15708,#15709);
#15707 = CARTESIAN_POINT('',(51.4125,-91.949647,0.));
#15708 = DIRECTION('',(1.,0.,-0.));
#15709 = DIRECTION('',(0.,-1.,0.));
#15710 = ADVANCED_FACE('',(#15711),#15722,.T.);
#15711 = FACE_BOUND('',#15712,.T.);
#15712 = EDGE_LOOP('',(#15713,#15719,#15720,#15721));
#15713 = ORIENTED_EDGE('',*,*,#15714,.T.);
#15714 = EDGE_CURVE('',#3106,#8078,#15715,.T.);
#15715 = LINE('',#15716,#15717);
#15716 = CARTESIAN_POINT('',(52.212147,-94.15,0.));
#15717 = VECTOR('',#15718,1.);
#15718 = DIRECTION('',(0.,0.,1.));
#15719 = ORIENTED_EDGE('',*,*,#8077,.T.);
#15720 = ORIENTED_EDGE('',*,*,#15680,.F.);
#15721 = ORIENTED_EDGE('',*,*,#3105,.F.);
#15722 = PLANE('',#15723);
#15723 = AXIS2_PLACEMENT_3D('',#15724,#15725,#15726);
#15724 = CARTESIAN_POINT('',(52.212147,-94.15,0.));
#15725 = DIRECTION('',(0.,1.,0.));
#15726 = DIRECTION('',(1.,0.,0.));
#15727 = ADVANCED_FACE('',(#15728),#15739,.T.);
#15728 = FACE_BOUND('',#15729,.T.);
#15729 = EDGE_LOOP('',(#15730,#15731,#15732,#15738));
#15730 = ORIENTED_EDGE('',*,*,#15699,.T.);
#15731 = ORIENTED_EDGE('',*,*,#8112,.T.);
#15732 = ORIENTED_EDGE('',*,*,#15733,.F.);
#15733 = EDGE_CURVE('',#3132,#8104,#15734,.T.);
#15734 = LINE('',#15735,#15736);
#15735 = CARTESIAN_POINT('',(51.4125,-93.350353,0.));
#15736 = VECTOR('',#15737,1.);
#15737 = DIRECTION('',(0.,0.,1.));
#15738 = ORIENTED_EDGE('',*,*,#3140,.F.);
#15739 = PLANE('',#15740);
#15740 = AXIS2_PLACEMENT_3D('',#15741,#15742,#15743);
#15741 = CARTESIAN_POINT('',(51.4125,-92.65,0.));
#15742 = DIRECTION('',(1.,0.,-0.));
#15743 = DIRECTION('',(0.,-1.,0.));
#15744 = ADVANCED_FACE('',(#15745),#15756,.T.);
#15745 = FACE_BOUND('',#15746,.T.);
#15746 = EDGE_LOOP('',(#15747,#15753,#15754,#15755));
#15747 = ORIENTED_EDGE('',*,*,#15748,.T.);
#15748 = EDGE_CURVE('',#3114,#8086,#15749,.T.);
#15749 = LINE('',#15750,#15751);
#15750 = CARTESIAN_POINT('',(52.055845,-94.193934,0.));
#15751 = VECTOR('',#15752,1.);
#15752 = DIRECTION('',(0.,0.,1.));
#15753 = ORIENTED_EDGE('',*,*,#8085,.T.);
#15754 = ORIENTED_EDGE('',*,*,#15714,.F.);
#15755 = ORIENTED_EDGE('',*,*,#3113,.F.);
#15756 = CYLINDRICAL_SURFACE('',#15757,0.299991600078);
#15757 = AXIS2_PLACEMENT_3D('',#15758,#15759,#15760);
#15758 = CARTESIAN_POINT('',(52.212144282039,-94.44999160006,0.));
#15759 = DIRECTION('',(0.,0.,-1.));
#15760 = DIRECTION('',(-0.521012195004,0.853549232709,0.));
#15761 = ADVANCED_FACE('',(#15762),#15773,.T.);
#15762 = FACE_BOUND('',#15763,.T.);
#15763 = EDGE_LOOP('',(#15764,#15765,#15766,#15772));
#15764 = ORIENTED_EDGE('',*,*,#15733,.T.);
#15765 = ORIENTED_EDGE('',*,*,#8103,.T.);
#15766 = ORIENTED_EDGE('',*,*,#15767,.F.);
#15767 = EDGE_CURVE('',#3123,#8095,#15768,.T.);
#15768 = LINE('',#15769,#15770);
#15769 = CARTESIAN_POINT('',(51.368566,-93.506655,0.));
#15770 = VECTOR('',#15771,1.);
#15771 = DIRECTION('',(0.,0.,1.));
#15772 = ORIENTED_EDGE('',*,*,#3131,.F.);
#15773 = CYLINDRICAL_SURFACE('',#15774,0.299991600078);
#15774 = AXIS2_PLACEMENT_3D('',#15775,#15776,#15777);
#15775 = CARTESIAN_POINT('',(51.112508399935,-93.35035571796,0.));
#15776 = DIRECTION('',(0.,0.,-1.));
#15777 = DIRECTION('',(0.999999999959,9.060123430344E-06,0.));
#15778 = ADVANCED_FACE('',(#15779),#15785,.F.);
#15779 = FACE_BOUND('',#15780,.T.);
#15780 = EDGE_LOOP('',(#15781,#15782,#15783,#15784));
#15781 = ORIENTED_EDGE('',*,*,#15767,.T.);
#15782 = ORIENTED_EDGE('',*,*,#8094,.T.);
#15783 = ORIENTED_EDGE('',*,*,#15748,.F.);
#15784 = ORIENTED_EDGE('',*,*,#3122,.F.);
#15785 = CYLINDRICAL_SURFACE('',#15786,0.499999603944);
#15786 = AXIS2_PLACEMENT_3D('',#15787,#15788,#15789);
#15787 = CARTESIAN_POINT('',(51.79534211054,-93.76715788946,0.));
#15788 = DIRECTION('',(-0.,-0.,-1.));
#15789 = DIRECTION('',(-0.853552897188,0.521006191616,0.));
#15790 = ADVANCED_FACE('',(#15791),#15802,.F.);
#15791 = FACE_BOUND('',#15792,.T.);
#15792 = EDGE_LOOP('',(#15793,#15794,#15800,#15801));
#15793 = ORIENTED_EDGE('',*,*,#3208,.T.);
#15794 = ORIENTED_EDGE('',*,*,#15795,.T.);
#15795 = EDGE_CURVE('',#3209,#8181,#15796,.T.);
#15796 = LINE('',#15797,#15798);
#15797 = CARTESIAN_POINT('',(53.1125,-89.57,-4.6E-02));
#15798 = VECTOR('',#15799,1.);
#15799 = DIRECTION('',(0.,0.,1.));
#15800 = ORIENTED_EDGE('',*,*,#8180,.F.);
#15801 = ORIENTED_EDGE('',*,*,#15795,.F.);
#15802 = CYLINDRICAL_SURFACE('',#15803,2.);
#15803 = AXIS2_PLACEMENT_3D('',#15804,#15805,#15806);
#15804 = CARTESIAN_POINT('',(53.1125,-87.57,-4.6E-02));
#15805 = DIRECTION('',(-0.,-0.,-1.));
#15806 = DIRECTION('',(-0.,-1.,0.));
#15807 = ADVANCED_FACE('',(#15808),#15819,.F.);
#15808 = FACE_BOUND('',#15809,.T.);
#15809 = EDGE_LOOP('',(#15810,#15811,#15817,#15818));
#15810 = ORIENTED_EDGE('',*,*,#3219,.T.);
#15811 = ORIENTED_EDGE('',*,*,#15812,.T.);
#15812 = EDGE_CURVE('',#3220,#8192,#15813,.T.);
#15813 = LINE('',#15814,#15815);
#15814 = CARTESIAN_POINT('',(58.1925,-88.445,-4.6E-02));
#15815 = VECTOR('',#15816,1.);
#15816 = DIRECTION('',(0.,0.,1.));
#15817 = ORIENTED_EDGE('',*,*,#8191,.F.);
#15818 = ORIENTED_EDGE('',*,*,#15812,.F.);
#15819 = CYLINDRICAL_SURFACE('',#15820,0.875);
#15820 = AXIS2_PLACEMENT_3D('',#15821,#15822,#15823);
#15821 = CARTESIAN_POINT('',(58.1925,-87.57,-4.6E-02));
#15822 = DIRECTION('',(-0.,-0.,-1.));
#15823 = DIRECTION('',(-0.,-1.,0.));
#15824 = ADVANCED_FACE('',(#15825),#15836,.F.);
#15825 = FACE_BOUND('',#15826,.T.);
#15826 = EDGE_LOOP('',(#15827,#15828,#15834,#15835));
#15827 = ORIENTED_EDGE('',*,*,#3230,.T.);
#15828 = ORIENTED_EDGE('',*,*,#15829,.T.);
#15829 = EDGE_CURVE('',#3231,#8203,#15830,.T.);
#15830 = LINE('',#15831,#15832);
#15831 = CARTESIAN_POINT('',(49.3025,-86.555,-4.6E-02));
#15832 = VECTOR('',#15833,1.);
#15833 = DIRECTION('',(0.,0.,1.));
#15834 = ORIENTED_EDGE('',*,*,#8202,.F.);
#15835 = ORIENTED_EDGE('',*,*,#15829,.F.);
#15836 = CYLINDRICAL_SURFACE('',#15837,1.525);
#15837 = AXIS2_PLACEMENT_3D('',#15838,#15839,#15840);
#15838 = CARTESIAN_POINT('',(49.3025,-85.03,-4.6E-02));
#15839 = DIRECTION('',(-0.,-0.,-1.));
#15840 = DIRECTION('',(-0.,-1.,0.));
#15841 = ADVANCED_FACE('',(#15842),#15853,.F.);
#15842 = FACE_BOUND('',#15843,.T.);
#15843 = EDGE_LOOP('',(#15844,#15845,#15851,#15852));
#15844 = ORIENTED_EDGE('',*,*,#3241,.T.);
#15845 = ORIENTED_EDGE('',*,*,#15846,.T.);
#15846 = EDGE_CURVE('',#3242,#8214,#15847,.T.);
#15847 = LINE('',#15848,#15849);
#15848 = CARTESIAN_POINT('',(55.6525,-84.015,-4.6E-02));
#15849 = VECTOR('',#15850,1.);
#15850 = DIRECTION('',(0.,0.,1.));
#15851 = ORIENTED_EDGE('',*,*,#8213,.F.);
#15852 = ORIENTED_EDGE('',*,*,#15846,.F.);
#15853 = CYLINDRICAL_SURFACE('',#15854,1.525);
#15854 = AXIS2_PLACEMENT_3D('',#15855,#15856,#15857);
#15855 = CARTESIAN_POINT('',(55.6525,-82.49,-4.6E-02));
#15856 = DIRECTION('',(-0.,-0.,-1.));
#15857 = DIRECTION('',(-0.,-1.,0.));
#15858 = ADVANCED_FACE('',(#15859),#15875,.F.);
#15859 = FACE_BOUND('',#15860,.T.);
#15860 = EDGE_LOOP('',(#15861,#15867,#15868,#15874));
#15861 = ORIENTED_EDGE('',*,*,#15862,.T.);
#15862 = EDGE_CURVE('',#3253,#8225,#15863,.T.);
#15863 = LINE('',#15864,#15865);
#15864 = CARTESIAN_POINT('',(54.856434,-72.743345,0.));
#15865 = VECTOR('',#15866,1.);
#15866 = DIRECTION('',(0.,0.,1.));
#15867 = ORIENTED_EDGE('',*,*,#8224,.T.);
#15868 = ORIENTED_EDGE('',*,*,#15869,.F.);
#15869 = EDGE_CURVE('',#3255,#8227,#15870,.T.);
#15870 = LINE('',#15871,#15872);
#15871 = CARTESIAN_POINT('',(54.169155,-72.056066,0.));
#15872 = VECTOR('',#15873,1.);
#15873 = DIRECTION('',(0.,0.,1.));
#15874 = ORIENTED_EDGE('',*,*,#3252,.F.);
#15875 = CYLINDRICAL_SURFACE('',#15876,0.499999603944);
#15876 = AXIS2_PLACEMENT_3D('',#15877,#15878,#15879);
#15877 = CARTESIAN_POINT('',(54.42965788946,-72.48284211054,0.));
#15878 = DIRECTION('',(-0.,-0.,-1.));
#15879 = DIRECTION('',(0.853552897188,-0.521006191616,0.));
#15880 = ADVANCED_FACE('',(#15881),#15892,.T.);
#15881 = FACE_BOUND('',#15882,.T.);
#15882 = EDGE_LOOP('',(#15883,#15889,#15890,#15891));
#15883 = ORIENTED_EDGE('',*,*,#15884,.T.);
#15884 = EDGE_CURVE('',#3264,#8236,#15885,.T.);
#15885 = LINE('',#15886,#15887);
#15886 = CARTESIAN_POINT('',(54.8125,-72.899647,0.));
#15887 = VECTOR('',#15888,1.);
#15888 = DIRECTION('',(0.,0.,1.));
#15889 = ORIENTED_EDGE('',*,*,#8235,.T.);
#15890 = ORIENTED_EDGE('',*,*,#15862,.F.);
#15891 = ORIENTED_EDGE('',*,*,#3263,.F.);
#15892 = CYLINDRICAL_SURFACE('',#15893,0.299683785035);
#15893 = AXIS2_PLACEMENT_3D('',#15894,#15895,#15896);
#15894 = CARTESIAN_POINT('',(55.112183771747,-72.8995577564,0.));
#15895 = DIRECTION('',(0.,0.,-1.));
#15896 = DIRECTION('',(-0.99999995566,-2.977925315966E-04,-0.));
#15897 = ADVANCED_FACE('',(#15898),#15909,.T.);
#15898 = FACE_BOUND('',#15899,.T.);
#15899 = EDGE_LOOP('',(#15900,#15901,#15902,#15908));
#15900 = ORIENTED_EDGE('',*,*,#15869,.T.);
#15901 = ORIENTED_EDGE('',*,*,#8389,.T.);
#15902 = ORIENTED_EDGE('',*,*,#15903,.F.);
#15903 = EDGE_CURVE('',#3410,#8382,#15904,.T.);
#15904 = LINE('',#15905,#15906);
#15905 = CARTESIAN_POINT('',(54.012853,-72.1,0.));
#15906 = VECTOR('',#15907,1.);
#15907 = DIRECTION('',(0.,0.,1.));
#15908 = ORIENTED_EDGE('',*,*,#3417,.F.);
#15909 = CYLINDRICAL_SURFACE('',#15910,0.299966762338);
#15910 = AXIS2_PLACEMENT_3D('',#15911,#15912,#15913);
#15911 = CARTESIAN_POINT('',(54.012862699494,-71.80003323781,0.));
#15912 = DIRECTION('',(0.,0.,-1.));
#15913 = DIRECTION('',(0.521032061311,-0.853537105864,0.));
#15914 = ADVANCED_FACE('',(#15915),#15926,.T.);
#15915 = FACE_BOUND('',#15916,.T.);
#15916 = EDGE_LOOP('',(#15917,#15923,#15924,#15925));
#15917 = ORIENTED_EDGE('',*,*,#15918,.T.);
#15918 = EDGE_CURVE('',#3273,#8245,#15919,.T.);
#15919 = LINE('',#15920,#15921);
#15920 = CARTESIAN_POINT('',(54.8125,-73.6,0.));
#15921 = VECTOR('',#15922,1.);
#15922 = DIRECTION('',(0.,0.,1.));
#15923 = ORIENTED_EDGE('',*,*,#8244,.T.);
#15924 = ORIENTED_EDGE('',*,*,#15884,.F.);
#15925 = ORIENTED_EDGE('',*,*,#3272,.F.);
#15926 = PLANE('',#15927);
#15927 = AXIS2_PLACEMENT_3D('',#15928,#15929,#15930);
#15928 = CARTESIAN_POINT('',(54.8125,-73.6,0.));
#15929 = DIRECTION('',(-1.,0.,0.));
#15930 = DIRECTION('',(0.,1.,0.));
#15931 = ADVANCED_FACE('',(#15932),#15943,.T.);
#15932 = FACE_BOUND('',#15933,.T.);
#15933 = EDGE_LOOP('',(#15934,#15935,#15936,#15942));
#15934 = ORIENTED_EDGE('',*,*,#15903,.T.);
#15935 = ORIENTED_EDGE('',*,*,#8381,.T.);
#15936 = ORIENTED_EDGE('',*,*,#15937,.F.);
#15937 = EDGE_CURVE('',#3402,#8374,#15938,.T.);
#15938 = LINE('',#15939,#15940);
#15939 = CARTESIAN_POINT('',(53.1125,-72.1,0.));
#15940 = VECTOR('',#15941,1.);
#15941 = DIRECTION('',(0.,0.,1.));
#15942 = ORIENTED_EDGE('',*,*,#3409,.F.);
#15943 = PLANE('',#15944);
#15944 = AXIS2_PLACEMENT_3D('',#15945,#15946,#15947);
#15945 = CARTESIAN_POINT('',(54.012853,-72.1,0.));
#15946 = DIRECTION('',(0.,-1.,0.));
#15947 = DIRECTION('',(-1.,0.,0.));
#15948 = ADVANCED_FACE('',(#15949),#15960,.T.);
#15949 = FACE_BOUND('',#15950,.T.);
#15950 = EDGE_LOOP('',(#15951,#15957,#15958,#15959));
#15951 = ORIENTED_EDGE('',*,*,#15952,.T.);
#15952 = EDGE_CURVE('',#3281,#8253,#15953,.T.);
#15953 = LINE('',#15954,#15955);
#15954 = CARTESIAN_POINT('',(54.8125,-74.300353,0.));
#15955 = VECTOR('',#15956,1.);
#15956 = DIRECTION('',(0.,0.,1.));
#15957 = ORIENTED_EDGE('',*,*,#8252,.T.);
#15958 = ORIENTED_EDGE('',*,*,#15918,.F.);
#15959 = ORIENTED_EDGE('',*,*,#3280,.F.);
#15960 = PLANE('',#15961);
#15961 = AXIS2_PLACEMENT_3D('',#15962,#15963,#15964);
#15962 = CARTESIAN_POINT('',(54.8125,-74.300353,0.));
#15963 = DIRECTION('',(-1.,0.,0.));
#15964 = DIRECTION('',(0.,1.,0.));
#15965 = ADVANCED_FACE('',(#15966),#15977,.T.);
#15966 = FACE_BOUND('',#15967,.T.);
#15967 = EDGE_LOOP('',(#15968,#15969,#15970,#15976));
#15968 = ORIENTED_EDGE('',*,*,#15937,.T.);
#15969 = ORIENTED_EDGE('',*,*,#8373,.T.);
#15970 = ORIENTED_EDGE('',*,*,#15971,.F.);
#15971 = EDGE_CURVE('',#3393,#8365,#15972,.T.);
#15972 = LINE('',#15973,#15974);
#15973 = CARTESIAN_POINT('',(52.212147,-72.1,0.));
#15974 = VECTOR('',#15975,1.);
#15975 = DIRECTION('',(0.,0.,1.));
#15976 = ORIENTED_EDGE('',*,*,#3401,.F.);
#15977 = PLANE('',#15978);
#15978 = AXIS2_PLACEMENT_3D('',#15979,#15980,#15981);
#15979 = CARTESIAN_POINT('',(53.1125,-72.1,0.));
#15980 = DIRECTION('',(0.,-1.,0.));
#15981 = DIRECTION('',(-1.,0.,0.));
#15982 = ADVANCED_FACE('',(#15983),#15994,.T.);
#15983 = FACE_BOUND('',#15984,.T.);
#15984 = EDGE_LOOP('',(#15985,#15991,#15992,#15993));
#15985 = ORIENTED_EDGE('',*,*,#15986,.T.);
#15986 = EDGE_CURVE('',#3289,#8261,#15987,.T.);
#15987 = LINE('',#15988,#15989);
#15988 = CARTESIAN_POINT('',(54.856434,-74.456655,0.));
#15989 = VECTOR('',#15990,1.);
#15990 = DIRECTION('',(0.,0.,1.));
#15991 = ORIENTED_EDGE('',*,*,#8260,.T.);
#15992 = ORIENTED_EDGE('',*,*,#15952,.F.);
#15993 = ORIENTED_EDGE('',*,*,#3288,.F.);
#15994 = CYLINDRICAL_SURFACE('',#15995,0.299966762338);
#15995 = AXIS2_PLACEMENT_3D('',#15996,#15997,#15998);
#15996 = CARTESIAN_POINT('',(55.112466762181,-74.30036269949,0.));
#15997 = DIRECTION('',(0.,0.,-1.));
#15998 = DIRECTION('',(-0.853537105863,-0.521032061311,-0.));
#15999 = ADVANCED_FACE('',(#16000),#16011,.T.);
#16000 = FACE_BOUND('',#16001,.T.);
#16001 = EDGE_LOOP('',(#16002,#16003,#16004,#16010));
#16002 = ORIENTED_EDGE('',*,*,#15971,.T.);
#16003 = ORIENTED_EDGE('',*,*,#8364,.T.);
#16004 = ORIENTED_EDGE('',*,*,#16005,.F.);
#16005 = EDGE_CURVE('',#3384,#8356,#16006,.T.);
#16006 = LINE('',#16007,#16008);
#16007 = CARTESIAN_POINT('',(52.055845,-72.056066,0.));
#16008 = VECTOR('',#16009,1.);
#16009 = DIRECTION('',(0.,0.,1.));
#16010 = ORIENTED_EDGE('',*,*,#3392,.F.);
#16011 = CYLINDRICAL_SURFACE('',#16012,0.299991600078);
#16012 = AXIS2_PLACEMENT_3D('',#16013,#16014,#16015);
#16013 = CARTESIAN_POINT('',(52.212144282039,-71.80000839993,0.));
#16014 = DIRECTION('',(0.,0.,-1.));
#16015 = DIRECTION('',(9.060123596144E-06,-0.999999999959,0.));
#16016 = ADVANCED_FACE('',(#16017),#16028,.F.);
#16017 = FACE_BOUND('',#16018,.T.);
#16018 = EDGE_LOOP('',(#16019,#16025,#16026,#16027));
#16019 = ORIENTED_EDGE('',*,*,#16020,.T.);
#16020 = EDGE_CURVE('',#3298,#8270,#16021,.T.);
#16021 = LINE('',#16022,#16023);
#16022 = CARTESIAN_POINT('',(54.169155,-75.143934,0.));
#16023 = VECTOR('',#16024,1.);
#16024 = DIRECTION('',(0.,0.,1.));
#16025 = ORIENTED_EDGE('',*,*,#8269,.T.);
#16026 = ORIENTED_EDGE('',*,*,#15986,.F.);
#16027 = ORIENTED_EDGE('',*,*,#3297,.F.);
#16028 = CYLINDRICAL_SURFACE('',#16029,0.499998734392);
#16029 = AXIS2_PLACEMENT_3D('',#16030,#16031,#16032);
#16030 = CARTESIAN_POINT('',(54.429660504327,-74.71716050432,0.));
#16031 = DIRECTION('',(-0.,-0.,-1.));
#16032 = DIRECTION('',(-0.521012327448,-0.853549151864,0.));
#16033 = ADVANCED_FACE('',(#16034),#16045,.F.);
#16034 = FACE_BOUND('',#16035,.T.);
#16035 = EDGE_LOOP('',(#16036,#16037,#16038,#16044));
#16036 = ORIENTED_EDGE('',*,*,#16005,.T.);
#16037 = ORIENTED_EDGE('',*,*,#8355,.T.);
#16038 = ORIENTED_EDGE('',*,*,#16039,.F.);
#16039 = EDGE_CURVE('',#3375,#8347,#16040,.T.);
#16040 = LINE('',#16041,#16042);
#16041 = CARTESIAN_POINT('',(51.368566,-72.743345,0.));
#16042 = VECTOR('',#16043,1.);
#16043 = DIRECTION('',(0.,0.,1.));
#16044 = ORIENTED_EDGE('',*,*,#3383,.F.);
#16045 = CYLINDRICAL_SURFACE('',#16046,0.499999603944);
#16046 = AXIS2_PLACEMENT_3D('',#16047,#16048,#16049);
#16047 = CARTESIAN_POINT('',(51.79534211054,-72.48284211054,0.));
#16048 = DIRECTION('',(-0.,-0.,-1.));
#16049 = DIRECTION('',(0.521006191616,0.853552897188,-0.));
#16050 = ADVANCED_FACE('',(#16051),#16062,.T.);
#16051 = FACE_BOUND('',#16052,.T.);
#16052 = EDGE_LOOP('',(#16053,#16059,#16060,#16061));
#16053 = ORIENTED_EDGE('',*,*,#16054,.T.);
#16054 = EDGE_CURVE('',#3307,#8279,#16055,.T.);
#16055 = LINE('',#16056,#16057);
#16056 = CARTESIAN_POINT('',(54.012853,-75.1,0.));
#16057 = VECTOR('',#16058,1.);
#16058 = DIRECTION('',(0.,0.,1.));
#16059 = ORIENTED_EDGE('',*,*,#8278,.T.);
#16060 = ORIENTED_EDGE('',*,*,#16020,.F.);
#16061 = ORIENTED_EDGE('',*,*,#3306,.F.);
#16062 = CYLINDRICAL_SURFACE('',#16063,0.300023425677);
#16063 = AXIS2_PLACEMENT_3D('',#16064,#16065,#16066);
#16064 = CARTESIAN_POINT('',(54.012846772307,-75.40002342561,0.));
#16065 = DIRECTION('',(0.,0.,-1.));
#16066 = DIRECTION('',(2.075735541207E-05,0.999999999785,0.));
#16067 = ADVANCED_FACE('',(#16068),#16079,.T.);
#16068 = FACE_BOUND('',#16069,.T.);
#16069 = EDGE_LOOP('',(#16070,#16071,#16072,#16078));
#16070 = ORIENTED_EDGE('',*,*,#16039,.T.);
#16071 = ORIENTED_EDGE('',*,*,#8346,.T.);
#16072 = ORIENTED_EDGE('',*,*,#16073,.F.);
#16073 = EDGE_CURVE('',#3367,#8339,#16074,.T.);
#16074 = LINE('',#16075,#16076);
#16075 = CARTESIAN_POINT('',(51.4125,-72.899647,0.));
#16076 = VECTOR('',#16077,1.);
#16077 = DIRECTION('',(0.,0.,1.));
#16078 = ORIENTED_EDGE('',*,*,#3374,.F.);
#16079 = CYLINDRICAL_SURFACE('',#16080,0.299991600078);
#16080 = AXIS2_PLACEMENT_3D('',#16081,#16082,#16083);
#16081 = CARTESIAN_POINT('',(51.112508399935,-72.89964428203,0.));
#16082 = DIRECTION('',(0.,0.,-1.));
#16083 = DIRECTION('',(0.853549232709,0.521012195004,0.));
#16084 = ADVANCED_FACE('',(#16085),#16096,.T.);
#16085 = FACE_BOUND('',#16086,.T.);
#16086 = EDGE_LOOP('',(#16087,#16093,#16094,#16095));
#16087 = ORIENTED_EDGE('',*,*,#16088,.T.);
#16088 = EDGE_CURVE('',#3316,#8288,#16089,.T.);
#16089 = LINE('',#16090,#16091);
#16090 = CARTESIAN_POINT('',(53.1125,-75.1,0.));
#16091 = VECTOR('',#16092,1.);
#16092 = DIRECTION('',(0.,0.,1.));
#16093 = ORIENTED_EDGE('',*,*,#8287,.T.);
#16094 = ORIENTED_EDGE('',*,*,#16054,.F.);
#16095 = ORIENTED_EDGE('',*,*,#3315,.F.);
#16096 = PLANE('',#16097);
#16097 = AXIS2_PLACEMENT_3D('',#16098,#16099,#16100);
#16098 = CARTESIAN_POINT('',(53.1125,-75.1,0.));
#16099 = DIRECTION('',(0.,1.,0.));
#16100 = DIRECTION('',(1.,0.,0.));
#16101 = ADVANCED_FACE('',(#16102),#16113,.T.);
#16102 = FACE_BOUND('',#16103,.T.);
#16103 = EDGE_LOOP('',(#16104,#16105,#16106,#16112));
#16104 = ORIENTED_EDGE('',*,*,#16073,.T.);
#16105 = ORIENTED_EDGE('',*,*,#8338,.T.);
#16106 = ORIENTED_EDGE('',*,*,#16107,.F.);
#16107 = EDGE_CURVE('',#3359,#8331,#16108,.T.);
#16108 = LINE('',#16109,#16110);
#16109 = CARTESIAN_POINT('',(51.4125,-73.6,0.));
#16110 = VECTOR('',#16111,1.);
#16111 = DIRECTION('',(0.,0.,1.));
#16112 = ORIENTED_EDGE('',*,*,#3366,.F.);
#16113 = PLANE('',#16114);
#16114 = AXIS2_PLACEMENT_3D('',#16115,#16116,#16117);
#16115 = CARTESIAN_POINT('',(51.4125,-72.899647,0.));
#16116 = DIRECTION('',(1.,0.,-0.));
#16117 = DIRECTION('',(0.,-1.,0.));
#16118 = ADVANCED_FACE('',(#16119),#16130,.T.);
#16119 = FACE_BOUND('',#16120,.T.);
#16120 = EDGE_LOOP('',(#16121,#16127,#16128,#16129));
#16121 = ORIENTED_EDGE('',*,*,#16122,.T.);
#16122 = EDGE_CURVE('',#3324,#8296,#16123,.T.);
#16123 = LINE('',#16124,#16125);
#16124 = CARTESIAN_POINT('',(52.212147,-75.1,0.));
#16125 = VECTOR('',#16126,1.);
#16126 = DIRECTION('',(0.,0.,1.));
#16127 = ORIENTED_EDGE('',*,*,#8295,.T.);
#16128 = ORIENTED_EDGE('',*,*,#16088,.F.);
#16129 = ORIENTED_EDGE('',*,*,#3323,.F.);
#16130 = PLANE('',#16131);
#16131 = AXIS2_PLACEMENT_3D('',#16132,#16133,#16134);
#16132 = CARTESIAN_POINT('',(52.212147,-75.1,0.));
#16133 = DIRECTION('',(0.,1.,0.));
#16134 = DIRECTION('',(1.,0.,0.));
#16135 = ADVANCED_FACE('',(#16136),#16147,.T.);
#16136 = FACE_BOUND('',#16137,.T.);
#16137 = EDGE_LOOP('',(#16138,#16139,#16140,#16146));
#16138 = ORIENTED_EDGE('',*,*,#16107,.T.);
#16139 = ORIENTED_EDGE('',*,*,#8330,.T.);
#16140 = ORIENTED_EDGE('',*,*,#16141,.F.);
#16141 = EDGE_CURVE('',#3350,#8322,#16142,.T.);
#16142 = LINE('',#16143,#16144);
#16143 = CARTESIAN_POINT('',(51.4125,-74.300353,0.));
#16144 = VECTOR('',#16145,1.);
#16145 = DIRECTION('',(0.,0.,1.));
#16146 = ORIENTED_EDGE('',*,*,#3358,.F.);
#16147 = PLANE('',#16148);
#16148 = AXIS2_PLACEMENT_3D('',#16149,#16150,#16151);
#16149 = CARTESIAN_POINT('',(51.4125,-73.6,0.));
#16150 = DIRECTION('',(1.,0.,-0.));
#16151 = DIRECTION('',(0.,-1.,0.));
#16152 = ADVANCED_FACE('',(#16153),#16164,.T.);
#16153 = FACE_BOUND('',#16154,.T.);
#16154 = EDGE_LOOP('',(#16155,#16161,#16162,#16163));
#16155 = ORIENTED_EDGE('',*,*,#16156,.T.);
#16156 = EDGE_CURVE('',#3332,#8304,#16157,.T.);
#16157 = LINE('',#16158,#16159);
#16158 = CARTESIAN_POINT('',(52.055845,-75.143934,0.));
#16159 = VECTOR('',#16160,1.);
#16160 = DIRECTION('',(0.,0.,1.));
#16161 = ORIENTED_EDGE('',*,*,#8303,.T.);
#16162 = ORIENTED_EDGE('',*,*,#16122,.F.);
#16163 = ORIENTED_EDGE('',*,*,#3331,.F.);
#16164 = CYLINDRICAL_SURFACE('',#16165,0.299991600078);
#16165 = AXIS2_PLACEMENT_3D('',#16166,#16167,#16168);
#16166 = CARTESIAN_POINT('',(52.212144282039,-75.39999160006,0.));
#16167 = DIRECTION('',(0.,0.,-1.));
#16168 = DIRECTION('',(-0.521012195003,0.853549232709,0.));
#16169 = ADVANCED_FACE('',(#16170),#16181,.T.);
#16170 = FACE_BOUND('',#16171,.T.);
#16171 = EDGE_LOOP('',(#16172,#16173,#16174,#16180));
#16172 = ORIENTED_EDGE('',*,*,#16141,.T.);
#16173 = ORIENTED_EDGE('',*,*,#8321,.T.);
#16174 = ORIENTED_EDGE('',*,*,#16175,.F.);
#16175 = EDGE_CURVE('',#3341,#8313,#16176,.T.);
#16176 = LINE('',#16177,#16178);
#16177 = CARTESIAN_POINT('',(51.368566,-74.456655,0.));
#16178 = VECTOR('',#16179,1.);
#16179 = DIRECTION('',(0.,0.,1.));
#16180 = ORIENTED_EDGE('',*,*,#3349,.F.);
#16181 = CYLINDRICAL_SURFACE('',#16182,0.299991600078);
#16182 = AXIS2_PLACEMENT_3D('',#16183,#16184,#16185);
#16183 = CARTESIAN_POINT('',(51.112508399935,-74.30035571796,0.));
#16184 = DIRECTION('',(0.,0.,-1.));
#16185 = DIRECTION('',(0.999999999959,9.060123525087E-06,0.));
#16186 = ADVANCED_FACE('',(#16187),#16193,.F.);
#16187 = FACE_BOUND('',#16188,.T.);
#16188 = EDGE_LOOP('',(#16189,#16190,#16191,#16192));
#16189 = ORIENTED_EDGE('',*,*,#16175,.T.);
#16190 = ORIENTED_EDGE('',*,*,#8312,.T.);
#16191 = ORIENTED_EDGE('',*,*,#16156,.F.);
#16192 = ORIENTED_EDGE('',*,*,#3340,.F.);
#16193 = CYLINDRICAL_SURFACE('',#16194,0.499999603944);
#16194 = AXIS2_PLACEMENT_3D('',#16195,#16196,#16197);
#16195 = CARTESIAN_POINT('',(51.79534211054,-74.71715788946,0.));
#16196 = DIRECTION('',(-0.,-0.,-1.));
#16197 = DIRECTION('',(-0.853552897188,0.521006191616,0.));
#16198 = ADVANCED_FACE('',(#16199),#16210,.F.);
#16199 = FACE_BOUND('',#16200,.T.);
#16200 = EDGE_LOOP('',(#16201,#16202,#16208,#16209));
#16201 = ORIENTED_EDGE('',*,*,#3426,.T.);
#16202 = ORIENTED_EDGE('',*,*,#16203,.T.);
#16203 = EDGE_CURVE('',#3427,#8399,#16204,.T.);
#16204 = LINE('',#16205,#16206);
#16205 = CARTESIAN_POINT('',(67.0825,-88.445,-4.6E-02));
#16206 = VECTOR('',#16207,1.);
#16207 = DIRECTION('',(0.,0.,1.));
#16208 = ORIENTED_EDGE('',*,*,#8398,.F.);
#16209 = ORIENTED_EDGE('',*,*,#16203,.F.);
#16210 = CYLINDRICAL_SURFACE('',#16211,0.875);
#16211 = AXIS2_PLACEMENT_3D('',#16212,#16213,#16214);
#16212 = CARTESIAN_POINT('',(67.0825,-87.57,-4.6E-02));
#16213 = DIRECTION('',(-0.,-0.,-1.));
#16214 = DIRECTION('',(-0.,-1.,0.));
#16215 = ADVANCED_FACE('',(#16216),#16232,.F.);
#16216 = FACE_BOUND('',#16217,.T.);
#16217 = EDGE_LOOP('',(#16218,#16224,#16225,#16231));
#16218 = ORIENTED_EDGE('',*,*,#16219,.T.);
#16219 = EDGE_CURVE('',#3438,#8410,#16220,.T.);
#16220 = LINE('',#16221,#16222);
#16221 = CARTESIAN_POINT('',(73.906434,-91.793345,0.));
#16222 = VECTOR('',#16223,1.);
#16223 = DIRECTION('',(0.,0.,1.));
#16224 = ORIENTED_EDGE('',*,*,#8409,.T.);
#16225 = ORIENTED_EDGE('',*,*,#16226,.F.);
#16226 = EDGE_CURVE('',#3440,#8412,#16227,.T.);
#16227 = LINE('',#16228,#16229);
#16228 = CARTESIAN_POINT('',(73.219155,-91.106066,0.));
#16229 = VECTOR('',#16230,1.);
#16230 = DIRECTION('',(0.,0.,1.));
#16231 = ORIENTED_EDGE('',*,*,#3437,.F.);
#16232 = CYLINDRICAL_SURFACE('',#16233,0.499999603944);
#16233 = AXIS2_PLACEMENT_3D('',#16234,#16235,#16236);
#16234 = CARTESIAN_POINT('',(73.47965788946,-91.53284211054,0.));
#16235 = DIRECTION('',(-0.,-0.,-1.));
#16236 = DIRECTION('',(0.853552897188,-0.521006191616,0.));
#16237 = ADVANCED_FACE('',(#16238),#16249,.T.);
#16238 = FACE_BOUND('',#16239,.T.);
#16239 = EDGE_LOOP('',(#16240,#16246,#16247,#16248));
#16240 = ORIENTED_EDGE('',*,*,#16241,.T.);
#16241 = EDGE_CURVE('',#3449,#8421,#16242,.T.);
#16242 = LINE('',#16243,#16244);
#16243 = CARTESIAN_POINT('',(73.8625,-91.949647,0.));
#16244 = VECTOR('',#16245,1.);
#16245 = DIRECTION('',(0.,0.,1.));
#16246 = ORIENTED_EDGE('',*,*,#8420,.T.);
#16247 = ORIENTED_EDGE('',*,*,#16219,.F.);
#16248 = ORIENTED_EDGE('',*,*,#3448,.F.);
#16249 = CYLINDRICAL_SURFACE('',#16250,0.299683785035);
#16250 = AXIS2_PLACEMENT_3D('',#16251,#16252,#16253);
#16251 = CARTESIAN_POINT('',(74.162183771747,-91.9495577564,0.));
#16252 = DIRECTION('',(0.,0.,-1.));
#16253 = DIRECTION('',(-0.99999995566,-2.977925314543E-04,-0.));
#16254 = ADVANCED_FACE('',(#16255),#16266,.T.);
#16255 = FACE_BOUND('',#16256,.T.);
#16256 = EDGE_LOOP('',(#16257,#16258,#16259,#16265));
#16257 = ORIENTED_EDGE('',*,*,#16226,.T.);
#16258 = ORIENTED_EDGE('',*,*,#8574,.T.);
#16259 = ORIENTED_EDGE('',*,*,#16260,.F.);
#16260 = EDGE_CURVE('',#3595,#8567,#16261,.T.);
#16261 = LINE('',#16262,#16263);
#16262 = CARTESIAN_POINT('',(73.062853,-91.15,0.));
#16263 = VECTOR('',#16264,1.);
#16264 = DIRECTION('',(0.,0.,1.));
#16265 = ORIENTED_EDGE('',*,*,#3602,.F.);
#16266 = CYLINDRICAL_SURFACE('',#16267,0.299966762339);
#16267 = AXIS2_PLACEMENT_3D('',#16268,#16269,#16270);
#16268 = CARTESIAN_POINT('',(73.062862699494,-90.85003323781,0.));
#16269 = DIRECTION('',(0.,0.,-1.));
#16270 = DIRECTION('',(0.521032061311,-0.853537105864,0.));
#16271 = ADVANCED_FACE('',(#16272),#16283,.T.);
#16272 = FACE_BOUND('',#16273,.T.);
#16273 = EDGE_LOOP('',(#16274,#16280,#16281,#16282));
#16274 = ORIENTED_EDGE('',*,*,#16275,.T.);
#16275 = EDGE_CURVE('',#3458,#8430,#16276,.T.);
#16276 = LINE('',#16277,#16278);
#16277 = CARTESIAN_POINT('',(73.8625,-92.65,0.));
#16278 = VECTOR('',#16279,1.);
#16279 = DIRECTION('',(0.,0.,1.));
#16280 = ORIENTED_EDGE('',*,*,#8429,.T.);
#16281 = ORIENTED_EDGE('',*,*,#16241,.F.);
#16282 = ORIENTED_EDGE('',*,*,#3457,.F.);
#16283 = PLANE('',#16284);
#16284 = AXIS2_PLACEMENT_3D('',#16285,#16286,#16287);
#16285 = CARTESIAN_POINT('',(73.8625,-92.65,0.));
#16286 = DIRECTION('',(-1.,0.,0.));
#16287 = DIRECTION('',(0.,1.,0.));
#16288 = ADVANCED_FACE('',(#16289),#16300,.T.);
#16289 = FACE_BOUND('',#16290,.T.);
#16290 = EDGE_LOOP('',(#16291,#16292,#16293,#16299));
#16291 = ORIENTED_EDGE('',*,*,#16260,.T.);
#16292 = ORIENTED_EDGE('',*,*,#8566,.T.);
#16293 = ORIENTED_EDGE('',*,*,#16294,.F.);
#16294 = EDGE_CURVE('',#3587,#8559,#16295,.T.);
#16295 = LINE('',#16296,#16297);
#16296 = CARTESIAN_POINT('',(72.1625,-91.15,0.));
#16297 = VECTOR('',#16298,1.);
#16298 = DIRECTION('',(0.,0.,1.));
#16299 = ORIENTED_EDGE('',*,*,#3594,.F.);
#16300 = PLANE('',#16301);
#16301 = AXIS2_PLACEMENT_3D('',#16302,#16303,#16304);
#16302 = CARTESIAN_POINT('',(73.062853,-91.15,0.));
#16303 = DIRECTION('',(0.,-1.,0.));
#16304 = DIRECTION('',(-1.,0.,0.));
#16305 = ADVANCED_FACE('',(#16306),#16317,.T.);
#16306 = FACE_BOUND('',#16307,.T.);
#16307 = EDGE_LOOP('',(#16308,#16314,#16315,#16316));
#16308 = ORIENTED_EDGE('',*,*,#16309,.T.);
#16309 = EDGE_CURVE('',#3466,#8438,#16310,.T.);
#16310 = LINE('',#16311,#16312);
#16311 = CARTESIAN_POINT('',(73.8625,-93.350353,0.));
#16312 = VECTOR('',#16313,1.);
#16313 = DIRECTION('',(0.,0.,1.));
#16314 = ORIENTED_EDGE('',*,*,#8437,.T.);
#16315 = ORIENTED_EDGE('',*,*,#16275,.F.);
#16316 = ORIENTED_EDGE('',*,*,#3465,.F.);
#16317 = PLANE('',#16318);
#16318 = AXIS2_PLACEMENT_3D('',#16319,#16320,#16321);
#16319 = CARTESIAN_POINT('',(73.8625,-93.350353,0.));
#16320 = DIRECTION('',(-1.,0.,0.));
#16321 = DIRECTION('',(0.,1.,0.));
#16322 = ADVANCED_FACE('',(#16323),#16334,.T.);
#16323 = FACE_BOUND('',#16324,.T.);
#16324 = EDGE_LOOP('',(#16325,#16326,#16327,#16333));
#16325 = ORIENTED_EDGE('',*,*,#16294,.T.);
#16326 = ORIENTED_EDGE('',*,*,#8558,.T.);
#16327 = ORIENTED_EDGE('',*,*,#16328,.F.);
#16328 = EDGE_CURVE('',#3578,#8550,#16329,.T.);
#16329 = LINE('',#16330,#16331);
#16330 = CARTESIAN_POINT('',(71.262147,-91.15,0.));
#16331 = VECTOR('',#16332,1.);
#16332 = DIRECTION('',(0.,0.,1.));
#16333 = ORIENTED_EDGE('',*,*,#3586,.F.);
#16334 = PLANE('',#16335);
#16335 = AXIS2_PLACEMENT_3D('',#16336,#16337,#16338);
#16336 = CARTESIAN_POINT('',(72.1625,-91.15,0.));
#16337 = DIRECTION('',(0.,-1.,0.));
#16338 = DIRECTION('',(-1.,0.,0.));
#16339 = ADVANCED_FACE('',(#16340),#16351,.T.);
#16340 = FACE_BOUND('',#16341,.T.);
#16341 = EDGE_LOOP('',(#16342,#16348,#16349,#16350));
#16342 = ORIENTED_EDGE('',*,*,#16343,.T.);
#16343 = EDGE_CURVE('',#3474,#8446,#16344,.T.);
#16344 = LINE('',#16345,#16346);
#16345 = CARTESIAN_POINT('',(73.906434,-93.506655,0.));
#16346 = VECTOR('',#16347,1.);
#16347 = DIRECTION('',(0.,0.,1.));
#16348 = ORIENTED_EDGE('',*,*,#8445,.T.);
#16349 = ORIENTED_EDGE('',*,*,#16309,.F.);
#16350 = ORIENTED_EDGE('',*,*,#3473,.F.);
#16351 = CYLINDRICAL_SURFACE('',#16352,0.299966762338);
#16352 = AXIS2_PLACEMENT_3D('',#16353,#16354,#16355);
#16353 = CARTESIAN_POINT('',(74.162466762181,-93.35036269949,0.));
#16354 = DIRECTION('',(0.,0.,-1.));
#16355 = DIRECTION('',(-0.853537105863,-0.521032061311,-0.));
#16356 = ADVANCED_FACE('',(#16357),#16368,.T.);
#16357 = FACE_BOUND('',#16358,.T.);
#16358 = EDGE_LOOP('',(#16359,#16360,#16361,#16367));
#16359 = ORIENTED_EDGE('',*,*,#16328,.T.);
#16360 = ORIENTED_EDGE('',*,*,#8549,.T.);
#16361 = ORIENTED_EDGE('',*,*,#16362,.F.);
#16362 = EDGE_CURVE('',#3569,#8541,#16363,.T.);
#16363 = LINE('',#16364,#16365);
#16364 = CARTESIAN_POINT('',(71.105845,-91.106066,0.));
#16365 = VECTOR('',#16366,1.);
#16366 = DIRECTION('',(0.,0.,1.));
#16367 = ORIENTED_EDGE('',*,*,#3577,.F.);
#16368 = CYLINDRICAL_SURFACE('',#16369,0.299991600078);
#16369 = AXIS2_PLACEMENT_3D('',#16370,#16371,#16372);
#16370 = CARTESIAN_POINT('',(71.262144282039,-90.85000839993,0.));
#16371 = DIRECTION('',(0.,0.,-1.));
#16372 = DIRECTION('',(9.060123382971E-06,-0.999999999959,0.));
#16373 = ADVANCED_FACE('',(#16374),#16385,.F.);
#16374 = FACE_BOUND('',#16375,.T.);
#16375 = EDGE_LOOP('',(#16376,#16382,#16383,#16384));
#16376 = ORIENTED_EDGE('',*,*,#16377,.T.);
#16377 = EDGE_CURVE('',#3483,#8455,#16378,.T.);
#16378 = LINE('',#16379,#16380);
#16379 = CARTESIAN_POINT('',(73.219155,-94.193934,0.));
#16380 = VECTOR('',#16381,1.);
#16381 = DIRECTION('',(0.,0.,1.));
#16382 = ORIENTED_EDGE('',*,*,#8454,.T.);
#16383 = ORIENTED_EDGE('',*,*,#16343,.F.);
#16384 = ORIENTED_EDGE('',*,*,#3482,.F.);
#16385 = CYLINDRICAL_SURFACE('',#16386,0.499998734392);
#16386 = AXIS2_PLACEMENT_3D('',#16387,#16388,#16389);
#16387 = CARTESIAN_POINT('',(73.479660504327,-93.76716050432,0.));
#16388 = DIRECTION('',(-0.,-0.,-1.));
#16389 = DIRECTION('',(-0.521012327448,-0.853549151864,0.));
#16390 = ADVANCED_FACE('',(#16391),#16402,.F.);
#16391 = FACE_BOUND('',#16392,.T.);
#16392 = EDGE_LOOP('',(#16393,#16394,#16395,#16401));
#16393 = ORIENTED_EDGE('',*,*,#16362,.T.);
#16394 = ORIENTED_EDGE('',*,*,#8540,.T.);
#16395 = ORIENTED_EDGE('',*,*,#16396,.F.);
#16396 = EDGE_CURVE('',#3560,#8532,#16397,.T.);
#16397 = LINE('',#16398,#16399);
#16398 = CARTESIAN_POINT('',(70.418566,-91.793345,0.));
#16399 = VECTOR('',#16400,1.);
#16400 = DIRECTION('',(0.,0.,1.));
#16401 = ORIENTED_EDGE('',*,*,#3568,.F.);
#16402 = CYLINDRICAL_SURFACE('',#16403,0.499999603944);
#16403 = AXIS2_PLACEMENT_3D('',#16404,#16405,#16406);
#16404 = CARTESIAN_POINT('',(70.84534211054,-91.53284211054,0.));
#16405 = DIRECTION('',(-0.,-0.,-1.));
#16406 = DIRECTION('',(0.521006191616,0.853552897188,-0.));
#16407 = ADVANCED_FACE('',(#16408),#16419,.T.);
#16408 = FACE_BOUND('',#16409,.T.);
#16409 = EDGE_LOOP('',(#16410,#16416,#16417,#16418));
#16410 = ORIENTED_EDGE('',*,*,#16411,.T.);
#16411 = EDGE_CURVE('',#3492,#8464,#16412,.T.);
#16412 = LINE('',#16413,#16414);
#16413 = CARTESIAN_POINT('',(73.062853,-94.15,0.));
#16414 = VECTOR('',#16415,1.);
#16415 = DIRECTION('',(0.,0.,1.));
#16416 = ORIENTED_EDGE('',*,*,#8463,.T.);
#16417 = ORIENTED_EDGE('',*,*,#16377,.F.);
#16418 = ORIENTED_EDGE('',*,*,#3491,.F.);
#16419 = CYLINDRICAL_SURFACE('',#16420,0.300023425677);
#16420 = AXIS2_PLACEMENT_3D('',#16421,#16422,#16423);
#16421 = CARTESIAN_POINT('',(73.062846772307,-94.45002342561,0.));
#16422 = DIRECTION('',(0.,0.,-1.));
#16423 = DIRECTION('',(2.075735517526E-05,0.999999999785,0.));
#16424 = ADVANCED_FACE('',(#16425),#16436,.T.);
#16425 = FACE_BOUND('',#16426,.T.);
#16426 = EDGE_LOOP('',(#16427,#16428,#16429,#16435));
#16427 = ORIENTED_EDGE('',*,*,#16396,.T.);
#16428 = ORIENTED_EDGE('',*,*,#8531,.T.);
#16429 = ORIENTED_EDGE('',*,*,#16430,.F.);
#16430 = EDGE_CURVE('',#3552,#8524,#16431,.T.);
#16431 = LINE('',#16432,#16433);
#16432 = CARTESIAN_POINT('',(70.4625,-91.949647,0.));
#16433 = VECTOR('',#16434,1.);
#16434 = DIRECTION('',(0.,0.,1.));
#16435 = ORIENTED_EDGE('',*,*,#3559,.F.);
#16436 = CYLINDRICAL_SURFACE('',#16437,0.299991600078);
#16437 = AXIS2_PLACEMENT_3D('',#16438,#16439,#16440);
#16438 = CARTESIAN_POINT('',(70.162508399935,-91.94964428203,0.));
#16439 = DIRECTION('',(0.,0.,-1.));
#16440 = DIRECTION('',(0.853549232709,0.521012195004,0.));
#16441 = ADVANCED_FACE('',(#16442),#16453,.T.);
#16442 = FACE_BOUND('',#16443,.T.);
#16443 = EDGE_LOOP('',(#16444,#16450,#16451,#16452));
#16444 = ORIENTED_EDGE('',*,*,#16445,.T.);
#16445 = EDGE_CURVE('',#3501,#8473,#16446,.T.);
#16446 = LINE('',#16447,#16448);
#16447 = CARTESIAN_POINT('',(72.1625,-94.15,0.));
#16448 = VECTOR('',#16449,1.);
#16449 = DIRECTION('',(0.,0.,1.));
#16450 = ORIENTED_EDGE('',*,*,#8472,.T.);
#16451 = ORIENTED_EDGE('',*,*,#16411,.F.);
#16452 = ORIENTED_EDGE('',*,*,#3500,.F.);
#16453 = PLANE('',#16454);
#16454 = AXIS2_PLACEMENT_3D('',#16455,#16456,#16457);
#16455 = CARTESIAN_POINT('',(72.1625,-94.15,0.));
#16456 = DIRECTION('',(0.,1.,0.));
#16457 = DIRECTION('',(1.,0.,0.));
#16458 = ADVANCED_FACE('',(#16459),#16470,.T.);
#16459 = FACE_BOUND('',#16460,.T.);
#16460 = EDGE_LOOP('',(#16461,#16462,#16463,#16469));
#16461 = ORIENTED_EDGE('',*,*,#16430,.T.);
#16462 = ORIENTED_EDGE('',*,*,#8523,.T.);
#16463 = ORIENTED_EDGE('',*,*,#16464,.F.);
#16464 = EDGE_CURVE('',#3544,#8516,#16465,.T.);
#16465 = LINE('',#16466,#16467);
#16466 = CARTESIAN_POINT('',(70.4625,-92.65,0.));
#16467 = VECTOR('',#16468,1.);
#16468 = DIRECTION('',(0.,0.,1.));
#16469 = ORIENTED_EDGE('',*,*,#3551,.F.);
#16470 = PLANE('',#16471);
#16471 = AXIS2_PLACEMENT_3D('',#16472,#16473,#16474);
#16472 = CARTESIAN_POINT('',(70.4625,-91.949647,0.));
#16473 = DIRECTION('',(1.,0.,-0.));
#16474 = DIRECTION('',(0.,-1.,0.));
#16475 = ADVANCED_FACE('',(#16476),#16487,.T.);
#16476 = FACE_BOUND('',#16477,.T.);
#16477 = EDGE_LOOP('',(#16478,#16484,#16485,#16486));
#16478 = ORIENTED_EDGE('',*,*,#16479,.T.);
#16479 = EDGE_CURVE('',#3509,#8481,#16480,.T.);
#16480 = LINE('',#16481,#16482);
#16481 = CARTESIAN_POINT('',(71.262147,-94.15,0.));
#16482 = VECTOR('',#16483,1.);
#16483 = DIRECTION('',(0.,0.,1.));
#16484 = ORIENTED_EDGE('',*,*,#8480,.T.);
#16485 = ORIENTED_EDGE('',*,*,#16445,.F.);
#16486 = ORIENTED_EDGE('',*,*,#3508,.F.);
#16487 = PLANE('',#16488);
#16488 = AXIS2_PLACEMENT_3D('',#16489,#16490,#16491);
#16489 = CARTESIAN_POINT('',(71.262147,-94.15,0.));
#16490 = DIRECTION('',(0.,1.,0.));
#16491 = DIRECTION('',(1.,0.,0.));
#16492 = ADVANCED_FACE('',(#16493),#16504,.T.);
#16493 = FACE_BOUND('',#16494,.T.);
#16494 = EDGE_LOOP('',(#16495,#16496,#16497,#16503));
#16495 = ORIENTED_EDGE('',*,*,#16464,.T.);
#16496 = ORIENTED_EDGE('',*,*,#8515,.T.);
#16497 = ORIENTED_EDGE('',*,*,#16498,.F.);
#16498 = EDGE_CURVE('',#3535,#8507,#16499,.T.);
#16499 = LINE('',#16500,#16501);
#16500 = CARTESIAN_POINT('',(70.4625,-93.350353,0.));
#16501 = VECTOR('',#16502,1.);
#16502 = DIRECTION('',(0.,0.,1.));
#16503 = ORIENTED_EDGE('',*,*,#3543,.F.);
#16504 = PLANE('',#16505);
#16505 = AXIS2_PLACEMENT_3D('',#16506,#16507,#16508);
#16506 = CARTESIAN_POINT('',(70.4625,-92.65,0.));
#16507 = DIRECTION('',(1.,0.,-0.));
#16508 = DIRECTION('',(0.,-1.,0.));
#16509 = ADVANCED_FACE('',(#16510),#16521,.T.);
#16510 = FACE_BOUND('',#16511,.T.);
#16511 = EDGE_LOOP('',(#16512,#16518,#16519,#16520));
#16512 = ORIENTED_EDGE('',*,*,#16513,.T.);
#16513 = EDGE_CURVE('',#3517,#8489,#16514,.T.);
#16514 = LINE('',#16515,#16516);
#16515 = CARTESIAN_POINT('',(71.105845,-94.193934,0.));
#16516 = VECTOR('',#16517,1.);
#16517 = DIRECTION('',(0.,0.,1.));
#16518 = ORIENTED_EDGE('',*,*,#8488,.T.);
#16519 = ORIENTED_EDGE('',*,*,#16479,.F.);
#16520 = ORIENTED_EDGE('',*,*,#3516,.F.);
#16521 = CYLINDRICAL_SURFACE('',#16522,0.299991600077);
#16522 = AXIS2_PLACEMENT_3D('',#16523,#16524,#16525);
#16523 = CARTESIAN_POINT('',(71.262144282039,-94.44999160006,0.));
#16524 = DIRECTION('',(0.,0.,-1.));
#16525 = DIRECTION('',(-0.521012195004,0.853549232709,0.));
#16526 = ADVANCED_FACE('',(#16527),#16538,.T.);
#16527 = FACE_BOUND('',#16528,.T.);
#16528 = EDGE_LOOP('',(#16529,#16530,#16531,#16537));
#16529 = ORIENTED_EDGE('',*,*,#16498,.T.);
#16530 = ORIENTED_EDGE('',*,*,#8506,.T.);
#16531 = ORIENTED_EDGE('',*,*,#16532,.F.);
#16532 = EDGE_CURVE('',#3526,#8498,#16533,.T.);
#16533 = LINE('',#16534,#16535);
#16534 = CARTESIAN_POINT('',(70.418566,-93.506655,0.));
#16535 = VECTOR('',#16536,1.);
#16536 = DIRECTION('',(0.,0.,1.));
#16537 = ORIENTED_EDGE('',*,*,#3534,.F.);
#16538 = CYLINDRICAL_SURFACE('',#16539,0.299991600078);
#16539 = AXIS2_PLACEMENT_3D('',#16540,#16541,#16542);
#16540 = CARTESIAN_POINT('',(70.162508399935,-93.35035571796,0.));
#16541 = DIRECTION('',(0.,0.,-1.));
#16542 = DIRECTION('',(0.999999999959,9.060123335599E-06,0.));
#16543 = ADVANCED_FACE('',(#16544),#16550,.F.);
#16544 = FACE_BOUND('',#16545,.T.);
#16545 = EDGE_LOOP('',(#16546,#16547,#16548,#16549));
#16546 = ORIENTED_EDGE('',*,*,#16532,.T.);
#16547 = ORIENTED_EDGE('',*,*,#8497,.T.);
#16548 = ORIENTED_EDGE('',*,*,#16513,.F.);
#16549 = ORIENTED_EDGE('',*,*,#3525,.F.);
#16550 = CYLINDRICAL_SURFACE('',#16551,0.499999603944);
#16551 = AXIS2_PLACEMENT_3D('',#16552,#16553,#16554);
#16552 = CARTESIAN_POINT('',(70.84534211054,-93.76715788946,0.));
#16553 = DIRECTION('',(-0.,-0.,-1.));
#16554 = DIRECTION('',(-0.853552897188,0.521006191616,0.));
#16555 = ADVANCED_FACE('',(#16556),#16567,.F.);
#16556 = FACE_BOUND('',#16557,.T.);
#16557 = EDGE_LOOP('',(#16558,#16559,#16565,#16566));
#16558 = ORIENTED_EDGE('',*,*,#3611,.T.);
#16559 = ORIENTED_EDGE('',*,*,#16560,.T.);
#16560 = EDGE_CURVE('',#3612,#8584,#16561,.T.);
#16561 = LINE('',#16562,#16563);
#16562 = CARTESIAN_POINT('',(72.1625,-89.57,-4.6E-02));
#16563 = VECTOR('',#16564,1.);
#16564 = DIRECTION('',(0.,0.,1.));
#16565 = ORIENTED_EDGE('',*,*,#8583,.F.);
#16566 = ORIENTED_EDGE('',*,*,#16560,.F.);
#16567 = CYLINDRICAL_SURFACE('',#16568,2.);
#16568 = AXIS2_PLACEMENT_3D('',#16569,#16570,#16571);
#16569 = CARTESIAN_POINT('',(72.1625,-87.57,-4.6E-02));
#16570 = DIRECTION('',(-0.,-0.,-1.));
#16571 = DIRECTION('',(-0.,-1.,0.));
#16572 = ADVANCED_FACE('',(#16573),#16584,.F.);
#16573 = FACE_BOUND('',#16574,.T.);
#16574 = EDGE_LOOP('',(#16575,#16576,#16582,#16583));
#16575 = ORIENTED_EDGE('',*,*,#3622,.T.);
#16576 = ORIENTED_EDGE('',*,*,#16577,.T.);
#16577 = EDGE_CURVE('',#3623,#8595,#16578,.T.);
#16578 = LINE('',#16579,#16580);
#16579 = CARTESIAN_POINT('',(77.2425,-88.445,-4.6E-02));
#16580 = VECTOR('',#16581,1.);
#16581 = DIRECTION('',(0.,0.,1.));
#16582 = ORIENTED_EDGE('',*,*,#8594,.F.);
#16583 = ORIENTED_EDGE('',*,*,#16577,.F.);
#16584 = CYLINDRICAL_SURFACE('',#16585,0.875);
#16585 = AXIS2_PLACEMENT_3D('',#16586,#16587,#16588);
#16586 = CARTESIAN_POINT('',(77.2425,-87.57,-4.6E-02));
#16587 = DIRECTION('',(-0.,-0.,-1.));
#16588 = DIRECTION('',(-0.,-1.,0.));
#16589 = ADVANCED_FACE('',(#16590),#16601,.F.);
#16590 = FACE_BOUND('',#16591,.T.);
#16591 = EDGE_LOOP('',(#16592,#16593,#16599,#16600));
#16592 = ORIENTED_EDGE('',*,*,#3633,.T.);
#16593 = ORIENTED_EDGE('',*,*,#16594,.T.);
#16594 = EDGE_CURVE('',#3634,#8606,#16595,.T.);
#16595 = LINE('',#16596,#16597);
#16596 = CARTESIAN_POINT('',(68.3525,-86.555,-4.6E-02));
#16597 = VECTOR('',#16598,1.);
#16598 = DIRECTION('',(0.,0.,1.));
#16599 = ORIENTED_EDGE('',*,*,#8605,.F.);
#16600 = ORIENTED_EDGE('',*,*,#16594,.F.);
#16601 = CYLINDRICAL_SURFACE('',#16602,1.525);
#16602 = AXIS2_PLACEMENT_3D('',#16603,#16604,#16605);
#16603 = CARTESIAN_POINT('',(68.3525,-85.03,-4.6E-02));
#16604 = DIRECTION('',(-0.,0.,-1.));
#16605 = DIRECTION('',(9.31859325587E-15,-1.,-0.));
#16606 = ADVANCED_FACE('',(#16607),#16618,.F.);
#16607 = FACE_BOUND('',#16608,.T.);
#16608 = EDGE_LOOP('',(#16609,#16610,#16616,#16617));
#16609 = ORIENTED_EDGE('',*,*,#3644,.T.);
#16610 = ORIENTED_EDGE('',*,*,#16611,.T.);
#16611 = EDGE_CURVE('',#3645,#8617,#16612,.T.);
#16612 = LINE('',#16613,#16614);
#16613 = CARTESIAN_POINT('',(74.7025,-84.015,-4.6E-02));
#16614 = VECTOR('',#16615,1.);
#16615 = DIRECTION('',(0.,0.,1.));
#16616 = ORIENTED_EDGE('',*,*,#8616,.F.);
#16617 = ORIENTED_EDGE('',*,*,#16611,.F.);
#16618 = CYLINDRICAL_SURFACE('',#16619,1.525);
#16619 = AXIS2_PLACEMENT_3D('',#16620,#16621,#16622);
#16620 = CARTESIAN_POINT('',(74.7025,-82.49,-4.6E-02));
#16621 = DIRECTION('',(-0.,-0.,-1.));
#16622 = DIRECTION('',(-0.,-1.,0.));
#16623 = ADVANCED_FACE('',(#16624),#16640,.F.);
#16624 = FACE_BOUND('',#16625,.T.);
#16625 = EDGE_LOOP('',(#16626,#16632,#16633,#16639));
#16626 = ORIENTED_EDGE('',*,*,#16627,.T.);
#16627 = EDGE_CURVE('',#3656,#8628,#16628,.T.);
#16628 = LINE('',#16629,#16630);
#16629 = CARTESIAN_POINT('',(73.906434,-72.743345,0.));
#16630 = VECTOR('',#16631,1.);
#16631 = DIRECTION('',(0.,0.,1.));
#16632 = ORIENTED_EDGE('',*,*,#8627,.T.);
#16633 = ORIENTED_EDGE('',*,*,#16634,.F.);
#16634 = EDGE_CURVE('',#3658,#8630,#16635,.T.);
#16635 = LINE('',#16636,#16637);
#16636 = CARTESIAN_POINT('',(73.219155,-72.056066,0.));
#16637 = VECTOR('',#16638,1.);
#16638 = DIRECTION('',(0.,0.,1.));
#16639 = ORIENTED_EDGE('',*,*,#3655,.F.);
#16640 = CYLINDRICAL_SURFACE('',#16641,0.499999603944);
#16641 = AXIS2_PLACEMENT_3D('',#16642,#16643,#16644);
#16642 = CARTESIAN_POINT('',(73.47965788946,-72.48284211054,0.));
#16643 = DIRECTION('',(-0.,-0.,-1.));
#16644 = DIRECTION('',(0.853552897188,-0.521006191616,0.));
#16645 = ADVANCED_FACE('',(#16646),#16657,.T.);
#16646 = FACE_BOUND('',#16647,.T.);
#16647 = EDGE_LOOP('',(#16648,#16654,#16655,#16656));
#16648 = ORIENTED_EDGE('',*,*,#16649,.T.);
#16649 = EDGE_CURVE('',#3667,#8639,#16650,.T.);
#16650 = LINE('',#16651,#16652);
#16651 = CARTESIAN_POINT('',(73.8625,-72.899647,0.));
#16652 = VECTOR('',#16653,1.);
#16653 = DIRECTION('',(0.,0.,1.));
#16654 = ORIENTED_EDGE('',*,*,#8638,.T.);
#16655 = ORIENTED_EDGE('',*,*,#16627,.F.);
#16656 = ORIENTED_EDGE('',*,*,#3666,.F.);
#16657 = CYLINDRICAL_SURFACE('',#16658,0.299683785035);
#16658 = AXIS2_PLACEMENT_3D('',#16659,#16660,#16661);
#16659 = CARTESIAN_POINT('',(74.162183771747,-72.8995577564,0.));
#16660 = DIRECTION('',(0.,0.,-1.));
#16661 = DIRECTION('',(-0.99999995566,-2.977925314543E-04,-0.));
#16662 = ADVANCED_FACE('',(#16663),#16674,.T.);
#16663 = FACE_BOUND('',#16664,.T.);
#16664 = EDGE_LOOP('',(#16665,#16666,#16667,#16673));
#16665 = ORIENTED_EDGE('',*,*,#16634,.T.);
#16666 = ORIENTED_EDGE('',*,*,#8792,.T.);
#16667 = ORIENTED_EDGE('',*,*,#16668,.F.);
#16668 = EDGE_CURVE('',#3813,#8785,#16669,.T.);
#16669 = LINE('',#16670,#16671);
#16670 = CARTESIAN_POINT('',(73.062853,-72.1,0.));
#16671 = VECTOR('',#16672,1.);
#16672 = DIRECTION('',(0.,0.,1.));
#16673 = ORIENTED_EDGE('',*,*,#3820,.F.);
#16674 = CYLINDRICAL_SURFACE('',#16675,0.299966762338);
#16675 = AXIS2_PLACEMENT_3D('',#16676,#16677,#16678);
#16676 = CARTESIAN_POINT('',(73.062862699494,-71.80003323781,0.));
#16677 = DIRECTION('',(0.,0.,-1.));
#16678 = DIRECTION('',(0.521032061311,-0.853537105864,0.));
#16679 = ADVANCED_FACE('',(#16680),#16691,.T.);
#16680 = FACE_BOUND('',#16681,.T.);
#16681 = EDGE_LOOP('',(#16682,#16688,#16689,#16690));
#16682 = ORIENTED_EDGE('',*,*,#16683,.T.);
#16683 = EDGE_CURVE('',#3676,#8648,#16684,.T.);
#16684 = LINE('',#16685,#16686);
#16685 = CARTESIAN_POINT('',(73.8625,-73.6,0.));
#16686 = VECTOR('',#16687,1.);
#16687 = DIRECTION('',(0.,0.,1.));
#16688 = ORIENTED_EDGE('',*,*,#8647,.T.);
#16689 = ORIENTED_EDGE('',*,*,#16649,.F.);
#16690 = ORIENTED_EDGE('',*,*,#3675,.F.);
#16691 = PLANE('',#16692);
#16692 = AXIS2_PLACEMENT_3D('',#16693,#16694,#16695);
#16693 = CARTESIAN_POINT('',(73.8625,-73.6,0.));
#16694 = DIRECTION('',(-1.,0.,0.));
#16695 = DIRECTION('',(0.,1.,0.));
#16696 = ADVANCED_FACE('',(#16697),#16708,.T.);
#16697 = FACE_BOUND('',#16698,.T.);
#16698 = EDGE_LOOP('',(#16699,#16700,#16701,#16707));
#16699 = ORIENTED_EDGE('',*,*,#16668,.T.);
#16700 = ORIENTED_EDGE('',*,*,#8784,.T.);
#16701 = ORIENTED_EDGE('',*,*,#16702,.F.);
#16702 = EDGE_CURVE('',#3805,#8777,#16703,.T.);
#16703 = LINE('',#16704,#16705);
#16704 = CARTESIAN_POINT('',(72.1625,-72.1,0.));
#16705 = VECTOR('',#16706,1.);
#16706 = DIRECTION('',(0.,0.,1.));
#16707 = ORIENTED_EDGE('',*,*,#3812,.F.);
#16708 = PLANE('',#16709);
#16709 = AXIS2_PLACEMENT_3D('',#16710,#16711,#16712);
#16710 = CARTESIAN_POINT('',(73.062853,-72.1,0.));
#16711 = DIRECTION('',(0.,-1.,0.));
#16712 = DIRECTION('',(-1.,0.,0.));
#16713 = ADVANCED_FACE('',(#16714),#16725,.T.);
#16714 = FACE_BOUND('',#16715,.T.);
#16715 = EDGE_LOOP('',(#16716,#16722,#16723,#16724));
#16716 = ORIENTED_EDGE('',*,*,#16717,.T.);
#16717 = EDGE_CURVE('',#3684,#8656,#16718,.T.);
#16718 = LINE('',#16719,#16720);
#16719 = CARTESIAN_POINT('',(73.8625,-74.300353,0.));
#16720 = VECTOR('',#16721,1.);
#16721 = DIRECTION('',(0.,0.,1.));
#16722 = ORIENTED_EDGE('',*,*,#8655,.T.);
#16723 = ORIENTED_EDGE('',*,*,#16683,.F.);
#16724 = ORIENTED_EDGE('',*,*,#3683,.F.);
#16725 = PLANE('',#16726);
#16726 = AXIS2_PLACEMENT_3D('',#16727,#16728,#16729);
#16727 = CARTESIAN_POINT('',(73.8625,-74.300353,0.));
#16728 = DIRECTION('',(-1.,0.,0.));
#16729 = DIRECTION('',(0.,1.,0.));
#16730 = ADVANCED_FACE('',(#16731),#16742,.T.);
#16731 = FACE_BOUND('',#16732,.T.);
#16732 = EDGE_LOOP('',(#16733,#16734,#16735,#16741));
#16733 = ORIENTED_EDGE('',*,*,#16702,.T.);
#16734 = ORIENTED_EDGE('',*,*,#8776,.T.);
#16735 = ORIENTED_EDGE('',*,*,#16736,.F.);
#16736 = EDGE_CURVE('',#3796,#8768,#16737,.T.);
#16737 = LINE('',#16738,#16739);
#16738 = CARTESIAN_POINT('',(71.262147,-72.1,0.));
#16739 = VECTOR('',#16740,1.);
#16740 = DIRECTION('',(0.,0.,1.));
#16741 = ORIENTED_EDGE('',*,*,#3804,.F.);
#16742 = PLANE('',#16743);
#16743 = AXIS2_PLACEMENT_3D('',#16744,#16745,#16746);
#16744 = CARTESIAN_POINT('',(72.1625,-72.1,0.));
#16745 = DIRECTION('',(0.,-1.,0.));
#16746 = DIRECTION('',(-1.,0.,0.));
#16747 = ADVANCED_FACE('',(#16748),#16759,.T.);
#16748 = FACE_BOUND('',#16749,.T.);
#16749 = EDGE_LOOP('',(#16750,#16756,#16757,#16758));
#16750 = ORIENTED_EDGE('',*,*,#16751,.T.);
#16751 = EDGE_CURVE('',#3692,#8664,#16752,.T.);
#16752 = LINE('',#16753,#16754);
#16753 = CARTESIAN_POINT('',(73.906434,-74.456655,0.));
#16754 = VECTOR('',#16755,1.);
#16755 = DIRECTION('',(0.,0.,1.));
#16756 = ORIENTED_EDGE('',*,*,#8663,.T.);
#16757 = ORIENTED_EDGE('',*,*,#16717,.F.);
#16758 = ORIENTED_EDGE('',*,*,#3691,.F.);
#16759 = CYLINDRICAL_SURFACE('',#16760,0.299966762338);
#16760 = AXIS2_PLACEMENT_3D('',#16761,#16762,#16763);
#16761 = CARTESIAN_POINT('',(74.162466762181,-74.30036269949,0.));
#16762 = DIRECTION('',(0.,0.,-1.));
#16763 = DIRECTION('',(-0.853537105863,-0.521032061311,-0.));
#16764 = ADVANCED_FACE('',(#16765),#16776,.T.);
#16765 = FACE_BOUND('',#16766,.T.);
#16766 = EDGE_LOOP('',(#16767,#16768,#16769,#16775));
#16767 = ORIENTED_EDGE('',*,*,#16736,.T.);
#16768 = ORIENTED_EDGE('',*,*,#8767,.T.);
#16769 = ORIENTED_EDGE('',*,*,#16770,.F.);
#16770 = EDGE_CURVE('',#3787,#8759,#16771,.T.);
#16771 = LINE('',#16772,#16773);
#16772 = CARTESIAN_POINT('',(71.105845,-72.056066,0.));
#16773 = VECTOR('',#16774,1.);
#16774 = DIRECTION('',(0.,0.,1.));
#16775 = ORIENTED_EDGE('',*,*,#3795,.F.);
#16776 = CYLINDRICAL_SURFACE('',#16777,0.299991600077);
#16777 = AXIS2_PLACEMENT_3D('',#16778,#16779,#16780);
#16778 = CARTESIAN_POINT('',(71.262144282039,-71.80000839993,0.));
#16779 = DIRECTION('',(0.,0.,-1.));
#16780 = DIRECTION('',(9.060123667203E-06,-0.999999999959,0.));
#16781 = ADVANCED_FACE('',(#16782),#16793,.F.);
#16782 = FACE_BOUND('',#16783,.T.);
#16783 = EDGE_LOOP('',(#16784,#16790,#16791,#16792));
#16784 = ORIENTED_EDGE('',*,*,#16785,.T.);
#16785 = EDGE_CURVE('',#3701,#8673,#16786,.T.);
#16786 = LINE('',#16787,#16788);
#16787 = CARTESIAN_POINT('',(73.219155,-75.143934,0.));
#16788 = VECTOR('',#16789,1.);
#16789 = DIRECTION('',(0.,0.,1.));
#16790 = ORIENTED_EDGE('',*,*,#8672,.T.);
#16791 = ORIENTED_EDGE('',*,*,#16751,.F.);
#16792 = ORIENTED_EDGE('',*,*,#3700,.F.);
#16793 = CYLINDRICAL_SURFACE('',#16794,0.499998734392);
#16794 = AXIS2_PLACEMENT_3D('',#16795,#16796,#16797);
#16795 = CARTESIAN_POINT('',(73.479660504327,-74.71716050432,0.));
#16796 = DIRECTION('',(-0.,-0.,-1.));
#16797 = DIRECTION('',(-0.521012327448,-0.853549151864,0.));
#16798 = ADVANCED_FACE('',(#16799),#16810,.F.);
#16799 = FACE_BOUND('',#16800,.T.);
#16800 = EDGE_LOOP('',(#16801,#16802,#16803,#16809));
#16801 = ORIENTED_EDGE('',*,*,#16770,.T.);
#16802 = ORIENTED_EDGE('',*,*,#8758,.T.);
#16803 = ORIENTED_EDGE('',*,*,#16804,.F.);
#16804 = EDGE_CURVE('',#3778,#8750,#16805,.T.);
#16805 = LINE('',#16806,#16807);
#16806 = CARTESIAN_POINT('',(70.418566,-72.743345,0.));
#16807 = VECTOR('',#16808,1.);
#16808 = DIRECTION('',(0.,0.,1.));
#16809 = ORIENTED_EDGE('',*,*,#3786,.F.);
#16810 = CYLINDRICAL_SURFACE('',#16811,0.499999603944);
#16811 = AXIS2_PLACEMENT_3D('',#16812,#16813,#16814);
#16812 = CARTESIAN_POINT('',(70.84534211054,-72.48284211054,0.));
#16813 = DIRECTION('',(-0.,-0.,-1.));
#16814 = DIRECTION('',(0.521006191616,0.853552897188,-0.));
#16815 = ADVANCED_FACE('',(#16816),#16827,.T.);
#16816 = FACE_BOUND('',#16817,.T.);
#16817 = EDGE_LOOP('',(#16818,#16824,#16825,#16826));
#16818 = ORIENTED_EDGE('',*,*,#16819,.T.);
#16819 = EDGE_CURVE('',#3710,#8682,#16820,.T.);
#16820 = LINE('',#16821,#16822);
#16821 = CARTESIAN_POINT('',(73.062853,-75.1,0.));
#16822 = VECTOR('',#16823,1.);
#16823 = DIRECTION('',(0.,0.,1.));
#16824 = ORIENTED_EDGE('',*,*,#8681,.T.);
#16825 = ORIENTED_EDGE('',*,*,#16785,.F.);
#16826 = ORIENTED_EDGE('',*,*,#3709,.F.);
#16827 = CYLINDRICAL_SURFACE('',#16828,0.300023425677);
#16828 = AXIS2_PLACEMENT_3D('',#16829,#16830,#16831);
#16829 = CARTESIAN_POINT('',(73.062846772307,-75.40002342561,0.));
#16830 = DIRECTION('',(0.,0.,-1.));
#16831 = DIRECTION('',(2.075735545944E-05,0.999999999785,0.));
#16832 = ADVANCED_FACE('',(#16833),#16844,.T.);
#16833 = FACE_BOUND('',#16834,.T.);
#16834 = EDGE_LOOP('',(#16835,#16836,#16837,#16843));
#16835 = ORIENTED_EDGE('',*,*,#16804,.T.);
#16836 = ORIENTED_EDGE('',*,*,#8749,.T.);
#16837 = ORIENTED_EDGE('',*,*,#16838,.F.);
#16838 = EDGE_CURVE('',#3770,#8742,#16839,.T.);
#16839 = LINE('',#16840,#16841);
#16840 = CARTESIAN_POINT('',(70.4625,-72.899647,0.));
#16841 = VECTOR('',#16842,1.);
#16842 = DIRECTION('',(0.,0.,1.));
#16843 = ORIENTED_EDGE('',*,*,#3777,.F.);
#16844 = CYLINDRICAL_SURFACE('',#16845,0.299991600078);
#16845 = AXIS2_PLACEMENT_3D('',#16846,#16847,#16848);
#16846 = CARTESIAN_POINT('',(70.162508399935,-72.89964428203,0.));
#16847 = DIRECTION('',(0.,0.,-1.));
#16848 = DIRECTION('',(0.853549232709,0.521012195003,0.));
#16849 = ADVANCED_FACE('',(#16850),#16861,.T.);
#16850 = FACE_BOUND('',#16851,.T.);
#16851 = EDGE_LOOP('',(#16852,#16858,#16859,#16860));
#16852 = ORIENTED_EDGE('',*,*,#16853,.T.);
#16853 = EDGE_CURVE('',#3719,#8691,#16854,.T.);
#16854 = LINE('',#16855,#16856);
#16855 = CARTESIAN_POINT('',(72.1625,-75.1,0.));
#16856 = VECTOR('',#16857,1.);
#16857 = DIRECTION('',(0.,0.,1.));
#16858 = ORIENTED_EDGE('',*,*,#8690,.T.);
#16859 = ORIENTED_EDGE('',*,*,#16819,.F.);
#16860 = ORIENTED_EDGE('',*,*,#3718,.F.);
#16861 = PLANE('',#16862);
#16862 = AXIS2_PLACEMENT_3D('',#16863,#16864,#16865);
#16863 = CARTESIAN_POINT('',(72.1625,-75.1,0.));
#16864 = DIRECTION('',(0.,1.,0.));
#16865 = DIRECTION('',(1.,0.,0.));
#16866 = ADVANCED_FACE('',(#16867),#16878,.T.);
#16867 = FACE_BOUND('',#16868,.T.);
#16868 = EDGE_LOOP('',(#16869,#16870,#16871,#16877));
#16869 = ORIENTED_EDGE('',*,*,#16838,.T.);
#16870 = ORIENTED_EDGE('',*,*,#8741,.T.);
#16871 = ORIENTED_EDGE('',*,*,#16872,.F.);
#16872 = EDGE_CURVE('',#3762,#8734,#16873,.T.);
#16873 = LINE('',#16874,#16875);
#16874 = CARTESIAN_POINT('',(70.4625,-73.6,0.));
#16875 = VECTOR('',#16876,1.);
#16876 = DIRECTION('',(0.,0.,1.));
#16877 = ORIENTED_EDGE('',*,*,#3769,.F.);
#16878 = PLANE('',#16879);
#16879 = AXIS2_PLACEMENT_3D('',#16880,#16881,#16882);
#16880 = CARTESIAN_POINT('',(70.4625,-72.899647,0.));
#16881 = DIRECTION('',(1.,0.,-0.));
#16882 = DIRECTION('',(0.,-1.,0.));
#16883 = ADVANCED_FACE('',(#16884),#16895,.T.);
#16884 = FACE_BOUND('',#16885,.T.);
#16885 = EDGE_LOOP('',(#16886,#16892,#16893,#16894));
#16886 = ORIENTED_EDGE('',*,*,#16887,.T.);
#16887 = EDGE_CURVE('',#3727,#8699,#16888,.T.);
#16888 = LINE('',#16889,#16890);
#16889 = CARTESIAN_POINT('',(71.262147,-75.1,0.));
#16890 = VECTOR('',#16891,1.);
#16891 = DIRECTION('',(0.,0.,1.));
#16892 = ORIENTED_EDGE('',*,*,#8698,.T.);
#16893 = ORIENTED_EDGE('',*,*,#16853,.F.);
#16894 = ORIENTED_EDGE('',*,*,#3726,.F.);
#16895 = PLANE('',#16896);
#16896 = AXIS2_PLACEMENT_3D('',#16897,#16898,#16899);
#16897 = CARTESIAN_POINT('',(71.262147,-75.1,0.));
#16898 = DIRECTION('',(0.,1.,0.));
#16899 = DIRECTION('',(1.,0.,0.));
#16900 = ADVANCED_FACE('',(#16901),#16912,.T.);
#16901 = FACE_BOUND('',#16902,.T.);
#16902 = EDGE_LOOP('',(#16903,#16904,#16905,#16911));
#16903 = ORIENTED_EDGE('',*,*,#16872,.T.);
#16904 = ORIENTED_EDGE('',*,*,#8733,.T.);
#16905 = ORIENTED_EDGE('',*,*,#16906,.F.);
#16906 = EDGE_CURVE('',#3753,#8725,#16907,.T.);
#16907 = LINE('',#16908,#16909);
#16908 = CARTESIAN_POINT('',(70.4625,-74.300353,0.));
#16909 = VECTOR('',#16910,1.);
#16910 = DIRECTION('',(0.,0.,1.));
#16911 = ORIENTED_EDGE('',*,*,#3761,.F.);
#16912 = PLANE('',#16913);
#16913 = AXIS2_PLACEMENT_3D('',#16914,#16915,#16916);
#16914 = CARTESIAN_POINT('',(70.4625,-73.6,0.));
#16915 = DIRECTION('',(1.,0.,-0.));
#16916 = DIRECTION('',(0.,-1.,0.));
#16917 = ADVANCED_FACE('',(#16918),#16929,.T.);
#16918 = FACE_BOUND('',#16919,.T.);
#16919 = EDGE_LOOP('',(#16920,#16926,#16927,#16928));
#16920 = ORIENTED_EDGE('',*,*,#16921,.T.);
#16921 = EDGE_CURVE('',#3735,#8707,#16922,.T.);
#16922 = LINE('',#16923,#16924);
#16923 = CARTESIAN_POINT('',(71.105845,-75.143934,0.));
#16924 = VECTOR('',#16925,1.);
#16925 = DIRECTION('',(0.,0.,1.));
#16926 = ORIENTED_EDGE('',*,*,#8706,.T.);
#16927 = ORIENTED_EDGE('',*,*,#16887,.F.);
#16928 = ORIENTED_EDGE('',*,*,#3734,.F.);
#16929 = CYLINDRICAL_SURFACE('',#16930,0.299991600078);
#16930 = AXIS2_PLACEMENT_3D('',#16931,#16932,#16933);
#16931 = CARTESIAN_POINT('',(71.262144282039,-75.39999160006,0.));
#16932 = DIRECTION('',(0.,0.,-1.));
#16933 = DIRECTION('',(-0.521012195004,0.853549232709,0.));
#16934 = ADVANCED_FACE('',(#16935),#16946,.T.);
#16935 = FACE_BOUND('',#16936,.T.);
#16936 = EDGE_LOOP('',(#16937,#16938,#16939,#16945));
#16937 = ORIENTED_EDGE('',*,*,#16906,.T.);
#16938 = ORIENTED_EDGE('',*,*,#8724,.T.);
#16939 = ORIENTED_EDGE('',*,*,#16940,.F.);
#16940 = EDGE_CURVE('',#3744,#8716,#16941,.T.);
#16941 = LINE('',#16942,#16943);
#16942 = CARTESIAN_POINT('',(70.418566,-74.456655,0.));
#16943 = VECTOR('',#16944,1.);
#16944 = DIRECTION('',(0.,0.,1.));
#16945 = ORIENTED_EDGE('',*,*,#3752,.F.);
#16946 = CYLINDRICAL_SURFACE('',#16947,0.299991600078);
#16947 = AXIS2_PLACEMENT_3D('',#16948,#16949,#16950);
#16948 = CARTESIAN_POINT('',(70.162508399935,-74.30035571796,0.));
#16949 = DIRECTION('',(0.,0.,-1.));
#16950 = DIRECTION('',(0.999999999959,9.060123382971E-06,0.));
#16951 = ADVANCED_FACE('',(#16952),#16958,.F.);
#16952 = FACE_BOUND('',#16953,.T.);
#16953 = EDGE_LOOP('',(#16954,#16955,#16956,#16957));
#16954 = ORIENTED_EDGE('',*,*,#16940,.T.);
#16955 = ORIENTED_EDGE('',*,*,#8715,.T.);
#16956 = ORIENTED_EDGE('',*,*,#16921,.F.);
#16957 = ORIENTED_EDGE('',*,*,#3743,.F.);
#16958 = CYLINDRICAL_SURFACE('',#16959,0.499999603944);
#16959 = AXIS2_PLACEMENT_3D('',#16960,#16961,#16962);
#16960 = CARTESIAN_POINT('',(70.84534211054,-74.71715788946,0.));
#16961 = DIRECTION('',(-0.,-0.,-1.));
#16962 = DIRECTION('',(-0.853552897188,0.521006191616,0.));
#16963 = ADVANCED_FACE('',(#16964),#16975,.F.);
#16964 = FACE_BOUND('',#16965,.T.);
#16965 = EDGE_LOOP('',(#16966,#16967,#16973,#16974));
#16966 = ORIENTED_EDGE('',*,*,#3829,.T.);
#16967 = ORIENTED_EDGE('',*,*,#16968,.T.);
#16968 = EDGE_CURVE('',#3830,#8802,#16969,.T.);
#16969 = LINE('',#16970,#16971);
#16970 = CARTESIAN_POINT('',(38.7,-67.6,-4.6E-02));
#16971 = VECTOR('',#16972,1.);
#16972 = DIRECTION('',(0.,0.,1.));
#16973 = ORIENTED_EDGE('',*,*,#8801,.F.);
#16974 = ORIENTED_EDGE('',*,*,#16968,.F.);
#16975 = CYLINDRICAL_SURFACE('',#16976,0.5);
#16976 = AXIS2_PLACEMENT_3D('',#16977,#16978,#16979);
#16977 = CARTESIAN_POINT('',(38.7,-67.1,-4.6E-02));
#16978 = DIRECTION('',(-0.,-0.,-1.));
#16979 = DIRECTION('',(-0.,-1.,0.));
#16980 = ADVANCED_FACE('',(#16981),#16992,.F.);
#16981 = FACE_BOUND('',#16982,.T.);
#16982 = EDGE_LOOP('',(#16983,#16984,#16990,#16991));
#16983 = ORIENTED_EDGE('',*,*,#3840,.T.);
#16984 = ORIENTED_EDGE('',*,*,#16985,.T.);
#16985 = EDGE_CURVE('',#3841,#8813,#16986,.T.);
#16986 = LINE('',#16987,#16988);
#16987 = CARTESIAN_POINT('',(48.0325,-69.395,-4.6E-02));
#16988 = VECTOR('',#16989,1.);
#16989 = DIRECTION('',(0.,0.,1.));
#16990 = ORIENTED_EDGE('',*,*,#8812,.F.);
#16991 = ORIENTED_EDGE('',*,*,#16985,.F.);
#16992 = CYLINDRICAL_SURFACE('',#16993,0.875);
#16993 = AXIS2_PLACEMENT_3D('',#16994,#16995,#16996);
#16994 = CARTESIAN_POINT('',(48.0325,-68.52,-4.6E-02));
#16995 = DIRECTION('',(-0.,-0.,-1.));
#16996 = DIRECTION('',(-0.,-1.,0.));
#16997 = ADVANCED_FACE('',(#16998),#17009,.F.);
#16998 = FACE_BOUND('',#16999,.T.);
#16999 = EDGE_LOOP('',(#17000,#17001,#17007,#17008));
#17000 = ORIENTED_EDGE('',*,*,#3851,.T.);
#17001 = ORIENTED_EDGE('',*,*,#17002,.T.);
#17002 = EDGE_CURVE('',#3852,#8824,#17003,.T.);
#17003 = LINE('',#17004,#17005);
#17004 = CARTESIAN_POINT('',(38.7,-65.06,-4.6E-02));
#17005 = VECTOR('',#17006,1.);
#17006 = DIRECTION('',(0.,0.,1.));
#17007 = ORIENTED_EDGE('',*,*,#8823,.F.);
#17008 = ORIENTED_EDGE('',*,*,#17002,.F.);
#17009 = CYLINDRICAL_SURFACE('',#17010,0.5);
#17010 = AXIS2_PLACEMENT_3D('',#17011,#17012,#17013);
#17011 = CARTESIAN_POINT('',(38.7,-64.56,-4.6E-02));
#17012 = DIRECTION('',(-0.,-0.,-1.));
#17013 = DIRECTION('',(-0.,-1.,0.));
#17014 = ADVANCED_FACE('',(#17015),#17026,.F.);
#17015 = FACE_BOUND('',#17016,.T.);
#17016 = EDGE_LOOP('',(#17017,#17018,#17024,#17025));
#17017 = ORIENTED_EDGE('',*,*,#3862,.T.);
#17018 = ORIENTED_EDGE('',*,*,#17019,.T.);
#17019 = EDGE_CURVE('',#3863,#8835,#17020,.T.);
#17020 = LINE('',#17021,#17022);
#17021 = CARTESIAN_POINT('',(38.7,-62.52,-4.6E-02));
#17022 = VECTOR('',#17023,1.);
#17023 = DIRECTION('',(0.,0.,1.));
#17024 = ORIENTED_EDGE('',*,*,#8834,.F.);
#17025 = ORIENTED_EDGE('',*,*,#17019,.F.);
#17026 = CYLINDRICAL_SURFACE('',#17027,0.5);
#17027 = AXIS2_PLACEMENT_3D('',#17028,#17029,#17030);
#17028 = CARTESIAN_POINT('',(38.7,-62.02,-4.6E-02));
#17029 = DIRECTION('',(-0.,-0.,-1.));
#17030 = DIRECTION('',(-0.,-1.,0.));
#17031 = ADVANCED_FACE('',(#17032),#17043,.F.);
#17032 = FACE_BOUND('',#17033,.T.);
#17033 = EDGE_LOOP('',(#17034,#17035,#17041,#17042));
#17034 = ORIENTED_EDGE('',*,*,#3873,.T.);
#17035 = ORIENTED_EDGE('',*,*,#17036,.T.);
#17036 = EDGE_CURVE('',#3874,#8846,#17037,.T.);
#17037 = LINE('',#17038,#17039);
#17038 = CARTESIAN_POINT('',(53.1125,-70.52,-4.6E-02));
#17039 = VECTOR('',#17040,1.);
#17040 = DIRECTION('',(0.,0.,1.));
#17041 = ORIENTED_EDGE('',*,*,#8845,.F.);
#17042 = ORIENTED_EDGE('',*,*,#17036,.F.);
#17043 = CYLINDRICAL_SURFACE('',#17044,2.);
#17044 = AXIS2_PLACEMENT_3D('',#17045,#17046,#17047);
#17045 = CARTESIAN_POINT('',(53.1125,-68.52,-4.6E-02));
#17046 = DIRECTION('',(-0.,-0.,-1.));
#17047 = DIRECTION('',(-0.,-1.,0.));
#17048 = ADVANCED_FACE('',(#17049),#17060,.F.);
#17049 = FACE_BOUND('',#17050,.T.);
#17050 = EDGE_LOOP('',(#17051,#17052,#17058,#17059));
#17051 = ORIENTED_EDGE('',*,*,#3884,.T.);
#17052 = ORIENTED_EDGE('',*,*,#17053,.T.);
#17053 = EDGE_CURVE('',#3885,#8857,#17054,.T.);
#17054 = LINE('',#17055,#17056);
#17055 = CARTESIAN_POINT('',(58.1925,-69.395,-4.6E-02));
#17056 = VECTOR('',#17057,1.);
#17057 = DIRECTION('',(0.,0.,1.));
#17058 = ORIENTED_EDGE('',*,*,#8856,.F.);
#17059 = ORIENTED_EDGE('',*,*,#17053,.F.);
#17060 = CYLINDRICAL_SURFACE('',#17061,0.875);
#17061 = AXIS2_PLACEMENT_3D('',#17062,#17063,#17064);
#17062 = CARTESIAN_POINT('',(58.1925,-68.52,-4.6E-02));
#17063 = DIRECTION('',(-0.,-0.,-1.));
#17064 = DIRECTION('',(-0.,-1.,0.));
#17065 = ADVANCED_FACE('',(#17066),#17077,.F.);
#17066 = FACE_BOUND('',#17067,.T.);
#17067 = EDGE_LOOP('',(#17068,#17069,#17075,#17076));
#17068 = ORIENTED_EDGE('',*,*,#3895,.T.);
#17069 = ORIENTED_EDGE('',*,*,#17070,.T.);
#17070 = EDGE_CURVE('',#3896,#8868,#17071,.T.);
#17071 = LINE('',#17072,#17073);
#17072 = CARTESIAN_POINT('',(49.3025,-67.505,-4.6E-02));
#17073 = VECTOR('',#17074,1.);
#17074 = DIRECTION('',(0.,0.,1.));
#17075 = ORIENTED_EDGE('',*,*,#8867,.F.);
#17076 = ORIENTED_EDGE('',*,*,#17070,.F.);
#17077 = CYLINDRICAL_SURFACE('',#17078,1.525);
#17078 = AXIS2_PLACEMENT_3D('',#17079,#17080,#17081);
#17079 = CARTESIAN_POINT('',(49.3025,-65.98,-4.6E-02));
#17080 = DIRECTION('',(-0.,-0.,-1.));
#17081 = DIRECTION('',(-0.,-1.,0.));
#17082 = ADVANCED_FACE('',(#17083),#17094,.F.);
#17083 = FACE_BOUND('',#17084,.T.);
#17084 = EDGE_LOOP('',(#17085,#17086,#17092,#17093));
#17085 = ORIENTED_EDGE('',*,*,#3906,.T.);
#17086 = ORIENTED_EDGE('',*,*,#17087,.T.);
#17087 = EDGE_CURVE('',#3907,#8879,#17088,.T.);
#17088 = LINE('',#17089,#17090);
#17089 = CARTESIAN_POINT('',(55.6525,-64.965,-4.6E-02));
#17090 = VECTOR('',#17091,1.);
#17091 = DIRECTION('',(0.,0.,1.));
#17092 = ORIENTED_EDGE('',*,*,#8878,.F.);
#17093 = ORIENTED_EDGE('',*,*,#17087,.F.);
#17094 = CYLINDRICAL_SURFACE('',#17095,1.525);
#17095 = AXIS2_PLACEMENT_3D('',#17096,#17097,#17098);
#17096 = CARTESIAN_POINT('',(55.6525,-63.44,-4.6E-02));
#17097 = DIRECTION('',(-0.,-0.,-1.));
#17098 = DIRECTION('',(-0.,-1.,0.));
#17099 = ADVANCED_FACE('',(#17100),#17111,.F.);
#17100 = FACE_BOUND('',#17101,.T.);
#17101 = EDGE_LOOP('',(#17102,#17103,#17109,#17110));
#17102 = ORIENTED_EDGE('',*,*,#3917,.T.);
#17103 = ORIENTED_EDGE('',*,*,#17104,.T.);
#17104 = EDGE_CURVE('',#3918,#8890,#17105,.T.);
#17105 = LINE('',#17106,#17107);
#17106 = CARTESIAN_POINT('',(38.7,-59.98,-4.6E-02));
#17107 = VECTOR('',#17108,1.);
#17108 = DIRECTION('',(0.,0.,1.));
#17109 = ORIENTED_EDGE('',*,*,#8889,.F.);
#17110 = ORIENTED_EDGE('',*,*,#17104,.F.);
#17111 = CYLINDRICAL_SURFACE('',#17112,0.5);
#17112 = AXIS2_PLACEMENT_3D('',#17113,#17114,#17115);
#17113 = CARTESIAN_POINT('',(38.7,-59.48,-4.6E-02));
#17114 = DIRECTION('',(-0.,-0.,-1.));
#17115 = DIRECTION('',(-0.,-1.,0.));
#17116 = ADVANCED_FACE('',(#17117),#17128,.F.);
#17117 = FACE_BOUND('',#17118,.T.);
#17118 = EDGE_LOOP('',(#17119,#17120,#17126,#17127));
#17119 = ORIENTED_EDGE('',*,*,#3928,.T.);
#17120 = ORIENTED_EDGE('',*,*,#17121,.T.);
#17121 = EDGE_CURVE('',#3929,#8901,#17122,.T.);
#17122 = LINE('',#17123,#17124);
#17123 = CARTESIAN_POINT('',(40.5375,-50.045,-4.6E-02));
#17124 = VECTOR('',#17125,1.);
#17125 = DIRECTION('',(0.,0.,1.));
#17126 = ORIENTED_EDGE('',*,*,#8900,.F.);
#17127 = ORIENTED_EDGE('',*,*,#17121,.F.);
#17128 = CYLINDRICAL_SURFACE('',#17129,1.1);
#17129 = AXIS2_PLACEMENT_3D('',#17130,#17131,#17132);
#17130 = CARTESIAN_POINT('',(40.5375,-48.945,-4.6E-02));
#17131 = DIRECTION('',(-0.,-0.,-1.));
#17132 = DIRECTION('',(-0.,-1.,0.));
#17133 = ADVANCED_FACE('',(#17134),#17145,.F.);
#17134 = FACE_BOUND('',#17135,.T.);
#17135 = EDGE_LOOP('',(#17136,#17137,#17143,#17144));
#17136 = ORIENTED_EDGE('',*,*,#3939,.T.);
#17137 = ORIENTED_EDGE('',*,*,#17138,.T.);
#17138 = EDGE_CURVE('',#3940,#8912,#17139,.T.);
#17139 = LINE('',#17140,#17141);
#17140 = CARTESIAN_POINT('',(67.0825,-69.395,-4.6E-02));
#17141 = VECTOR('',#17142,1.);
#17142 = DIRECTION('',(0.,0.,1.));
#17143 = ORIENTED_EDGE('',*,*,#8911,.F.);
#17144 = ORIENTED_EDGE('',*,*,#17138,.F.);
#17145 = CYLINDRICAL_SURFACE('',#17146,0.875);
#17146 = AXIS2_PLACEMENT_3D('',#17147,#17148,#17149);
#17147 = CARTESIAN_POINT('',(67.0825,-68.52,-4.6E-02));
#17148 = DIRECTION('',(-0.,-0.,-1.));
#17149 = DIRECTION('',(-0.,-1.,0.));
#17150 = ADVANCED_FACE('',(#17151),#17162,.F.);
#17151 = FACE_BOUND('',#17152,.T.);
#17152 = EDGE_LOOP('',(#17153,#17154,#17160,#17161));
#17153 = ORIENTED_EDGE('',*,*,#3950,.T.);
#17154 = ORIENTED_EDGE('',*,*,#17155,.T.);
#17155 = EDGE_CURVE('',#3951,#8923,#17156,.T.);
#17156 = LINE('',#17157,#17158);
#17157 = CARTESIAN_POINT('',(68.3525,-67.505,-4.6E-02));
#17158 = VECTOR('',#17159,1.);
#17159 = DIRECTION('',(0.,0.,1.));
#17160 = ORIENTED_EDGE('',*,*,#8922,.F.);
#17161 = ORIENTED_EDGE('',*,*,#17155,.F.);
#17162 = CYLINDRICAL_SURFACE('',#17163,1.525);
#17163 = AXIS2_PLACEMENT_3D('',#17164,#17165,#17166);
#17164 = CARTESIAN_POINT('',(68.3525,-65.98,-4.6E-02));
#17165 = DIRECTION('',(-0.,0.,-1.));
#17166 = DIRECTION('',(9.31859325587E-15,-1.,-0.));
#17167 = ADVANCED_FACE('',(#17168),#17179,.F.);
#17168 = FACE_BOUND('',#17169,.T.);
#17169 = EDGE_LOOP('',(#17170,#17171,#17177,#17178));
#17170 = ORIENTED_EDGE('',*,*,#3961,.T.);
#17171 = ORIENTED_EDGE('',*,*,#17172,.T.);
#17172 = EDGE_CURVE('',#3962,#8934,#17173,.T.);
#17173 = LINE('',#17174,#17175);
#17174 = CARTESIAN_POINT('',(72.1625,-70.52,-4.6E-02));
#17175 = VECTOR('',#17176,1.);
#17176 = DIRECTION('',(0.,0.,1.));
#17177 = ORIENTED_EDGE('',*,*,#8933,.F.);
#17178 = ORIENTED_EDGE('',*,*,#17172,.F.);
#17179 = CYLINDRICAL_SURFACE('',#17180,2.);
#17180 = AXIS2_PLACEMENT_3D('',#17181,#17182,#17183);
#17181 = CARTESIAN_POINT('',(72.1625,-68.52,-4.6E-02));
#17182 = DIRECTION('',(-0.,-0.,-1.));
#17183 = DIRECTION('',(-0.,-1.,0.));
#17184 = ADVANCED_FACE('',(#17185),#17196,.F.);
#17185 = FACE_BOUND('',#17186,.T.);
#17186 = EDGE_LOOP('',(#17187,#17188,#17194,#17195));
#17187 = ORIENTED_EDGE('',*,*,#3972,.T.);
#17188 = ORIENTED_EDGE('',*,*,#17189,.T.);
#17189 = EDGE_CURVE('',#3973,#8945,#17190,.T.);
#17190 = LINE('',#17191,#17192);
#17191 = CARTESIAN_POINT('',(77.2425,-69.395,-4.6E-02));
#17192 = VECTOR('',#17193,1.);
#17193 = DIRECTION('',(0.,0.,1.));
#17194 = ORIENTED_EDGE('',*,*,#8944,.F.);
#17195 = ORIENTED_EDGE('',*,*,#17189,.F.);
#17196 = CYLINDRICAL_SURFACE('',#17197,0.875);
#17197 = AXIS2_PLACEMENT_3D('',#17198,#17199,#17200);
#17198 = CARTESIAN_POINT('',(77.2425,-68.52,-4.6E-02));
#17199 = DIRECTION('',(-0.,-0.,-1.));
#17200 = DIRECTION('',(-0.,-1.,0.));
#17201 = ADVANCED_FACE('',(#17202),#17213,.F.);
#17202 = FACE_BOUND('',#17203,.T.);
#17203 = EDGE_LOOP('',(#17204,#17205,#17211,#17212));
#17204 = ORIENTED_EDGE('',*,*,#3983,.T.);
#17205 = ORIENTED_EDGE('',*,*,#17206,.T.);
#17206 = EDGE_CURVE('',#3984,#8956,#17207,.T.);
#17207 = LINE('',#17208,#17209);
#17208 = CARTESIAN_POINT('',(74.7025,-64.965,-4.6E-02));
#17209 = VECTOR('',#17210,1.);
#17210 = DIRECTION('',(0.,0.,1.));
#17211 = ORIENTED_EDGE('',*,*,#8955,.F.);
#17212 = ORIENTED_EDGE('',*,*,#17206,.F.);
#17213 = CYLINDRICAL_SURFACE('',#17214,1.525);
#17214 = AXIS2_PLACEMENT_3D('',#17215,#17216,#17217);
#17215 = CARTESIAN_POINT('',(74.7025,-63.44,-4.6E-02));
#17216 = DIRECTION('',(-0.,-0.,-1.));
#17217 = DIRECTION('',(-0.,-1.,0.));
#17218 = ADVANCED_FACE('',(#17219),#17235,.F.);
#17219 = FACE_BOUND('',#17220,.T.);
#17220 = EDGE_LOOP('',(#17221,#17222,#17228,#17229));
#17221 = ORIENTED_EDGE('',*,*,#3994,.T.);
#17222 = ORIENTED_EDGE('',*,*,#17223,.T.);
#17223 = EDGE_CURVE('',#3997,#8969,#17224,.T.);
#17224 = LINE('',#17225,#17226);
#17225 = CARTESIAN_POINT('',(77.08,-51.255,-4.6E-02));
#17226 = VECTOR('',#17227,1.);
#17227 = DIRECTION('',(0.,0.,1.));
#17228 = ORIENTED_EDGE('',*,*,#8966,.F.);
#17229 = ORIENTED_EDGE('',*,*,#17230,.F.);
#17230 = EDGE_CURVE('',#3995,#8967,#17231,.T.);
#17231 = LINE('',#17232,#17233);
#17232 = CARTESIAN_POINT('',(77.68,-51.255,-4.6E-02));
#17233 = VECTOR('',#17234,1.);
#17234 = DIRECTION('',(0.,0.,1.));
#17235 = CYLINDRICAL_SURFACE('',#17236,0.3);
#17236 = AXIS2_PLACEMENT_3D('',#17237,#17238,#17239);
#17237 = CARTESIAN_POINT('',(77.38,-51.255,-4.6E-02));
#17238 = DIRECTION('',(-0.,-0.,-1.));
#17239 = DIRECTION('',(-1.,-4.736951571734E-14,0.));
#17240 = ADVANCED_FACE('',(#17241),#17252,.T.);
#17241 = FACE_BOUND('',#17242,.T.);
#17242 = EDGE_LOOP('',(#17243,#17244,#17245,#17246));
#17243 = ORIENTED_EDGE('',*,*,#4022,.T.);
#17244 = ORIENTED_EDGE('',*,*,#17230,.T.);
#17245 = ORIENTED_EDGE('',*,*,#8994,.F.);
#17246 = ORIENTED_EDGE('',*,*,#17247,.F.);
#17247 = EDGE_CURVE('',#4014,#8986,#17248,.T.);
#17248 = LINE('',#17249,#17250);
#17249 = CARTESIAN_POINT('',(77.68,-50.155,-4.6E-02));
#17250 = VECTOR('',#17251,1.);
#17251 = DIRECTION('',(0.,0.,1.));
#17252 = PLANE('',#17253);
#17253 = AXIS2_PLACEMENT_3D('',#17254,#17255,#17256);
#17254 = CARTESIAN_POINT('',(77.68,-51.255,-4.6E-02));
#17255 = DIRECTION('',(-1.,0.,0.));
#17256 = DIRECTION('',(0.,1.,0.));
#17257 = ADVANCED_FACE('',(#17258),#17269,.F.);
#17258 = FACE_BOUND('',#17259,.T.);
#17259 = EDGE_LOOP('',(#17260,#17261,#17262,#17263));
#17260 = ORIENTED_EDGE('',*,*,#4013,.T.);
#17261 = ORIENTED_EDGE('',*,*,#17247,.T.);
#17262 = ORIENTED_EDGE('',*,*,#8985,.F.);
#17263 = ORIENTED_EDGE('',*,*,#17264,.F.);
#17264 = EDGE_CURVE('',#4006,#8978,#17265,.T.);
#17265 = LINE('',#17266,#17267);
#17266 = CARTESIAN_POINT('',(77.08,-50.155,-4.6E-02));
#17267 = VECTOR('',#17268,1.);
#17268 = DIRECTION('',(0.,0.,1.));
#17269 = CYLINDRICAL_SURFACE('',#17270,0.3);
#17270 = AXIS2_PLACEMENT_3D('',#17271,#17272,#17273);
#17271 = CARTESIAN_POINT('',(77.38,-50.155,-4.6E-02));
#17272 = DIRECTION('',(-0.,-0.,-1.));
#17273 = DIRECTION('',(1.,0.,-0.));
#17274 = ADVANCED_FACE('',(#17275),#17281,.T.);
#17275 = FACE_BOUND('',#17276,.T.);
#17276 = EDGE_LOOP('',(#17277,#17278,#17279,#17280));
#17277 = ORIENTED_EDGE('',*,*,#4005,.T.);
#17278 = ORIENTED_EDGE('',*,*,#17264,.T.);
#17279 = ORIENTED_EDGE('',*,*,#8977,.F.);
#17280 = ORIENTED_EDGE('',*,*,#17223,.F.);
#17281 = PLANE('',#17282);
#17282 = AXIS2_PLACEMENT_3D('',#17283,#17284,#17285);
#17283 = CARTESIAN_POINT('',(77.08,-50.155,-4.6E-02));
#17284 = DIRECTION('',(1.,0.,-0.));
#17285 = DIRECTION('',(0.,-1.,0.));
#17286 = ADVANCED_FACE('',(#17287),#17298,.F.);
#17287 = FACE_BOUND('',#17288,.T.);
#17288 = EDGE_LOOP('',(#17289,#17290,#17296,#17297));
#17289 = ORIENTED_EDGE('',*,*,#4030,.T.);
#17290 = ORIENTED_EDGE('',*,*,#17291,.T.);
#17291 = EDGE_CURVE('',#4031,#9003,#17292,.T.);
#17292 = LINE('',#17293,#17294);
#17293 = CARTESIAN_POINT('',(78.81,-50.53,-4.6E-02));
#17294 = VECTOR('',#17295,1.);
#17295 = DIRECTION('',(0.,0.,1.));
#17296 = ORIENTED_EDGE('',*,*,#9002,.F.);
#17297 = ORIENTED_EDGE('',*,*,#17291,.F.);
#17298 = CYLINDRICAL_SURFACE('',#17299,0.325);
#17299 = AXIS2_PLACEMENT_3D('',#17300,#17301,#17302);
#17300 = CARTESIAN_POINT('',(78.81,-50.205,-4.6E-02));
#17301 = DIRECTION('',(-0.,-0.,-1.));
#17302 = DIRECTION('',(-0.,-1.,0.));
#17303 = ADVANCED_FACE('',(#17304),#17320,.F.);
#17304 = FACE_BOUND('',#17305,.T.);
#17305 = EDGE_LOOP('',(#17306,#17307,#17313,#17314));
#17306 = ORIENTED_EDGE('',*,*,#4041,.T.);
#17307 = ORIENTED_EDGE('',*,*,#17308,.T.);
#17308 = EDGE_CURVE('',#4044,#9016,#17309,.T.);
#17309 = LINE('',#17310,#17311);
#17310 = CARTESIAN_POINT('',(77.08,-46.925,-4.6E-02));
#17311 = VECTOR('',#17312,1.);
#17312 = DIRECTION('',(0.,0.,1.));
#17313 = ORIENTED_EDGE('',*,*,#9013,.F.);
#17314 = ORIENTED_EDGE('',*,*,#17315,.F.);
#17315 = EDGE_CURVE('',#4042,#9014,#17316,.T.);
#17316 = LINE('',#17317,#17318);
#17317 = CARTESIAN_POINT('',(77.68,-46.925,-4.6E-02));
#17318 = VECTOR('',#17319,1.);
#17319 = DIRECTION('',(0.,0.,1.));
#17320 = CYLINDRICAL_SURFACE('',#17321,0.3);
#17321 = AXIS2_PLACEMENT_3D('',#17322,#17323,#17324);
#17322 = CARTESIAN_POINT('',(77.38,-46.925,-4.6E-02));
#17323 = DIRECTION('',(-0.,-0.,-1.));
#17324 = DIRECTION('',(-1.,0.,-0.));
#17325 = ADVANCED_FACE('',(#17326),#17337,.T.);
#17326 = FACE_BOUND('',#17327,.T.);
#17327 = EDGE_LOOP('',(#17328,#17329,#17330,#17331));
#17328 = ORIENTED_EDGE('',*,*,#4069,.T.);
#17329 = ORIENTED_EDGE('',*,*,#17315,.T.);
#17330 = ORIENTED_EDGE('',*,*,#9041,.F.);
#17331 = ORIENTED_EDGE('',*,*,#17332,.F.);
#17332 = EDGE_CURVE('',#4061,#9033,#17333,.T.);
#17333 = LINE('',#17334,#17335);
#17334 = CARTESIAN_POINT('',(77.68,-46.125,-4.6E-02));
#17335 = VECTOR('',#17336,1.);
#17336 = DIRECTION('',(0.,0.,1.));
#17337 = PLANE('',#17338);
#17338 = AXIS2_PLACEMENT_3D('',#17339,#17340,#17341);
#17339 = CARTESIAN_POINT('',(77.68,-46.925,-4.6E-02));
#17340 = DIRECTION('',(-1.,0.,0.));
#17341 = DIRECTION('',(0.,1.,0.));
#17342 = ADVANCED_FACE('',(#17343),#17354,.F.);
#17343 = FACE_BOUND('',#17344,.T.);
#17344 = EDGE_LOOP('',(#17345,#17346,#17347,#17348));
#17345 = ORIENTED_EDGE('',*,*,#4060,.T.);
#17346 = ORIENTED_EDGE('',*,*,#17332,.T.);
#17347 = ORIENTED_EDGE('',*,*,#9032,.F.);
#17348 = ORIENTED_EDGE('',*,*,#17349,.F.);
#17349 = EDGE_CURVE('',#4053,#9025,#17350,.T.);
#17350 = LINE('',#17351,#17352);
#17351 = CARTESIAN_POINT('',(77.08,-46.125,-4.6E-02));
#17352 = VECTOR('',#17353,1.);
#17353 = DIRECTION('',(0.,0.,1.));
#17354 = CYLINDRICAL_SURFACE('',#17355,0.3);
#17355 = AXIS2_PLACEMENT_3D('',#17356,#17357,#17358);
#17356 = CARTESIAN_POINT('',(77.38,-46.125,-4.6E-02));
#17357 = DIRECTION('',(-0.,-0.,-1.));
#17358 = DIRECTION('',(1.,4.736951571734E-14,-0.));
#17359 = ADVANCED_FACE('',(#17360),#17366,.T.);
#17360 = FACE_BOUND('',#17361,.T.);
#17361 = EDGE_LOOP('',(#17362,#17363,#17364,#17365));
#17362 = ORIENTED_EDGE('',*,*,#4052,.T.);
#17363 = ORIENTED_EDGE('',*,*,#17349,.T.);
#17364 = ORIENTED_EDGE('',*,*,#9024,.F.);
#17365 = ORIENTED_EDGE('',*,*,#17308,.F.);
#17366 = PLANE('',#17367);
#17367 = AXIS2_PLACEMENT_3D('',#17368,#17369,#17370);
#17368 = CARTESIAN_POINT('',(77.08,-46.125,-4.6E-02));
#17369 = DIRECTION('',(1.,0.,-0.));
#17370 = DIRECTION('',(0.,-1.,0.));
#17371 = ADVANCED_FACE('',(#17372),#17383,.F.);
#17372 = FACE_BOUND('',#17373,.T.);
#17373 = EDGE_LOOP('',(#17374,#17375,#17381,#17382));
#17374 = ORIENTED_EDGE('',*,*,#4077,.T.);
#17375 = ORIENTED_EDGE('',*,*,#17376,.T.);
#17376 = EDGE_CURVE('',#4078,#9050,#17377,.T.);
#17377 = LINE('',#17378,#17379);
#17378 = CARTESIAN_POINT('',(86.1325,-88.445,-4.6E-02));
#17379 = VECTOR('',#17380,1.);
#17380 = DIRECTION('',(0.,0.,1.));
#17381 = ORIENTED_EDGE('',*,*,#9049,.F.);
#17382 = ORIENTED_EDGE('',*,*,#17376,.F.);
#17383 = CYLINDRICAL_SURFACE('',#17384,0.875);
#17384 = AXIS2_PLACEMENT_3D('',#17385,#17386,#17387);
#17385 = CARTESIAN_POINT('',(86.1325,-87.57,-4.6E-02));
#17386 = DIRECTION('',(-0.,-0.,-1.));
#17387 = DIRECTION('',(-0.,-1.,0.));
#17388 = ADVANCED_FACE('',(#17389),#17405,.F.);
#17389 = FACE_BOUND('',#17390,.T.);
#17390 = EDGE_LOOP('',(#17391,#17397,#17398,#17404));
#17391 = ORIENTED_EDGE('',*,*,#17392,.T.);
#17392 = EDGE_CURVE('',#4089,#9061,#17393,.T.);
#17393 = LINE('',#17394,#17395);
#17394 = CARTESIAN_POINT('',(92.956434,-91.793345,0.));
#17395 = VECTOR('',#17396,1.);
#17396 = DIRECTION('',(0.,0.,1.));
#17397 = ORIENTED_EDGE('',*,*,#9060,.T.);
#17398 = ORIENTED_EDGE('',*,*,#17399,.F.);
#17399 = EDGE_CURVE('',#4091,#9063,#17400,.T.);
#17400 = LINE('',#17401,#17402);
#17401 = CARTESIAN_POINT('',(92.269155,-91.106066,0.));
#17402 = VECTOR('',#17403,1.);
#17403 = DIRECTION('',(0.,0.,1.));
#17404 = ORIENTED_EDGE('',*,*,#4088,.F.);
#17405 = CYLINDRICAL_SURFACE('',#17406,0.499999603944);
#17406 = AXIS2_PLACEMENT_3D('',#17407,#17408,#17409);
#17407 = CARTESIAN_POINT('',(92.52965788946,-91.53284211054,0.));
#17408 = DIRECTION('',(-0.,-0.,-1.));
#17409 = DIRECTION('',(0.853552897188,-0.521006191616,0.));
#17410 = ADVANCED_FACE('',(#17411),#17422,.T.);
#17411 = FACE_BOUND('',#17412,.T.);
#17412 = EDGE_LOOP('',(#17413,#17419,#17420,#17421));
#17413 = ORIENTED_EDGE('',*,*,#17414,.T.);
#17414 = EDGE_CURVE('',#4100,#9072,#17415,.T.);
#17415 = LINE('',#17416,#17417);
#17416 = CARTESIAN_POINT('',(92.9125,-91.949647,0.));
#17417 = VECTOR('',#17418,1.);
#17418 = DIRECTION('',(0.,0.,1.));
#17419 = ORIENTED_EDGE('',*,*,#9071,.T.);
#17420 = ORIENTED_EDGE('',*,*,#17392,.F.);
#17421 = ORIENTED_EDGE('',*,*,#4099,.F.);
#17422 = CYLINDRICAL_SURFACE('',#17423,0.299683785035);
#17423 = AXIS2_PLACEMENT_3D('',#17424,#17425,#17426);
#17424 = CARTESIAN_POINT('',(93.212183771747,-91.9495577564,0.));
#17425 = DIRECTION('',(0.,0.,-1.));
#17426 = DIRECTION('',(-0.99999995566,-2.977925315017E-04,-0.));
#17427 = ADVANCED_FACE('',(#17428),#17439,.T.);
#17428 = FACE_BOUND('',#17429,.T.);
#17429 = EDGE_LOOP('',(#17430,#17431,#17432,#17438));
#17430 = ORIENTED_EDGE('',*,*,#17399,.T.);
#17431 = ORIENTED_EDGE('',*,*,#9225,.T.);
#17432 = ORIENTED_EDGE('',*,*,#17433,.F.);
#17433 = EDGE_CURVE('',#4246,#9218,#17434,.T.);
#17434 = LINE('',#17435,#17436);
#17435 = CARTESIAN_POINT('',(92.112853,-91.15,0.));
#17436 = VECTOR('',#17437,1.);
#17437 = DIRECTION('',(0.,0.,1.));
#17438 = ORIENTED_EDGE('',*,*,#4253,.F.);
#17439 = CYLINDRICAL_SURFACE('',#17440,0.299966762338);
#17440 = AXIS2_PLACEMENT_3D('',#17441,#17442,#17443);
#17441 = CARTESIAN_POINT('',(92.112862699494,-90.85003323781,0.));
#17442 = DIRECTION('',(0.,0.,-1.));
#17443 = DIRECTION('',(0.521032061311,-0.853537105864,0.));
#17444 = ADVANCED_FACE('',(#17445),#17456,.T.);
#17445 = FACE_BOUND('',#17446,.T.);
#17446 = EDGE_LOOP('',(#17447,#17453,#17454,#17455));
#17447 = ORIENTED_EDGE('',*,*,#17448,.T.);
#17448 = EDGE_CURVE('',#4109,#9081,#17449,.T.);
#17449 = LINE('',#17450,#17451);
#17450 = CARTESIAN_POINT('',(92.9125,-92.65,0.));
#17451 = VECTOR('',#17452,1.);
#17452 = DIRECTION('',(0.,0.,1.));
#17453 = ORIENTED_EDGE('',*,*,#9080,.T.);
#17454 = ORIENTED_EDGE('',*,*,#17414,.F.);
#17455 = ORIENTED_EDGE('',*,*,#4108,.F.);
#17456 = PLANE('',#17457);
#17457 = AXIS2_PLACEMENT_3D('',#17458,#17459,#17460);
#17458 = CARTESIAN_POINT('',(92.9125,-92.65,0.));
#17459 = DIRECTION('',(-1.,0.,0.));
#17460 = DIRECTION('',(0.,1.,0.));
#17461 = ADVANCED_FACE('',(#17462),#17473,.T.);
#17462 = FACE_BOUND('',#17463,.T.);
#17463 = EDGE_LOOP('',(#17464,#17465,#17466,#17472));
#17464 = ORIENTED_EDGE('',*,*,#17433,.T.);
#17465 = ORIENTED_EDGE('',*,*,#9217,.T.);
#17466 = ORIENTED_EDGE('',*,*,#17467,.F.);
#17467 = EDGE_CURVE('',#4238,#9210,#17468,.T.);
#17468 = LINE('',#17469,#17470);
#17469 = CARTESIAN_POINT('',(91.2125,-91.15,0.));
#17470 = VECTOR('',#17471,1.);
#17471 = DIRECTION('',(0.,0.,1.));
#17472 = ORIENTED_EDGE('',*,*,#4245,.F.);
#17473 = PLANE('',#17474);
#17474 = AXIS2_PLACEMENT_3D('',#17475,#17476,#17477);
#17475 = CARTESIAN_POINT('',(92.112853,-91.15,0.));
#17476 = DIRECTION('',(0.,-1.,0.));
#17477 = DIRECTION('',(-1.,0.,0.));
#17478 = ADVANCED_FACE('',(#17479),#17490,.T.);
#17479 = FACE_BOUND('',#17480,.T.);
#17480 = EDGE_LOOP('',(#17481,#17487,#17488,#17489));
#17481 = ORIENTED_EDGE('',*,*,#17482,.T.);
#17482 = EDGE_CURVE('',#4117,#9089,#17483,.T.);
#17483 = LINE('',#17484,#17485);
#17484 = CARTESIAN_POINT('',(92.9125,-93.350353,0.));
#17485 = VECTOR('',#17486,1.);
#17486 = DIRECTION('',(0.,0.,1.));
#17487 = ORIENTED_EDGE('',*,*,#9088,.T.);
#17488 = ORIENTED_EDGE('',*,*,#17448,.F.);
#17489 = ORIENTED_EDGE('',*,*,#4116,.F.);
#17490 = PLANE('',#17491);
#17491 = AXIS2_PLACEMENT_3D('',#17492,#17493,#17494);
#17492 = CARTESIAN_POINT('',(92.9125,-93.350353,0.));
#17493 = DIRECTION('',(-1.,0.,0.));
#17494 = DIRECTION('',(0.,1.,0.));
#17495 = ADVANCED_FACE('',(#17496),#17507,.T.);
#17496 = FACE_BOUND('',#17497,.T.);
#17497 = EDGE_LOOP('',(#17498,#17499,#17500,#17506));
#17498 = ORIENTED_EDGE('',*,*,#17467,.T.);
#17499 = ORIENTED_EDGE('',*,*,#9209,.T.);
#17500 = ORIENTED_EDGE('',*,*,#17501,.F.);
#17501 = EDGE_CURVE('',#4229,#9201,#17502,.T.);
#17502 = LINE('',#17503,#17504);
#17503 = CARTESIAN_POINT('',(90.312147,-91.15,0.));
#17504 = VECTOR('',#17505,1.);
#17505 = DIRECTION('',(0.,0.,1.));
#17506 = ORIENTED_EDGE('',*,*,#4237,.F.);
#17507 = PLANE('',#17508);
#17508 = AXIS2_PLACEMENT_3D('',#17509,#17510,#17511);
#17509 = CARTESIAN_POINT('',(91.2125,-91.15,0.));
#17510 = DIRECTION('',(0.,-1.,0.));
#17511 = DIRECTION('',(-1.,0.,0.));
#17512 = ADVANCED_FACE('',(#17513),#17524,.T.);
#17513 = FACE_BOUND('',#17514,.T.);
#17514 = EDGE_LOOP('',(#17515,#17521,#17522,#17523));
#17515 = ORIENTED_EDGE('',*,*,#17516,.T.);
#17516 = EDGE_CURVE('',#4125,#9097,#17517,.T.);
#17517 = LINE('',#17518,#17519);
#17518 = CARTESIAN_POINT('',(92.956434,-93.506655,0.));
#17519 = VECTOR('',#17520,1.);
#17520 = DIRECTION('',(0.,0.,1.));
#17521 = ORIENTED_EDGE('',*,*,#9096,.T.);
#17522 = ORIENTED_EDGE('',*,*,#17482,.F.);
#17523 = ORIENTED_EDGE('',*,*,#4124,.F.);
#17524 = CYLINDRICAL_SURFACE('',#17525,0.299966762338);
#17525 = AXIS2_PLACEMENT_3D('',#17526,#17527,#17528);
#17526 = CARTESIAN_POINT('',(93.212466762182,-93.35036269949,0.));
#17527 = DIRECTION('',(0.,0.,-1.));
#17528 = DIRECTION('',(-0.853537105864,-0.521032061311,-0.));
#17529 = ADVANCED_FACE('',(#17530),#17541,.T.);
#17530 = FACE_BOUND('',#17531,.T.);
#17531 = EDGE_LOOP('',(#17532,#17533,#17534,#17540));
#17532 = ORIENTED_EDGE('',*,*,#17501,.T.);
#17533 = ORIENTED_EDGE('',*,*,#9200,.T.);
#17534 = ORIENTED_EDGE('',*,*,#17535,.F.);
#17535 = EDGE_CURVE('',#4220,#9192,#17536,.T.);
#17536 = LINE('',#17537,#17538);
#17537 = CARTESIAN_POINT('',(90.155845,-91.106066,0.));
#17538 = VECTOR('',#17539,1.);
#17539 = DIRECTION('',(0.,0.,1.));
#17540 = ORIENTED_EDGE('',*,*,#4228,.F.);
#17541 = CYLINDRICAL_SURFACE('',#17542,0.299991600078);
#17542 = AXIS2_PLACEMENT_3D('',#17543,#17544,#17545);
#17543 = CARTESIAN_POINT('',(90.312144282039,-90.85000839993,0.));
#17544 = DIRECTION('',(0.,0.,-1.));
#17545 = DIRECTION('',(9.060123288227E-06,-0.999999999959,0.));
#17546 = ADVANCED_FACE('',(#17547),#17558,.F.);
#17547 = FACE_BOUND('',#17548,.T.);
#17548 = EDGE_LOOP('',(#17549,#17555,#17556,#17557));
#17549 = ORIENTED_EDGE('',*,*,#17550,.T.);
#17550 = EDGE_CURVE('',#4134,#9106,#17551,.T.);
#17551 = LINE('',#17552,#17553);
#17552 = CARTESIAN_POINT('',(92.269155,-94.193934,0.));
#17553 = VECTOR('',#17554,1.);
#17554 = DIRECTION('',(0.,0.,1.));
#17555 = ORIENTED_EDGE('',*,*,#9105,.T.);
#17556 = ORIENTED_EDGE('',*,*,#17516,.F.);
#17557 = ORIENTED_EDGE('',*,*,#4133,.F.);
#17558 = CYLINDRICAL_SURFACE('',#17559,0.499998734392);
#17559 = AXIS2_PLACEMENT_3D('',#17560,#17561,#17562);
#17560 = CARTESIAN_POINT('',(92.529660504327,-93.76716050432,0.));
#17561 = DIRECTION('',(-0.,-0.,-1.));
#17562 = DIRECTION('',(-0.521012327448,-0.853549151864,0.));
#17563 = ADVANCED_FACE('',(#17564),#17575,.F.);
#17564 = FACE_BOUND('',#17565,.T.);
#17565 = EDGE_LOOP('',(#17566,#17567,#17568,#17574));
#17566 = ORIENTED_EDGE('',*,*,#17535,.T.);
#17567 = ORIENTED_EDGE('',*,*,#9191,.T.);
#17568 = ORIENTED_EDGE('',*,*,#17569,.F.);
#17569 = EDGE_CURVE('',#4211,#9183,#17570,.T.);
#17570 = LINE('',#17571,#17572);
#17571 = CARTESIAN_POINT('',(89.468566,-91.793345,0.));
#17572 = VECTOR('',#17573,1.);
#17573 = DIRECTION('',(0.,0.,1.));
#17574 = ORIENTED_EDGE('',*,*,#4219,.F.);
#17575 = CYLINDRICAL_SURFACE('',#17576,0.499999603944);
#17576 = AXIS2_PLACEMENT_3D('',#17577,#17578,#17579);
#17577 = CARTESIAN_POINT('',(89.89534211054,-91.53284211054,0.));
#17578 = DIRECTION('',(-0.,-0.,-1.));
#17579 = DIRECTION('',(0.521006191616,0.853552897188,-0.));
#17580 = ADVANCED_FACE('',(#17581),#17592,.T.);
#17581 = FACE_BOUND('',#17582,.T.);
#17582 = EDGE_LOOP('',(#17583,#17589,#17590,#17591));
#17583 = ORIENTED_EDGE('',*,*,#17584,.T.);
#17584 = EDGE_CURVE('',#4143,#9115,#17585,.T.);
#17585 = LINE('',#17586,#17587);
#17586 = CARTESIAN_POINT('',(92.112853,-94.15,0.));
#17587 = VECTOR('',#17588,1.);
#17588 = DIRECTION('',(0.,0.,1.));
#17589 = ORIENTED_EDGE('',*,*,#9114,.T.);
#17590 = ORIENTED_EDGE('',*,*,#17550,.F.);
#17591 = ORIENTED_EDGE('',*,*,#4142,.F.);
#17592 = CYLINDRICAL_SURFACE('',#17593,0.300023425677);
#17593 = AXIS2_PLACEMENT_3D('',#17594,#17595,#17596);
#17594 = CARTESIAN_POINT('',(92.112846772307,-94.45002342561,0.));
#17595 = DIRECTION('',(0.,0.,-1.));
#17596 = DIRECTION('',(2.075735503317E-05,0.999999999785,0.));
#17597 = ADVANCED_FACE('',(#17598),#17609,.T.);
#17598 = FACE_BOUND('',#17599,.T.);
#17599 = EDGE_LOOP('',(#17600,#17601,#17602,#17608));
#17600 = ORIENTED_EDGE('',*,*,#17569,.T.);
#17601 = ORIENTED_EDGE('',*,*,#9182,.T.);
#17602 = ORIENTED_EDGE('',*,*,#17603,.F.);
#17603 = EDGE_CURVE('',#4203,#9175,#17604,.T.);
#17604 = LINE('',#17605,#17606);
#17605 = CARTESIAN_POINT('',(89.5125,-91.949647,0.));
#17606 = VECTOR('',#17607,1.);
#17607 = DIRECTION('',(0.,0.,1.));
#17608 = ORIENTED_EDGE('',*,*,#4210,.F.);
#17609 = CYLINDRICAL_SURFACE('',#17610,0.299991600078);
#17610 = AXIS2_PLACEMENT_3D('',#17611,#17612,#17613);
#17611 = CARTESIAN_POINT('',(89.212508399935,-91.94964428203,0.));
#17612 = DIRECTION('',(0.,0.,-1.));
#17613 = DIRECTION('',(0.853549232709,0.521012195004,0.));
#17614 = ADVANCED_FACE('',(#17615),#17626,.T.);
#17615 = FACE_BOUND('',#17616,.T.);
#17616 = EDGE_LOOP('',(#17617,#17623,#17624,#17625));
#17617 = ORIENTED_EDGE('',*,*,#17618,.T.);
#17618 = EDGE_CURVE('',#4152,#9124,#17619,.T.);
#17619 = LINE('',#17620,#17621);
#17620 = CARTESIAN_POINT('',(91.2125,-94.15,0.));
#17621 = VECTOR('',#17622,1.);
#17622 = DIRECTION('',(0.,0.,1.));
#17623 = ORIENTED_EDGE('',*,*,#9123,.T.);
#17624 = ORIENTED_EDGE('',*,*,#17584,.F.);
#17625 = ORIENTED_EDGE('',*,*,#4151,.F.);
#17626 = PLANE('',#17627);
#17627 = AXIS2_PLACEMENT_3D('',#17628,#17629,#17630);
#17628 = CARTESIAN_POINT('',(91.2125,-94.15,0.));
#17629 = DIRECTION('',(0.,1.,0.));
#17630 = DIRECTION('',(1.,0.,0.));
#17631 = ADVANCED_FACE('',(#17632),#17643,.T.);
#17632 = FACE_BOUND('',#17633,.T.);
#17633 = EDGE_LOOP('',(#17634,#17635,#17636,#17642));
#17634 = ORIENTED_EDGE('',*,*,#17603,.T.);
#17635 = ORIENTED_EDGE('',*,*,#9174,.T.);
#17636 = ORIENTED_EDGE('',*,*,#17637,.F.);
#17637 = EDGE_CURVE('',#4195,#9167,#17638,.T.);
#17638 = LINE('',#17639,#17640);
#17639 = CARTESIAN_POINT('',(89.5125,-92.65,0.));
#17640 = VECTOR('',#17641,1.);
#17641 = DIRECTION('',(0.,0.,1.));
#17642 = ORIENTED_EDGE('',*,*,#4202,.F.);
#17643 = PLANE('',#17644);
#17644 = AXIS2_PLACEMENT_3D('',#17645,#17646,#17647);
#17645 = CARTESIAN_POINT('',(89.5125,-91.949647,0.));
#17646 = DIRECTION('',(1.,0.,-0.));
#17647 = DIRECTION('',(0.,-1.,0.));
#17648 = ADVANCED_FACE('',(#17649),#17660,.T.);
#17649 = FACE_BOUND('',#17650,.T.);
#17650 = EDGE_LOOP('',(#17651,#17657,#17658,#17659));
#17651 = ORIENTED_EDGE('',*,*,#17652,.T.);
#17652 = EDGE_CURVE('',#4160,#9132,#17653,.T.);
#17653 = LINE('',#17654,#17655);
#17654 = CARTESIAN_POINT('',(90.312147,-94.15,0.));
#17655 = VECTOR('',#17656,1.);
#17656 = DIRECTION('',(0.,0.,1.));
#17657 = ORIENTED_EDGE('',*,*,#9131,.T.);
#17658 = ORIENTED_EDGE('',*,*,#17618,.F.);
#17659 = ORIENTED_EDGE('',*,*,#4159,.F.);
#17660 = PLANE('',#17661);
#17661 = AXIS2_PLACEMENT_3D('',#17662,#17663,#17664);
#17662 = CARTESIAN_POINT('',(90.312147,-94.15,0.));
#17663 = DIRECTION('',(0.,1.,0.));
#17664 = DIRECTION('',(1.,0.,0.));
#17665 = ADVANCED_FACE('',(#17666),#17677,.T.);
#17666 = FACE_BOUND('',#17667,.T.);
#17667 = EDGE_LOOP('',(#17668,#17669,#17670,#17676));
#17668 = ORIENTED_EDGE('',*,*,#17637,.T.);
#17669 = ORIENTED_EDGE('',*,*,#9166,.T.);
#17670 = ORIENTED_EDGE('',*,*,#17671,.F.);
#17671 = EDGE_CURVE('',#4186,#9158,#17672,.T.);
#17672 = LINE('',#17673,#17674);
#17673 = CARTESIAN_POINT('',(89.5125,-93.350353,0.));
#17674 = VECTOR('',#17675,1.);
#17675 = DIRECTION('',(0.,0.,1.));
#17676 = ORIENTED_EDGE('',*,*,#4194,.F.);
#17677 = PLANE('',#17678);
#17678 = AXIS2_PLACEMENT_3D('',#17679,#17680,#17681);
#17679 = CARTESIAN_POINT('',(89.5125,-92.65,0.));
#17680 = DIRECTION('',(1.,0.,-0.));
#17681 = DIRECTION('',(0.,-1.,0.));
#17682 = ADVANCED_FACE('',(#17683),#17694,.T.);
#17683 = FACE_BOUND('',#17684,.T.);
#17684 = EDGE_LOOP('',(#17685,#17691,#17692,#17693));
#17685 = ORIENTED_EDGE('',*,*,#17686,.T.);
#17686 = EDGE_CURVE('',#4168,#9140,#17687,.T.);
#17687 = LINE('',#17688,#17689);
#17688 = CARTESIAN_POINT('',(90.155845,-94.193934,0.));
#17689 = VECTOR('',#17690,1.);
#17690 = DIRECTION('',(0.,0.,1.));
#17691 = ORIENTED_EDGE('',*,*,#9139,.T.);
#17692 = ORIENTED_EDGE('',*,*,#17652,.F.);
#17693 = ORIENTED_EDGE('',*,*,#4167,.F.);
#17694 = CYLINDRICAL_SURFACE('',#17695,0.299991600078);
#17695 = AXIS2_PLACEMENT_3D('',#17696,#17697,#17698);
#17696 = CARTESIAN_POINT('',(90.312144282039,-94.44999160006,0.));
#17697 = DIRECTION('',(0.,0.,-1.));
#17698 = DIRECTION('',(-0.521012195004,0.853549232709,0.));
#17699 = ADVANCED_FACE('',(#17700),#17711,.T.);
#17700 = FACE_BOUND('',#17701,.T.);
#17701 = EDGE_LOOP('',(#17702,#17703,#17704,#17710));
#17702 = ORIENTED_EDGE('',*,*,#17671,.T.);
#17703 = ORIENTED_EDGE('',*,*,#9157,.T.);
#17704 = ORIENTED_EDGE('',*,*,#17705,.F.);
#17705 = EDGE_CURVE('',#4177,#9149,#17706,.T.);
#17706 = LINE('',#17707,#17708);
#17707 = CARTESIAN_POINT('',(89.468566,-93.506655,0.));
#17708 = VECTOR('',#17709,1.);
#17709 = DIRECTION('',(0.,0.,1.));
#17710 = ORIENTED_EDGE('',*,*,#4185,.F.);
#17711 = CYLINDRICAL_SURFACE('',#17712,0.299991600078);
#17712 = AXIS2_PLACEMENT_3D('',#17713,#17714,#17715);
#17713 = CARTESIAN_POINT('',(89.212508399935,-93.35035571796,0.));
#17714 = DIRECTION('',(0.,0.,-1.));
#17715 = DIRECTION('',(0.999999999959,9.0601233356E-06,0.));
#17716 = ADVANCED_FACE('',(#17717),#17723,.F.);
#17717 = FACE_BOUND('',#17718,.T.);
#17718 = EDGE_LOOP('',(#17719,#17720,#17721,#17722));
#17719 = ORIENTED_EDGE('',*,*,#17705,.T.);
#17720 = ORIENTED_EDGE('',*,*,#9148,.T.);
#17721 = ORIENTED_EDGE('',*,*,#17686,.F.);
#17722 = ORIENTED_EDGE('',*,*,#4176,.F.);
#17723 = CYLINDRICAL_SURFACE('',#17724,0.499999603944);
#17724 = AXIS2_PLACEMENT_3D('',#17725,#17726,#17727);
#17725 = CARTESIAN_POINT('',(89.89534211054,-93.76715788946,0.));
#17726 = DIRECTION('',(-0.,-0.,-1.));
#17727 = DIRECTION('',(-0.853552897188,0.521006191616,0.));
#17728 = ADVANCED_FACE('',(#17729),#17740,.F.);
#17729 = FACE_BOUND('',#17730,.T.);
#17730 = EDGE_LOOP('',(#17731,#17732,#17738,#17739));
#17731 = ORIENTED_EDGE('',*,*,#4262,.T.);
#17732 = ORIENTED_EDGE('',*,*,#17733,.T.);
#17733 = EDGE_CURVE('',#4263,#9235,#17734,.T.);
#17734 = LINE('',#17735,#17736);
#17735 = CARTESIAN_POINT('',(91.2125,-89.57,-4.6E-02));
#17736 = VECTOR('',#17737,1.);
#17737 = DIRECTION('',(0.,0.,1.));
#17738 = ORIENTED_EDGE('',*,*,#9234,.F.);
#17739 = ORIENTED_EDGE('',*,*,#17733,.F.);
#17740 = CYLINDRICAL_SURFACE('',#17741,2.);
#17741 = AXIS2_PLACEMENT_3D('',#17742,#17743,#17744);
#17742 = CARTESIAN_POINT('',(91.2125,-87.57,-4.6E-02));
#17743 = DIRECTION('',(-0.,-0.,-1.));
#17744 = DIRECTION('',(-0.,-1.,0.));
#17745 = ADVANCED_FACE('',(#17746),#17757,.F.);
#17746 = FACE_BOUND('',#17747,.T.);
#17747 = EDGE_LOOP('',(#17748,#17749,#17755,#17756));
#17748 = ORIENTED_EDGE('',*,*,#4273,.T.);
#17749 = ORIENTED_EDGE('',*,*,#17750,.T.);
#17750 = EDGE_CURVE('',#4274,#9246,#17751,.T.);
#17751 = LINE('',#17752,#17753);
#17752 = CARTESIAN_POINT('',(96.2925,-88.445,-4.6E-02));
#17753 = VECTOR('',#17754,1.);
#17754 = DIRECTION('',(0.,0.,1.));
#17755 = ORIENTED_EDGE('',*,*,#9245,.F.);
#17756 = ORIENTED_EDGE('',*,*,#17750,.F.);
#17757 = CYLINDRICAL_SURFACE('',#17758,0.875);
#17758 = AXIS2_PLACEMENT_3D('',#17759,#17760,#17761);
#17759 = CARTESIAN_POINT('',(96.2925,-87.57,-4.6E-02));
#17760 = DIRECTION('',(-0.,-0.,-1.));
#17761 = DIRECTION('',(-0.,-1.,0.));
#17762 = ADVANCED_FACE('',(#17763),#17774,.F.);
#17763 = FACE_BOUND('',#17764,.T.);
#17764 = EDGE_LOOP('',(#17765,#17766,#17772,#17773));
#17765 = ORIENTED_EDGE('',*,*,#4284,.T.);
#17766 = ORIENTED_EDGE('',*,*,#17767,.T.);
#17767 = EDGE_CURVE('',#4285,#9257,#17768,.T.);
#17768 = LINE('',#17769,#17770);
#17769 = CARTESIAN_POINT('',(87.4025,-86.555,-4.6E-02));
#17770 = VECTOR('',#17771,1.);
#17771 = DIRECTION('',(0.,0.,1.));
#17772 = ORIENTED_EDGE('',*,*,#9256,.F.);
#17773 = ORIENTED_EDGE('',*,*,#17767,.F.);
#17774 = CYLINDRICAL_SURFACE('',#17775,1.525);
#17775 = AXIS2_PLACEMENT_3D('',#17776,#17777,#17778);
#17776 = CARTESIAN_POINT('',(87.4025,-85.03,-4.6E-02));
#17777 = DIRECTION('',(-0.,-0.,-1.));
#17778 = DIRECTION('',(-0.,-1.,0.));
#17779 = ADVANCED_FACE('',(#17780),#17796,.F.);
#17780 = FACE_BOUND('',#17781,.T.);
#17781 = EDGE_LOOP('',(#17782,#17788,#17789,#17795));
#17782 = ORIENTED_EDGE('',*,*,#17783,.T.);
#17783 = EDGE_CURVE('',#4296,#9268,#17784,.T.);
#17784 = LINE('',#17785,#17786);
#17785 = CARTESIAN_POINT('',(92.956434,-72.743345,0.));
#17786 = VECTOR('',#17787,1.);
#17787 = DIRECTION('',(0.,0.,1.));
#17788 = ORIENTED_EDGE('',*,*,#9267,.T.);
#17789 = ORIENTED_EDGE('',*,*,#17790,.F.);
#17790 = EDGE_CURVE('',#4298,#9270,#17791,.T.);
#17791 = LINE('',#17792,#17793);
#17792 = CARTESIAN_POINT('',(92.269155,-72.056066,0.));
#17793 = VECTOR('',#17794,1.);
#17794 = DIRECTION('',(0.,0.,1.));
#17795 = ORIENTED_EDGE('',*,*,#4295,.F.);
#17796 = CYLINDRICAL_SURFACE('',#17797,0.499999603944);
#17797 = AXIS2_PLACEMENT_3D('',#17798,#17799,#17800);
#17798 = CARTESIAN_POINT('',(92.52965788946,-72.48284211054,0.));
#17799 = DIRECTION('',(-0.,-0.,-1.));
#17800 = DIRECTION('',(0.853552897188,-0.521006191616,0.));
#17801 = ADVANCED_FACE('',(#17802),#17813,.T.);
#17802 = FACE_BOUND('',#17803,.T.);
#17803 = EDGE_LOOP('',(#17804,#17810,#17811,#17812));
#17804 = ORIENTED_EDGE('',*,*,#17805,.T.);
#17805 = EDGE_CURVE('',#4307,#9279,#17806,.T.);
#17806 = LINE('',#17807,#17808);
#17807 = CARTESIAN_POINT('',(92.9125,-72.899647,0.));
#17808 = VECTOR('',#17809,1.);
#17809 = DIRECTION('',(0.,0.,1.));
#17810 = ORIENTED_EDGE('',*,*,#9278,.T.);
#17811 = ORIENTED_EDGE('',*,*,#17783,.F.);
#17812 = ORIENTED_EDGE('',*,*,#4306,.F.);
#17813 = CYLINDRICAL_SURFACE('',#17814,0.299683785035);
#17814 = AXIS2_PLACEMENT_3D('',#17815,#17816,#17817);
#17815 = CARTESIAN_POINT('',(93.212183771747,-72.8995577564,0.));
#17816 = DIRECTION('',(0.,0.,-1.));
#17817 = DIRECTION('',(-0.99999995566,-2.977925314543E-04,-0.));
#17818 = ADVANCED_FACE('',(#17819),#17830,.T.);
#17819 = FACE_BOUND('',#17820,.T.);
#17820 = EDGE_LOOP('',(#17821,#17822,#17823,#17829));
#17821 = ORIENTED_EDGE('',*,*,#17790,.T.);
#17822 = ORIENTED_EDGE('',*,*,#9432,.T.);
#17823 = ORIENTED_EDGE('',*,*,#17824,.F.);
#17824 = EDGE_CURVE('',#4453,#9425,#17825,.T.);
#17825 = LINE('',#17826,#17827);
#17826 = CARTESIAN_POINT('',(92.112853,-72.1,0.));
#17827 = VECTOR('',#17828,1.);
#17828 = DIRECTION('',(0.,0.,1.));
#17829 = ORIENTED_EDGE('',*,*,#4460,.F.);
#17830 = CYLINDRICAL_SURFACE('',#17831,0.299966762338);
#17831 = AXIS2_PLACEMENT_3D('',#17832,#17833,#17834);
#17832 = CARTESIAN_POINT('',(92.112862699494,-71.80003323781,0.));
#17833 = DIRECTION('',(0.,0.,-1.));
#17834 = DIRECTION('',(0.521032061311,-0.853537105863,0.));
#17835 = ADVANCED_FACE('',(#17836),#17847,.T.);
#17836 = FACE_BOUND('',#17837,.T.);
#17837 = EDGE_LOOP('',(#17838,#17844,#17845,#17846));
#17838 = ORIENTED_EDGE('',*,*,#17839,.T.);
#17839 = EDGE_CURVE('',#4316,#9288,#17840,.T.);
#17840 = LINE('',#17841,#17842);
#17841 = CARTESIAN_POINT('',(92.9125,-73.6,0.));
#17842 = VECTOR('',#17843,1.);
#17843 = DIRECTION('',(0.,0.,1.));
#17844 = ORIENTED_EDGE('',*,*,#9287,.T.);
#17845 = ORIENTED_EDGE('',*,*,#17805,.F.);
#17846 = ORIENTED_EDGE('',*,*,#4315,.F.);
#17847 = PLANE('',#17848);
#17848 = AXIS2_PLACEMENT_3D('',#17849,#17850,#17851);
#17849 = CARTESIAN_POINT('',(92.9125,-73.6,0.));
#17850 = DIRECTION('',(-1.,0.,0.));
#17851 = DIRECTION('',(0.,1.,0.));
#17852 = ADVANCED_FACE('',(#17853),#17864,.T.);
#17853 = FACE_BOUND('',#17854,.T.);
#17854 = EDGE_LOOP('',(#17855,#17856,#17857,#17863));
#17855 = ORIENTED_EDGE('',*,*,#17824,.T.);
#17856 = ORIENTED_EDGE('',*,*,#9424,.T.);
#17857 = ORIENTED_EDGE('',*,*,#17858,.F.);
#17858 = EDGE_CURVE('',#4445,#9417,#17859,.T.);
#17859 = LINE('',#17860,#17861);
#17860 = CARTESIAN_POINT('',(91.2125,-72.1,0.));
#17861 = VECTOR('',#17862,1.);
#17862 = DIRECTION('',(0.,0.,1.));
#17863 = ORIENTED_EDGE('',*,*,#4452,.F.);
#17864 = PLANE('',#17865);
#17865 = AXIS2_PLACEMENT_3D('',#17866,#17867,#17868);
#17866 = CARTESIAN_POINT('',(92.112853,-72.1,0.));
#17867 = DIRECTION('',(0.,-1.,0.));
#17868 = DIRECTION('',(-1.,0.,0.));
#17869 = ADVANCED_FACE('',(#17870),#17881,.T.);
#17870 = FACE_BOUND('',#17871,.T.);
#17871 = EDGE_LOOP('',(#17872,#17878,#17879,#17880));
#17872 = ORIENTED_EDGE('',*,*,#17873,.T.);
#17873 = EDGE_CURVE('',#4324,#9296,#17874,.T.);
#17874 = LINE('',#17875,#17876);
#17875 = CARTESIAN_POINT('',(92.9125,-74.300353,0.));
#17876 = VECTOR('',#17877,1.);
#17877 = DIRECTION('',(0.,0.,1.));
#17878 = ORIENTED_EDGE('',*,*,#9295,.T.);
#17879 = ORIENTED_EDGE('',*,*,#17839,.F.);
#17880 = ORIENTED_EDGE('',*,*,#4323,.F.);
#17881 = PLANE('',#17882);
#17882 = AXIS2_PLACEMENT_3D('',#17883,#17884,#17885);
#17883 = CARTESIAN_POINT('',(92.9125,-74.300353,0.));
#17884 = DIRECTION('',(-1.,0.,0.));
#17885 = DIRECTION('',(0.,1.,0.));
#17886 = ADVANCED_FACE('',(#17887),#17898,.T.);
#17887 = FACE_BOUND('',#17888,.T.);
#17888 = EDGE_LOOP('',(#17889,#17890,#17891,#17897));
#17889 = ORIENTED_EDGE('',*,*,#17858,.T.);
#17890 = ORIENTED_EDGE('',*,*,#9416,.T.);
#17891 = ORIENTED_EDGE('',*,*,#17892,.F.);
#17892 = EDGE_CURVE('',#4436,#9408,#17893,.T.);
#17893 = LINE('',#17894,#17895);
#17894 = CARTESIAN_POINT('',(90.312147,-72.1,0.));
#17895 = VECTOR('',#17896,1.);
#17896 = DIRECTION('',(0.,0.,1.));
#17897 = ORIENTED_EDGE('',*,*,#4444,.F.);
#17898 = PLANE('',#17899);
#17899 = AXIS2_PLACEMENT_3D('',#17900,#17901,#17902);
#17900 = CARTESIAN_POINT('',(91.2125,-72.1,0.));
#17901 = DIRECTION('',(0.,-1.,0.));
#17902 = DIRECTION('',(-1.,0.,0.));
#17903 = ADVANCED_FACE('',(#17904),#17915,.T.);
#17904 = FACE_BOUND('',#17905,.T.);
#17905 = EDGE_LOOP('',(#17906,#17912,#17913,#17914));
#17906 = ORIENTED_EDGE('',*,*,#17907,.T.);
#17907 = EDGE_CURVE('',#4332,#9304,#17908,.T.);
#17908 = LINE('',#17909,#17910);
#17909 = CARTESIAN_POINT('',(92.956434,-74.456655,0.));
#17910 = VECTOR('',#17911,1.);
#17911 = DIRECTION('',(0.,0.,1.));
#17912 = ORIENTED_EDGE('',*,*,#9303,.T.);
#17913 = ORIENTED_EDGE('',*,*,#17873,.F.);
#17914 = ORIENTED_EDGE('',*,*,#4331,.F.);
#17915 = CYLINDRICAL_SURFACE('',#17916,0.299966762338);
#17916 = AXIS2_PLACEMENT_3D('',#17917,#17918,#17919);
#17917 = CARTESIAN_POINT('',(93.212466762182,-74.30036269949,0.));
#17918 = DIRECTION('',(0.,0.,-1.));
#17919 = DIRECTION('',(-0.853537105864,-0.521032061311,-0.));
#17920 = ADVANCED_FACE('',(#17921),#17932,.T.);
#17921 = FACE_BOUND('',#17922,.T.);
#17922 = EDGE_LOOP('',(#17923,#17924,#17925,#17931));
#17923 = ORIENTED_EDGE('',*,*,#17892,.T.);
#17924 = ORIENTED_EDGE('',*,*,#9407,.T.);
#17925 = ORIENTED_EDGE('',*,*,#17926,.F.);
#17926 = EDGE_CURVE('',#4427,#9399,#17927,.T.);
#17927 = LINE('',#17928,#17929);
#17928 = CARTESIAN_POINT('',(90.155845,-72.056066,0.));
#17929 = VECTOR('',#17930,1.);
#17930 = DIRECTION('',(0.,0.,1.));
#17931 = ORIENTED_EDGE('',*,*,#4435,.F.);
#17932 = CYLINDRICAL_SURFACE('',#17933,0.299991600078);
#17933 = AXIS2_PLACEMENT_3D('',#17934,#17935,#17936);
#17934 = CARTESIAN_POINT('',(90.312144282039,-71.80000839993,0.));
#17935 = DIRECTION('',(0.,0.,-1.));
#17936 = DIRECTION('',(9.060123525087E-06,-0.999999999959,0.));
#17937 = ADVANCED_FACE('',(#17938),#17949,.F.);
#17938 = FACE_BOUND('',#17939,.T.);
#17939 = EDGE_LOOP('',(#17940,#17946,#17947,#17948));
#17940 = ORIENTED_EDGE('',*,*,#17941,.T.);
#17941 = EDGE_CURVE('',#4341,#9313,#17942,.T.);
#17942 = LINE('',#17943,#17944);
#17943 = CARTESIAN_POINT('',(92.269155,-75.143934,0.));
#17944 = VECTOR('',#17945,1.);
#17945 = DIRECTION('',(0.,0.,1.));
#17946 = ORIENTED_EDGE('',*,*,#9312,.T.);
#17947 = ORIENTED_EDGE('',*,*,#17907,.F.);
#17948 = ORIENTED_EDGE('',*,*,#4340,.F.);
#17949 = CYLINDRICAL_SURFACE('',#17950,0.499998734392);
#17950 = AXIS2_PLACEMENT_3D('',#17951,#17952,#17953);
#17951 = CARTESIAN_POINT('',(92.529660504327,-74.71716050432,0.));
#17952 = DIRECTION('',(-0.,-0.,-1.));
#17953 = DIRECTION('',(-0.521012327448,-0.853549151864,0.));
#17954 = ADVANCED_FACE('',(#17955),#17966,.F.);
#17955 = FACE_BOUND('',#17956,.T.);
#17956 = EDGE_LOOP('',(#17957,#17958,#17959,#17965));
#17957 = ORIENTED_EDGE('',*,*,#17926,.T.);
#17958 = ORIENTED_EDGE('',*,*,#9398,.T.);
#17959 = ORIENTED_EDGE('',*,*,#17960,.F.);
#17960 = EDGE_CURVE('',#4418,#9390,#17961,.T.);
#17961 = LINE('',#17962,#17963);
#17962 = CARTESIAN_POINT('',(89.468566,-72.743345,0.));
#17963 = VECTOR('',#17964,1.);
#17964 = DIRECTION('',(0.,0.,1.));
#17965 = ORIENTED_EDGE('',*,*,#4426,.F.);
#17966 = CYLINDRICAL_SURFACE('',#17967,0.499999603944);
#17967 = AXIS2_PLACEMENT_3D('',#17968,#17969,#17970);
#17968 = CARTESIAN_POINT('',(89.89534211054,-72.48284211054,0.));
#17969 = DIRECTION('',(-0.,-0.,-1.));
#17970 = DIRECTION('',(0.521006191616,0.853552897188,-0.));
#17971 = ADVANCED_FACE('',(#17972),#17983,.T.);
#17972 = FACE_BOUND('',#17973,.T.);
#17973 = EDGE_LOOP('',(#17974,#17980,#17981,#17982));
#17974 = ORIENTED_EDGE('',*,*,#17975,.T.);
#17975 = EDGE_CURVE('',#4350,#9322,#17976,.T.);
#17976 = LINE('',#17977,#17978);
#17977 = CARTESIAN_POINT('',(92.112853,-75.1,0.));
#17978 = VECTOR('',#17979,1.);
#17979 = DIRECTION('',(0.,0.,1.));
#17980 = ORIENTED_EDGE('',*,*,#9321,.T.);
#17981 = ORIENTED_EDGE('',*,*,#17941,.F.);
#17982 = ORIENTED_EDGE('',*,*,#4349,.F.);
#17983 = CYLINDRICAL_SURFACE('',#17984,0.300023425677);
#17984 = AXIS2_PLACEMENT_3D('',#17985,#17986,#17987);
#17985 = CARTESIAN_POINT('',(92.112846772307,-75.40002342561,0.));
#17986 = DIRECTION('',(0.,0.,-1.));
#17987 = DIRECTION('',(2.075735531735E-05,0.999999999785,0.));
#17988 = ADVANCED_FACE('',(#17989),#18000,.T.);
#17989 = FACE_BOUND('',#17990,.T.);
#17990 = EDGE_LOOP('',(#17991,#17992,#17993,#17999));
#17991 = ORIENTED_EDGE('',*,*,#17960,.T.);
#17992 = ORIENTED_EDGE('',*,*,#9389,.T.);
#17993 = ORIENTED_EDGE('',*,*,#17994,.F.);
#17994 = EDGE_CURVE('',#4410,#9382,#17995,.T.);
#17995 = LINE('',#17996,#17997);
#17996 = CARTESIAN_POINT('',(89.5125,-72.899647,0.));
#17997 = VECTOR('',#17998,1.);
#17998 = DIRECTION('',(0.,0.,1.));
#17999 = ORIENTED_EDGE('',*,*,#4417,.F.);
#18000 = CYLINDRICAL_SURFACE('',#18001,0.299991600078);
#18001 = AXIS2_PLACEMENT_3D('',#18002,#18003,#18004);
#18002 = CARTESIAN_POINT('',(89.212508399935,-72.89964428203,0.));
#18003 = DIRECTION('',(0.,0.,-1.));
#18004 = DIRECTION('',(0.853549232709,0.521012195003,0.));
#18005 = ADVANCED_FACE('',(#18006),#18017,.T.);
#18006 = FACE_BOUND('',#18007,.T.);
#18007 = EDGE_LOOP('',(#18008,#18014,#18015,#18016));
#18008 = ORIENTED_EDGE('',*,*,#18009,.T.);
#18009 = EDGE_CURVE('',#4359,#9331,#18010,.T.);
#18010 = LINE('',#18011,#18012);
#18011 = CARTESIAN_POINT('',(91.2125,-75.1,0.));
#18012 = VECTOR('',#18013,1.);
#18013 = DIRECTION('',(0.,0.,1.));
#18014 = ORIENTED_EDGE('',*,*,#9330,.T.);
#18015 = ORIENTED_EDGE('',*,*,#17975,.F.);
#18016 = ORIENTED_EDGE('',*,*,#4358,.F.);
#18017 = PLANE('',#18018);
#18018 = AXIS2_PLACEMENT_3D('',#18019,#18020,#18021);
#18019 = CARTESIAN_POINT('',(91.2125,-75.1,0.));
#18020 = DIRECTION('',(0.,1.,0.));
#18021 = DIRECTION('',(1.,0.,0.));
#18022 = ADVANCED_FACE('',(#18023),#18034,.T.);
#18023 = FACE_BOUND('',#18024,.T.);
#18024 = EDGE_LOOP('',(#18025,#18026,#18027,#18033));
#18025 = ORIENTED_EDGE('',*,*,#17994,.T.);
#18026 = ORIENTED_EDGE('',*,*,#9381,.T.);
#18027 = ORIENTED_EDGE('',*,*,#18028,.F.);
#18028 = EDGE_CURVE('',#4402,#9374,#18029,.T.);
#18029 = LINE('',#18030,#18031);
#18030 = CARTESIAN_POINT('',(89.5125,-73.6,0.));
#18031 = VECTOR('',#18032,1.);
#18032 = DIRECTION('',(0.,0.,1.));
#18033 = ORIENTED_EDGE('',*,*,#4409,.F.);
#18034 = PLANE('',#18035);
#18035 = AXIS2_PLACEMENT_3D('',#18036,#18037,#18038);
#18036 = CARTESIAN_POINT('',(89.5125,-72.899647,0.));
#18037 = DIRECTION('',(1.,0.,-0.));
#18038 = DIRECTION('',(0.,-1.,0.));
#18039 = ADVANCED_FACE('',(#18040),#18051,.T.);
#18040 = FACE_BOUND('',#18041,.T.);
#18041 = EDGE_LOOP('',(#18042,#18048,#18049,#18050));
#18042 = ORIENTED_EDGE('',*,*,#18043,.T.);
#18043 = EDGE_CURVE('',#4367,#9339,#18044,.T.);
#18044 = LINE('',#18045,#18046);
#18045 = CARTESIAN_POINT('',(90.312147,-75.1,0.));
#18046 = VECTOR('',#18047,1.);
#18047 = DIRECTION('',(0.,0.,1.));
#18048 = ORIENTED_EDGE('',*,*,#9338,.T.);
#18049 = ORIENTED_EDGE('',*,*,#18009,.F.);
#18050 = ORIENTED_EDGE('',*,*,#4366,.F.);
#18051 = PLANE('',#18052);
#18052 = AXIS2_PLACEMENT_3D('',#18053,#18054,#18055);
#18053 = CARTESIAN_POINT('',(90.312147,-75.1,0.));
#18054 = DIRECTION('',(0.,1.,0.));
#18055 = DIRECTION('',(1.,0.,0.));
#18056 = ADVANCED_FACE('',(#18057),#18068,.T.);
#18057 = FACE_BOUND('',#18058,.T.);
#18058 = EDGE_LOOP('',(#18059,#18060,#18061,#18067));
#18059 = ORIENTED_EDGE('',*,*,#18028,.T.);
#18060 = ORIENTED_EDGE('',*,*,#9373,.T.);
#18061 = ORIENTED_EDGE('',*,*,#18062,.F.);
#18062 = EDGE_CURVE('',#4393,#9365,#18063,.T.);
#18063 = LINE('',#18064,#18065);
#18064 = CARTESIAN_POINT('',(89.5125,-74.300353,0.));
#18065 = VECTOR('',#18066,1.);
#18066 = DIRECTION('',(0.,0.,1.));
#18067 = ORIENTED_EDGE('',*,*,#4401,.F.);
#18068 = PLANE('',#18069);
#18069 = AXIS2_PLACEMENT_3D('',#18070,#18071,#18072);
#18070 = CARTESIAN_POINT('',(89.5125,-73.6,0.));
#18071 = DIRECTION('',(1.,0.,-0.));
#18072 = DIRECTION('',(0.,-1.,0.));
#18073 = ADVANCED_FACE('',(#18074),#18085,.T.);
#18074 = FACE_BOUND('',#18075,.T.);
#18075 = EDGE_LOOP('',(#18076,#18082,#18083,#18084));
#18076 = ORIENTED_EDGE('',*,*,#18077,.T.);
#18077 = EDGE_CURVE('',#4375,#9347,#18078,.T.);
#18078 = LINE('',#18079,#18080);
#18079 = CARTESIAN_POINT('',(90.155845,-75.143934,0.));
#18080 = VECTOR('',#18081,1.);
#18081 = DIRECTION('',(0.,0.,1.));
#18082 = ORIENTED_EDGE('',*,*,#9346,.T.);
#18083 = ORIENTED_EDGE('',*,*,#18043,.F.);
#18084 = ORIENTED_EDGE('',*,*,#4374,.F.);
#18085 = CYLINDRICAL_SURFACE('',#18086,0.299991600078);
#18086 = AXIS2_PLACEMENT_3D('',#18087,#18088,#18089);
#18087 = CARTESIAN_POINT('',(90.312144282039,-75.39999160006,0.));
#18088 = DIRECTION('',(0.,0.,-1.));
#18089 = DIRECTION('',(-0.521012195003,0.853549232709,0.));
#18090 = ADVANCED_FACE('',(#18091),#18102,.T.);
#18091 = FACE_BOUND('',#18092,.T.);
#18092 = EDGE_LOOP('',(#18093,#18094,#18095,#18101));
#18093 = ORIENTED_EDGE('',*,*,#18062,.T.);
#18094 = ORIENTED_EDGE('',*,*,#9364,.T.);
#18095 = ORIENTED_EDGE('',*,*,#18096,.F.);
#18096 = EDGE_CURVE('',#4384,#9356,#18097,.T.);
#18097 = LINE('',#18098,#18099);
#18098 = CARTESIAN_POINT('',(89.468566,-74.456655,0.));
#18099 = VECTOR('',#18100,1.);
#18100 = DIRECTION('',(0.,0.,1.));
#18101 = ORIENTED_EDGE('',*,*,#4392,.F.);
#18102 = CYLINDRICAL_SURFACE('',#18103,0.299991600078);
#18103 = AXIS2_PLACEMENT_3D('',#18104,#18105,#18106);
#18104 = CARTESIAN_POINT('',(89.212508399935,-74.30035571796,0.));
#18105 = DIRECTION('',(0.,0.,-1.));
#18106 = DIRECTION('',(0.999999999959,9.060123382972E-06,0.));
#18107 = ADVANCED_FACE('',(#18108),#18114,.F.);
#18108 = FACE_BOUND('',#18109,.T.);
#18109 = EDGE_LOOP('',(#18110,#18111,#18112,#18113));
#18110 = ORIENTED_EDGE('',*,*,#18096,.T.);
#18111 = ORIENTED_EDGE('',*,*,#9355,.T.);
#18112 = ORIENTED_EDGE('',*,*,#18077,.F.);
#18113 = ORIENTED_EDGE('',*,*,#4383,.F.);
#18114 = CYLINDRICAL_SURFACE('',#18115,0.499999603944);
#18115 = AXIS2_PLACEMENT_3D('',#18116,#18117,#18118);
#18116 = CARTESIAN_POINT('',(89.89534211054,-74.71715788946,0.));
#18117 = DIRECTION('',(-0.,-0.,-1.));
#18118 = DIRECTION('',(-0.853552897188,0.521006191616,0.));
#18119 = ADVANCED_FACE('',(#18120),#18131,.F.);
#18120 = FACE_BOUND('',#18121,.T.);
#18121 = EDGE_LOOP('',(#18122,#18123,#18129,#18130));
#18122 = ORIENTED_EDGE('',*,*,#4469,.T.);
#18123 = ORIENTED_EDGE('',*,*,#18124,.T.);
#18124 = EDGE_CURVE('',#4470,#9442,#18125,.T.);
#18125 = LINE('',#18126,#18127);
#18126 = CARTESIAN_POINT('',(93.7525,-84.015,-4.6E-02));
#18127 = VECTOR('',#18128,1.);
#18128 = DIRECTION('',(0.,0.,1.));
#18129 = ORIENTED_EDGE('',*,*,#9441,.F.);
#18130 = ORIENTED_EDGE('',*,*,#18124,.F.);
#18131 = CYLINDRICAL_SURFACE('',#18132,1.525);
#18132 = AXIS2_PLACEMENT_3D('',#18133,#18134,#18135);
#18133 = CARTESIAN_POINT('',(93.7525,-82.49,-4.6E-02));
#18134 = DIRECTION('',(-0.,-0.,-1.));
#18135 = DIRECTION('',(-0.,-1.,0.));
#18136 = ADVANCED_FACE('',(#18137),#18148,.F.);
#18137 = FACE_BOUND('',#18138,.T.);
#18138 = EDGE_LOOP('',(#18139,#18140,#18146,#18147));
#18139 = ORIENTED_EDGE('',*,*,#4480,.T.);
#18140 = ORIENTED_EDGE('',*,*,#18141,.T.);
#18141 = EDGE_CURVE('',#4481,#9453,#18142,.T.);
#18142 = LINE('',#18143,#18144);
#18143 = CARTESIAN_POINT('',(105.1825,-88.445,-4.6E-02));
#18144 = VECTOR('',#18145,1.);
#18145 = DIRECTION('',(0.,0.,1.));
#18146 = ORIENTED_EDGE('',*,*,#9452,.F.);
#18147 = ORIENTED_EDGE('',*,*,#18141,.F.);
#18148 = CYLINDRICAL_SURFACE('',#18149,0.875);
#18149 = AXIS2_PLACEMENT_3D('',#18150,#18151,#18152);
#18150 = CARTESIAN_POINT('',(105.1825,-87.57,-4.6E-02));
#18151 = DIRECTION('',(-0.,-0.,-1.));
#18152 = DIRECTION('',(-0.,-1.,0.));
#18153 = ADVANCED_FACE('',(#18154),#18170,.F.);
#18154 = FACE_BOUND('',#18155,.T.);
#18155 = EDGE_LOOP('',(#18156,#18162,#18163,#18169));
#18156 = ORIENTED_EDGE('',*,*,#18157,.T.);
#18157 = EDGE_CURVE('',#4492,#9464,#18158,.T.);
#18158 = LINE('',#18159,#18160);
#18159 = CARTESIAN_POINT('',(112.006434,-91.793345,0.));
#18160 = VECTOR('',#18161,1.);
#18161 = DIRECTION('',(0.,0.,1.));
#18162 = ORIENTED_EDGE('',*,*,#9463,.T.);
#18163 = ORIENTED_EDGE('',*,*,#18164,.F.);
#18164 = EDGE_CURVE('',#4494,#9466,#18165,.T.);
#18165 = LINE('',#18166,#18167);
#18166 = CARTESIAN_POINT('',(111.319155,-91.106066,0.));
#18167 = VECTOR('',#18168,1.);
#18168 = DIRECTION('',(0.,0.,1.));
#18169 = ORIENTED_EDGE('',*,*,#4491,.F.);
#18170 = CYLINDRICAL_SURFACE('',#18171,0.499999603944);
#18171 = AXIS2_PLACEMENT_3D('',#18172,#18173,#18174);
#18172 = CARTESIAN_POINT('',(111.57965788946,-91.53284211054,0.));
#18173 = DIRECTION('',(-0.,-0.,-1.));
#18174 = DIRECTION('',(0.853552897188,-0.521006191616,0.));
#18175 = ADVANCED_FACE('',(#18176),#18187,.T.);
#18176 = FACE_BOUND('',#18177,.T.);
#18177 = EDGE_LOOP('',(#18178,#18184,#18185,#18186));
#18178 = ORIENTED_EDGE('',*,*,#18179,.T.);
#18179 = EDGE_CURVE('',#4503,#9475,#18180,.T.);
#18180 = LINE('',#18181,#18182);
#18181 = CARTESIAN_POINT('',(111.9625,-91.949647,0.));
#18182 = VECTOR('',#18183,1.);
#18183 = DIRECTION('',(0.,0.,1.));
#18184 = ORIENTED_EDGE('',*,*,#9474,.T.);
#18185 = ORIENTED_EDGE('',*,*,#18157,.F.);
#18186 = ORIENTED_EDGE('',*,*,#4502,.F.);
#18187 = CYLINDRICAL_SURFACE('',#18188,0.299683785035);
#18188 = AXIS2_PLACEMENT_3D('',#18189,#18190,#18191);
#18189 = CARTESIAN_POINT('',(112.26218377174,-91.9495577564,0.));
#18190 = DIRECTION('',(0.,0.,-1.));
#18191 = DIRECTION('',(-0.99999995566,-2.97792531739E-04,-0.));
#18192 = ADVANCED_FACE('',(#18193),#18204,.T.);
#18193 = FACE_BOUND('',#18194,.T.);
#18194 = EDGE_LOOP('',(#18195,#18196,#18197,#18203));
#18195 = ORIENTED_EDGE('',*,*,#18164,.T.);
#18196 = ORIENTED_EDGE('',*,*,#9628,.T.);
#18197 = ORIENTED_EDGE('',*,*,#18198,.F.);
#18198 = EDGE_CURVE('',#4649,#9621,#18199,.T.);
#18199 = LINE('',#18200,#18201);
#18200 = CARTESIAN_POINT('',(111.162853,-91.15,0.));
#18201 = VECTOR('',#18202,1.);
#18202 = DIRECTION('',(0.,0.,1.));
#18203 = ORIENTED_EDGE('',*,*,#4656,.F.);
#18204 = CYLINDRICAL_SURFACE('',#18205,0.299966762338);
#18205 = AXIS2_PLACEMENT_3D('',#18206,#18207,#18208);
#18206 = CARTESIAN_POINT('',(111.16286269949,-90.85003323781,0.));
#18207 = DIRECTION('',(0.,0.,-1.));
#18208 = DIRECTION('',(0.521032061311,-0.853537105864,0.));
#18209 = ADVANCED_FACE('',(#18210),#18221,.T.);
#18210 = FACE_BOUND('',#18211,.T.);
#18211 = EDGE_LOOP('',(#18212,#18218,#18219,#18220));
#18212 = ORIENTED_EDGE('',*,*,#18213,.T.);
#18213 = EDGE_CURVE('',#4512,#9484,#18214,.T.);
#18214 = LINE('',#18215,#18216);
#18215 = CARTESIAN_POINT('',(111.9625,-92.65,0.));
#18216 = VECTOR('',#18217,1.);
#18217 = DIRECTION('',(0.,0.,1.));
#18218 = ORIENTED_EDGE('',*,*,#9483,.T.);
#18219 = ORIENTED_EDGE('',*,*,#18179,.F.);
#18220 = ORIENTED_EDGE('',*,*,#4511,.F.);
#18221 = PLANE('',#18222);
#18222 = AXIS2_PLACEMENT_3D('',#18223,#18224,#18225);
#18223 = CARTESIAN_POINT('',(111.9625,-92.65,0.));
#18224 = DIRECTION('',(-1.,0.,0.));
#18225 = DIRECTION('',(0.,1.,0.));
#18226 = ADVANCED_FACE('',(#18227),#18238,.T.);
#18227 = FACE_BOUND('',#18228,.T.);
#18228 = EDGE_LOOP('',(#18229,#18230,#18231,#18237));
#18229 = ORIENTED_EDGE('',*,*,#18198,.T.);
#18230 = ORIENTED_EDGE('',*,*,#9620,.T.);
#18231 = ORIENTED_EDGE('',*,*,#18232,.F.);
#18232 = EDGE_CURVE('',#4641,#9613,#18233,.T.);
#18233 = LINE('',#18234,#18235);
#18234 = CARTESIAN_POINT('',(110.2625,-91.15,0.));
#18235 = VECTOR('',#18236,1.);
#18236 = DIRECTION('',(0.,0.,1.));
#18237 = ORIENTED_EDGE('',*,*,#4648,.F.);
#18238 = PLANE('',#18239);
#18239 = AXIS2_PLACEMENT_3D('',#18240,#18241,#18242);
#18240 = CARTESIAN_POINT('',(111.162853,-91.15,0.));
#18241 = DIRECTION('',(0.,-1.,0.));
#18242 = DIRECTION('',(-1.,0.,0.));
#18243 = ADVANCED_FACE('',(#18244),#18255,.T.);
#18244 = FACE_BOUND('',#18245,.T.);
#18245 = EDGE_LOOP('',(#18246,#18252,#18253,#18254));
#18246 = ORIENTED_EDGE('',*,*,#18247,.T.);
#18247 = EDGE_CURVE('',#4520,#9492,#18248,.T.);
#18248 = LINE('',#18249,#18250);
#18249 = CARTESIAN_POINT('',(111.9625,-93.350353,0.));
#18250 = VECTOR('',#18251,1.);
#18251 = DIRECTION('',(0.,0.,1.));
#18252 = ORIENTED_EDGE('',*,*,#9491,.T.);
#18253 = ORIENTED_EDGE('',*,*,#18213,.F.);
#18254 = ORIENTED_EDGE('',*,*,#4519,.F.);
#18255 = PLANE('',#18256);
#18256 = AXIS2_PLACEMENT_3D('',#18257,#18258,#18259);
#18257 = CARTESIAN_POINT('',(111.9625,-93.350353,0.));
#18258 = DIRECTION('',(-1.,0.,0.));
#18259 = DIRECTION('',(0.,1.,0.));
#18260 = ADVANCED_FACE('',(#18261),#18272,.T.);
#18261 = FACE_BOUND('',#18262,.T.);
#18262 = EDGE_LOOP('',(#18263,#18264,#18265,#18271));
#18263 = ORIENTED_EDGE('',*,*,#18232,.T.);
#18264 = ORIENTED_EDGE('',*,*,#9612,.T.);
#18265 = ORIENTED_EDGE('',*,*,#18266,.F.);
#18266 = EDGE_CURVE('',#4632,#9604,#18267,.T.);
#18267 = LINE('',#18268,#18269);
#18268 = CARTESIAN_POINT('',(109.362147,-91.15,0.));
#18269 = VECTOR('',#18270,1.);
#18270 = DIRECTION('',(0.,0.,1.));
#18271 = ORIENTED_EDGE('',*,*,#4640,.F.);
#18272 = PLANE('',#18273);
#18273 = AXIS2_PLACEMENT_3D('',#18274,#18275,#18276);
#18274 = CARTESIAN_POINT('',(110.2625,-91.15,0.));
#18275 = DIRECTION('',(0.,-1.,0.));
#18276 = DIRECTION('',(-1.,0.,0.));
#18277 = ADVANCED_FACE('',(#18278),#18289,.T.);
#18278 = FACE_BOUND('',#18279,.T.);
#18279 = EDGE_LOOP('',(#18280,#18286,#18287,#18288));
#18280 = ORIENTED_EDGE('',*,*,#18281,.T.);
#18281 = EDGE_CURVE('',#4528,#9500,#18282,.T.);
#18282 = LINE('',#18283,#18284);
#18283 = CARTESIAN_POINT('',(112.006434,-93.506655,0.));
#18284 = VECTOR('',#18285,1.);
#18285 = DIRECTION('',(0.,0.,1.));
#18286 = ORIENTED_EDGE('',*,*,#9499,.T.);
#18287 = ORIENTED_EDGE('',*,*,#18247,.F.);
#18288 = ORIENTED_EDGE('',*,*,#4527,.F.);
#18289 = CYLINDRICAL_SURFACE('',#18290,0.299966762338);
#18290 = AXIS2_PLACEMENT_3D('',#18291,#18292,#18293);
#18291 = CARTESIAN_POINT('',(112.26246676218,-93.35036269949,0.));
#18292 = DIRECTION('',(0.,0.,-1.));
#18293 = DIRECTION('',(-0.853537105864,-0.521032061311,-0.));
#18294 = ADVANCED_FACE('',(#18295),#18306,.T.);
#18295 = FACE_BOUND('',#18296,.T.);
#18296 = EDGE_LOOP('',(#18297,#18298,#18299,#18305));
#18297 = ORIENTED_EDGE('',*,*,#18266,.T.);
#18298 = ORIENTED_EDGE('',*,*,#9603,.T.);
#18299 = ORIENTED_EDGE('',*,*,#18300,.F.);
#18300 = EDGE_CURVE('',#4623,#9595,#18301,.T.);
#18301 = LINE('',#18302,#18303);
#18302 = CARTESIAN_POINT('',(109.205845,-91.106066,0.));
#18303 = VECTOR('',#18304,1.);
#18304 = DIRECTION('',(0.,0.,1.));
#18305 = ORIENTED_EDGE('',*,*,#4631,.F.);
#18306 = CYLINDRICAL_SURFACE('',#18307,0.299991600078);
#18307 = AXIS2_PLACEMENT_3D('',#18308,#18309,#18310);
#18308 = CARTESIAN_POINT('',(109.36214428203,-90.85000839993,0.));
#18309 = DIRECTION('',(0.,0.,-1.));
#18310 = DIRECTION('',(9.060123240854E-06,-0.999999999959,0.));
#18311 = ADVANCED_FACE('',(#18312),#18323,.F.);
#18312 = FACE_BOUND('',#18313,.T.);
#18313 = EDGE_LOOP('',(#18314,#18320,#18321,#18322));
#18314 = ORIENTED_EDGE('',*,*,#18315,.T.);
#18315 = EDGE_CURVE('',#4537,#9509,#18316,.T.);
#18316 = LINE('',#18317,#18318);
#18317 = CARTESIAN_POINT('',(111.319155,-94.193934,0.));
#18318 = VECTOR('',#18319,1.);
#18319 = DIRECTION('',(0.,0.,1.));
#18320 = ORIENTED_EDGE('',*,*,#9508,.T.);
#18321 = ORIENTED_EDGE('',*,*,#18281,.F.);
#18322 = ORIENTED_EDGE('',*,*,#4536,.F.);
#18323 = CYLINDRICAL_SURFACE('',#18324,0.499998734392);
#18324 = AXIS2_PLACEMENT_3D('',#18325,#18326,#18327);
#18325 = CARTESIAN_POINT('',(111.57966050432,-93.76716050432,0.));
#18326 = DIRECTION('',(-0.,-0.,-1.));
#18327 = DIRECTION('',(-0.521012327448,-0.853549151864,0.));
#18328 = ADVANCED_FACE('',(#18329),#18340,.F.);
#18329 = FACE_BOUND('',#18330,.T.);
#18330 = EDGE_LOOP('',(#18331,#18332,#18333,#18339));
#18331 = ORIENTED_EDGE('',*,*,#18300,.T.);
#18332 = ORIENTED_EDGE('',*,*,#9594,.T.);
#18333 = ORIENTED_EDGE('',*,*,#18334,.F.);
#18334 = EDGE_CURVE('',#4614,#9586,#18335,.T.);
#18335 = LINE('',#18336,#18337);
#18336 = CARTESIAN_POINT('',(108.518566,-91.793345,0.));
#18337 = VECTOR('',#18338,1.);
#18338 = DIRECTION('',(0.,0.,1.));
#18339 = ORIENTED_EDGE('',*,*,#4622,.F.);
#18340 = CYLINDRICAL_SURFACE('',#18341,0.499999603944);
#18341 = AXIS2_PLACEMENT_3D('',#18342,#18343,#18344);
#18342 = CARTESIAN_POINT('',(108.94534211054,-91.53284211054,0.));
#18343 = DIRECTION('',(-0.,-0.,-1.));
#18344 = DIRECTION('',(0.521006191616,0.853552897188,-0.));
#18345 = ADVANCED_FACE('',(#18346),#18357,.T.);
#18346 = FACE_BOUND('',#18347,.T.);
#18347 = EDGE_LOOP('',(#18348,#18354,#18355,#18356));
#18348 = ORIENTED_EDGE('',*,*,#18349,.T.);
#18349 = EDGE_CURVE('',#4546,#9518,#18350,.T.);
#18350 = LINE('',#18351,#18352);
#18351 = CARTESIAN_POINT('',(111.162853,-94.15,0.));
#18352 = VECTOR('',#18353,1.);
#18353 = DIRECTION('',(0.,0.,1.));
#18354 = ORIENTED_EDGE('',*,*,#9517,.T.);
#18355 = ORIENTED_EDGE('',*,*,#18315,.F.);
#18356 = ORIENTED_EDGE('',*,*,#4545,.F.);
#18357 = CYLINDRICAL_SURFACE('',#18358,0.300023425677);
#18358 = AXIS2_PLACEMENT_3D('',#18359,#18360,#18361);
#18359 = CARTESIAN_POINT('',(111.1628467723,-94.45002342561,0.));
#18360 = DIRECTION('',(0.,0.,-1.));
#18361 = DIRECTION('',(2.07573551279E-05,0.999999999785,0.));
#18362 = ADVANCED_FACE('',(#18363),#18374,.T.);
#18363 = FACE_BOUND('',#18364,.T.);
#18364 = EDGE_LOOP('',(#18365,#18366,#18367,#18373));
#18365 = ORIENTED_EDGE('',*,*,#18334,.T.);
#18366 = ORIENTED_EDGE('',*,*,#9585,.T.);
#18367 = ORIENTED_EDGE('',*,*,#18368,.F.);
#18368 = EDGE_CURVE('',#4606,#9578,#18369,.T.);
#18369 = LINE('',#18370,#18371);
#18370 = CARTESIAN_POINT('',(108.5625,-91.949647,0.));
#18371 = VECTOR('',#18372,1.);
#18372 = DIRECTION('',(0.,0.,1.));
#18373 = ORIENTED_EDGE('',*,*,#4613,.F.);
#18374 = CYLINDRICAL_SURFACE('',#18375,0.299991600077);
#18375 = AXIS2_PLACEMENT_3D('',#18376,#18377,#18378);
#18376 = CARTESIAN_POINT('',(108.26250839993,-91.94964428203,0.));
#18377 = DIRECTION('',(0.,0.,-1.));
#18378 = DIRECTION('',(0.853549232709,0.521012195004,0.));
#18379 = ADVANCED_FACE('',(#18380),#18391,.T.);
#18380 = FACE_BOUND('',#18381,.T.);
#18381 = EDGE_LOOP('',(#18382,#18388,#18389,#18390));
#18382 = ORIENTED_EDGE('',*,*,#18383,.T.);
#18383 = EDGE_CURVE('',#4555,#9527,#18384,.T.);
#18384 = LINE('',#18385,#18386);
#18385 = CARTESIAN_POINT('',(110.2625,-94.15,0.));
#18386 = VECTOR('',#18387,1.);
#18387 = DIRECTION('',(0.,0.,1.));
#18388 = ORIENTED_EDGE('',*,*,#9526,.T.);
#18389 = ORIENTED_EDGE('',*,*,#18349,.F.);
#18390 = ORIENTED_EDGE('',*,*,#4554,.F.);
#18391 = PLANE('',#18392);
#18392 = AXIS2_PLACEMENT_3D('',#18393,#18394,#18395);
#18393 = CARTESIAN_POINT('',(110.2625,-94.15,0.));
#18394 = DIRECTION('',(0.,1.,0.));
#18395 = DIRECTION('',(1.,0.,0.));
#18396 = ADVANCED_FACE('',(#18397),#18408,.T.);
#18397 = FACE_BOUND('',#18398,.T.);
#18398 = EDGE_LOOP('',(#18399,#18400,#18401,#18407));
#18399 = ORIENTED_EDGE('',*,*,#18368,.T.);
#18400 = ORIENTED_EDGE('',*,*,#9577,.T.);
#18401 = ORIENTED_EDGE('',*,*,#18402,.F.);
#18402 = EDGE_CURVE('',#4598,#9570,#18403,.T.);
#18403 = LINE('',#18404,#18405);
#18404 = CARTESIAN_POINT('',(108.5625,-92.65,0.));
#18405 = VECTOR('',#18406,1.);
#18406 = DIRECTION('',(0.,0.,1.));
#18407 = ORIENTED_EDGE('',*,*,#4605,.F.);
#18408 = PLANE('',#18409);
#18409 = AXIS2_PLACEMENT_3D('',#18410,#18411,#18412);
#18410 = CARTESIAN_POINT('',(108.5625,-91.949647,0.));
#18411 = DIRECTION('',(1.,0.,-0.));
#18412 = DIRECTION('',(0.,-1.,0.));
#18413 = ADVANCED_FACE('',(#18414),#18425,.T.);
#18414 = FACE_BOUND('',#18415,.T.);
#18415 = EDGE_LOOP('',(#18416,#18422,#18423,#18424));
#18416 = ORIENTED_EDGE('',*,*,#18417,.T.);
#18417 = EDGE_CURVE('',#4563,#9535,#18418,.T.);
#18418 = LINE('',#18419,#18420);
#18419 = CARTESIAN_POINT('',(109.362147,-94.15,0.));
#18420 = VECTOR('',#18421,1.);
#18421 = DIRECTION('',(0.,0.,1.));
#18422 = ORIENTED_EDGE('',*,*,#9534,.T.);
#18423 = ORIENTED_EDGE('',*,*,#18383,.F.);
#18424 = ORIENTED_EDGE('',*,*,#4562,.F.);
#18425 = PLANE('',#18426);
#18426 = AXIS2_PLACEMENT_3D('',#18427,#18428,#18429);
#18427 = CARTESIAN_POINT('',(109.362147,-94.15,0.));
#18428 = DIRECTION('',(0.,1.,0.));
#18429 = DIRECTION('',(1.,0.,0.));
#18430 = ADVANCED_FACE('',(#18431),#18442,.T.);
#18431 = FACE_BOUND('',#18432,.T.);
#18432 = EDGE_LOOP('',(#18433,#18434,#18435,#18441));
#18433 = ORIENTED_EDGE('',*,*,#18402,.T.);
#18434 = ORIENTED_EDGE('',*,*,#9569,.T.);
#18435 = ORIENTED_EDGE('',*,*,#18436,.F.);
#18436 = EDGE_CURVE('',#4589,#9561,#18437,.T.);
#18437 = LINE('',#18438,#18439);
#18438 = CARTESIAN_POINT('',(108.5625,-93.350353,0.));
#18439 = VECTOR('',#18440,1.);
#18440 = DIRECTION('',(0.,0.,1.));
#18441 = ORIENTED_EDGE('',*,*,#4597,.F.);
#18442 = PLANE('',#18443);
#18443 = AXIS2_PLACEMENT_3D('',#18444,#18445,#18446);
#18444 = CARTESIAN_POINT('',(108.5625,-92.65,0.));
#18445 = DIRECTION('',(1.,0.,-0.));
#18446 = DIRECTION('',(0.,-1.,0.));
#18447 = ADVANCED_FACE('',(#18448),#18459,.T.);
#18448 = FACE_BOUND('',#18449,.T.);
#18449 = EDGE_LOOP('',(#18450,#18456,#18457,#18458));
#18450 = ORIENTED_EDGE('',*,*,#18451,.T.);
#18451 = EDGE_CURVE('',#4571,#9543,#18452,.T.);
#18452 = LINE('',#18453,#18454);
#18453 = CARTESIAN_POINT('',(109.205845,-94.193934,0.));
#18454 = VECTOR('',#18455,1.);
#18455 = DIRECTION('',(0.,0.,1.));
#18456 = ORIENTED_EDGE('',*,*,#9542,.T.);
#18457 = ORIENTED_EDGE('',*,*,#18417,.F.);
#18458 = ORIENTED_EDGE('',*,*,#4570,.F.);
#18459 = CYLINDRICAL_SURFACE('',#18460,0.299991600078);
#18460 = AXIS2_PLACEMENT_3D('',#18461,#18462,#18463);
#18461 = CARTESIAN_POINT('',(109.36214428203,-94.44999160006,0.));
#18462 = DIRECTION('',(0.,0.,-1.));
#18463 = DIRECTION('',(-0.521012195003,0.853549232709,0.));
#18464 = ADVANCED_FACE('',(#18465),#18476,.T.);
#18465 = FACE_BOUND('',#18466,.T.);
#18466 = EDGE_LOOP('',(#18467,#18468,#18469,#18475));
#18467 = ORIENTED_EDGE('',*,*,#18436,.T.);
#18468 = ORIENTED_EDGE('',*,*,#9560,.T.);
#18469 = ORIENTED_EDGE('',*,*,#18470,.F.);
#18470 = EDGE_CURVE('',#4580,#9552,#18471,.T.);
#18471 = LINE('',#18472,#18473);
#18472 = CARTESIAN_POINT('',(108.518566,-93.506655,0.));
#18473 = VECTOR('',#18474,1.);
#18474 = DIRECTION('',(0.,0.,1.));
#18475 = ORIENTED_EDGE('',*,*,#4588,.F.);
#18476 = CYLINDRICAL_SURFACE('',#18477,0.299991600078);
#18477 = AXIS2_PLACEMENT_3D('',#18478,#18479,#18480);
#18478 = CARTESIAN_POINT('',(108.26250839993,-93.35035571796,0.));
#18479 = DIRECTION('',(0.,0.,-1.));
#18480 = DIRECTION('',(0.999999999959,9.060123572459E-06,0.));
#18481 = ADVANCED_FACE('',(#18482),#18488,.F.);
#18482 = FACE_BOUND('',#18483,.T.);
#18483 = EDGE_LOOP('',(#18484,#18485,#18486,#18487));
#18484 = ORIENTED_EDGE('',*,*,#18470,.T.);
#18485 = ORIENTED_EDGE('',*,*,#9551,.T.);
#18486 = ORIENTED_EDGE('',*,*,#18451,.F.);
#18487 = ORIENTED_EDGE('',*,*,#4579,.F.);
#18488 = CYLINDRICAL_SURFACE('',#18489,0.499999603944);
#18489 = AXIS2_PLACEMENT_3D('',#18490,#18491,#18492);
#18490 = CARTESIAN_POINT('',(108.94534211054,-93.76715788946,0.));
#18491 = DIRECTION('',(-0.,-0.,-1.));
#18492 = DIRECTION('',(-0.853552897188,0.521006191616,0.));
#18493 = ADVANCED_FACE('',(#18494),#18505,.F.);
#18494 = FACE_BOUND('',#18495,.T.);
#18495 = EDGE_LOOP('',(#18496,#18497,#18503,#18504));
#18496 = ORIENTED_EDGE('',*,*,#4665,.T.);
#18497 = ORIENTED_EDGE('',*,*,#18498,.T.);
#18498 = EDGE_CURVE('',#4666,#9638,#18499,.T.);
#18499 = LINE('',#18500,#18501);
#18500 = CARTESIAN_POINT('',(110.2625,-89.57,-4.6E-02));
#18501 = VECTOR('',#18502,1.);
#18502 = DIRECTION('',(0.,0.,1.));
#18503 = ORIENTED_EDGE('',*,*,#9637,.F.);
#18504 = ORIENTED_EDGE('',*,*,#18498,.F.);
#18505 = CYLINDRICAL_SURFACE('',#18506,2.);
#18506 = AXIS2_PLACEMENT_3D('',#18507,#18508,#18509);
#18507 = CARTESIAN_POINT('',(110.2625,-87.57,-4.6E-02));
#18508 = DIRECTION('',(-0.,-0.,-1.));
#18509 = DIRECTION('',(-0.,-1.,0.));
#18510 = ADVANCED_FACE('',(#18511),#18522,.F.);
#18511 = FACE_BOUND('',#18512,.T.);
#18512 = EDGE_LOOP('',(#18513,#18514,#18520,#18521));
#18513 = ORIENTED_EDGE('',*,*,#4676,.T.);
#18514 = ORIENTED_EDGE('',*,*,#18515,.T.);
#18515 = EDGE_CURVE('',#4677,#9649,#18516,.T.);
#18516 = LINE('',#18517,#18518);
#18517 = CARTESIAN_POINT('',(115.3425,-88.445,-4.6E-02));
#18518 = VECTOR('',#18519,1.);
#18519 = DIRECTION('',(0.,0.,1.));
#18520 = ORIENTED_EDGE('',*,*,#9648,.F.);
#18521 = ORIENTED_EDGE('',*,*,#18515,.F.);
#18522 = CYLINDRICAL_SURFACE('',#18523,0.875);
#18523 = AXIS2_PLACEMENT_3D('',#18524,#18525,#18526);
#18524 = CARTESIAN_POINT('',(115.3425,-87.57,-4.6E-02));
#18525 = DIRECTION('',(-0.,-0.,-1.));
#18526 = DIRECTION('',(-0.,-1.,0.));
#18527 = ADVANCED_FACE('',(#18528),#18539,.F.);
#18528 = FACE_BOUND('',#18529,.T.);
#18529 = EDGE_LOOP('',(#18530,#18531,#18537,#18538));
#18530 = ORIENTED_EDGE('',*,*,#4687,.T.);
#18531 = ORIENTED_EDGE('',*,*,#18532,.T.);
#18532 = EDGE_CURVE('',#4688,#9660,#18533,.T.);
#18533 = LINE('',#18534,#18535);
#18534 = CARTESIAN_POINT('',(106.4525,-86.555,-4.6E-02));
#18535 = VECTOR('',#18536,1.);
#18536 = DIRECTION('',(0.,0.,1.));
#18537 = ORIENTED_EDGE('',*,*,#9659,.F.);
#18538 = ORIENTED_EDGE('',*,*,#18532,.F.);
#18539 = CYLINDRICAL_SURFACE('',#18540,1.525);
#18540 = AXIS2_PLACEMENT_3D('',#18541,#18542,#18543);
#18541 = CARTESIAN_POINT('',(106.4525,-85.03,-4.6E-02));
#18542 = DIRECTION('',(-0.,-0.,-1.));
#18543 = DIRECTION('',(-0.,-1.,0.));
#18544 = ADVANCED_FACE('',(#18545),#18556,.F.);
#18545 = FACE_BOUND('',#18546,.T.);
#18546 = EDGE_LOOP('',(#18547,#18548,#18554,#18555));
#18547 = ORIENTED_EDGE('',*,*,#4698,.T.);
#18548 = ORIENTED_EDGE('',*,*,#18549,.T.);
#18549 = EDGE_CURVE('',#4699,#9671,#18550,.T.);
#18550 = LINE('',#18551,#18552);
#18551 = CARTESIAN_POINT('',(112.8025,-84.015,-4.6E-02));
#18552 = VECTOR('',#18553,1.);
#18553 = DIRECTION('',(0.,0.,1.));
#18554 = ORIENTED_EDGE('',*,*,#9670,.F.);
#18555 = ORIENTED_EDGE('',*,*,#18549,.F.);
#18556 = CYLINDRICAL_SURFACE('',#18557,1.525);
#18557 = AXIS2_PLACEMENT_3D('',#18558,#18559,#18560);
#18558 = CARTESIAN_POINT('',(112.8025,-82.49,-4.6E-02));
#18559 = DIRECTION('',(-0.,-0.,-1.));
#18560 = DIRECTION('',(-9.31859325587E-15,-1.,0.));
#18561 = ADVANCED_FACE('',(#18562),#18578,.F.);
#18562 = FACE_BOUND('',#18563,.T.);
#18563 = EDGE_LOOP('',(#18564,#18570,#18571,#18577));
#18564 = ORIENTED_EDGE('',*,*,#18565,.T.);
#18565 = EDGE_CURVE('',#4710,#9682,#18566,.T.);
#18566 = LINE('',#18567,#18568);
#18567 = CARTESIAN_POINT('',(112.006434,-72.743345,0.));
#18568 = VECTOR('',#18569,1.);
#18569 = DIRECTION('',(0.,0.,1.));
#18570 = ORIENTED_EDGE('',*,*,#9681,.T.);
#18571 = ORIENTED_EDGE('',*,*,#18572,.F.);
#18572 = EDGE_CURVE('',#4712,#9684,#18573,.T.);
#18573 = LINE('',#18574,#18575);
#18574 = CARTESIAN_POINT('',(111.319155,-72.056066,0.));
#18575 = VECTOR('',#18576,1.);
#18576 = DIRECTION('',(0.,0.,1.));
#18577 = ORIENTED_EDGE('',*,*,#4709,.F.);
#18578 = CYLINDRICAL_SURFACE('',#18579,0.499999603944);
#18579 = AXIS2_PLACEMENT_3D('',#18580,#18581,#18582);
#18580 = CARTESIAN_POINT('',(111.57965788946,-72.48284211054,0.));
#18581 = DIRECTION('',(-0.,-0.,-1.));
#18582 = DIRECTION('',(0.853552897188,-0.521006191616,0.));
#18583 = ADVANCED_FACE('',(#18584),#18595,.T.);
#18584 = FACE_BOUND('',#18585,.T.);
#18585 = EDGE_LOOP('',(#18586,#18592,#18593,#18594));
#18586 = ORIENTED_EDGE('',*,*,#18587,.T.);
#18587 = EDGE_CURVE('',#4721,#9693,#18588,.T.);
#18588 = LINE('',#18589,#18590);
#18589 = CARTESIAN_POINT('',(111.9625,-72.899647,0.));
#18590 = VECTOR('',#18591,1.);
#18591 = DIRECTION('',(0.,0.,1.));
#18592 = ORIENTED_EDGE('',*,*,#9692,.T.);
#18593 = ORIENTED_EDGE('',*,*,#18565,.F.);
#18594 = ORIENTED_EDGE('',*,*,#4720,.F.);
#18595 = CYLINDRICAL_SURFACE('',#18596,0.299683785035);
#18596 = AXIS2_PLACEMENT_3D('',#18597,#18598,#18599);
#18597 = CARTESIAN_POINT('',(112.26218377174,-72.8995577564,0.));
#18598 = DIRECTION('',(0.,0.,-1.));
#18599 = DIRECTION('',(-0.99999995566,-2.977925316915E-04,-0.));
#18600 = ADVANCED_FACE('',(#18601),#18612,.T.);
#18601 = FACE_BOUND('',#18602,.T.);
#18602 = EDGE_LOOP('',(#18603,#18604,#18605,#18611));
#18603 = ORIENTED_EDGE('',*,*,#18572,.T.);
#18604 = ORIENTED_EDGE('',*,*,#9846,.T.);
#18605 = ORIENTED_EDGE('',*,*,#18606,.F.);
#18606 = EDGE_CURVE('',#4867,#9839,#18607,.T.);
#18607 = LINE('',#18608,#18609);
#18608 = CARTESIAN_POINT('',(111.162853,-72.1,0.));
#18609 = VECTOR('',#18610,1.);
#18610 = DIRECTION('',(0.,0.,1.));
#18611 = ORIENTED_EDGE('',*,*,#4874,.F.);
#18612 = CYLINDRICAL_SURFACE('',#18613,0.299966762338);
#18613 = AXIS2_PLACEMENT_3D('',#18614,#18615,#18616);
#18614 = CARTESIAN_POINT('',(111.16286269949,-71.80003323781,0.));
#18615 = DIRECTION('',(0.,0.,-1.));
#18616 = DIRECTION('',(0.521032061311,-0.853537105864,0.));
#18617 = ADVANCED_FACE('',(#18618),#18629,.T.);
#18618 = FACE_BOUND('',#18619,.T.);
#18619 = EDGE_LOOP('',(#18620,#18626,#18627,#18628));
#18620 = ORIENTED_EDGE('',*,*,#18621,.T.);
#18621 = EDGE_CURVE('',#4730,#9702,#18622,.T.);
#18622 = LINE('',#18623,#18624);
#18623 = CARTESIAN_POINT('',(111.9625,-73.6,0.));
#18624 = VECTOR('',#18625,1.);
#18625 = DIRECTION('',(0.,0.,1.));
#18626 = ORIENTED_EDGE('',*,*,#9701,.T.);
#18627 = ORIENTED_EDGE('',*,*,#18587,.F.);
#18628 = ORIENTED_EDGE('',*,*,#4729,.F.);
#18629 = PLANE('',#18630);
#18630 = AXIS2_PLACEMENT_3D('',#18631,#18632,#18633);
#18631 = CARTESIAN_POINT('',(111.9625,-73.6,0.));
#18632 = DIRECTION('',(-1.,0.,0.));
#18633 = DIRECTION('',(0.,1.,0.));
#18634 = ADVANCED_FACE('',(#18635),#18646,.T.);
#18635 = FACE_BOUND('',#18636,.T.);
#18636 = EDGE_LOOP('',(#18637,#18638,#18639,#18645));
#18637 = ORIENTED_EDGE('',*,*,#18606,.T.);
#18638 = ORIENTED_EDGE('',*,*,#9838,.T.);
#18639 = ORIENTED_EDGE('',*,*,#18640,.F.);
#18640 = EDGE_CURVE('',#4859,#9831,#18641,.T.);
#18641 = LINE('',#18642,#18643);
#18642 = CARTESIAN_POINT('',(110.2625,-72.1,0.));
#18643 = VECTOR('',#18644,1.);
#18644 = DIRECTION('',(0.,0.,1.));
#18645 = ORIENTED_EDGE('',*,*,#4866,.F.);
#18646 = PLANE('',#18647);
#18647 = AXIS2_PLACEMENT_3D('',#18648,#18649,#18650);
#18648 = CARTESIAN_POINT('',(111.162853,-72.1,0.));
#18649 = DIRECTION('',(0.,-1.,0.));
#18650 = DIRECTION('',(-1.,0.,0.));
#18651 = ADVANCED_FACE('',(#18652),#18663,.T.);
#18652 = FACE_BOUND('',#18653,.T.);
#18653 = EDGE_LOOP('',(#18654,#18660,#18661,#18662));
#18654 = ORIENTED_EDGE('',*,*,#18655,.T.);
#18655 = EDGE_CURVE('',#4738,#9710,#18656,.T.);
#18656 = LINE('',#18657,#18658);
#18657 = CARTESIAN_POINT('',(111.9625,-74.300353,0.));
#18658 = VECTOR('',#18659,1.);
#18659 = DIRECTION('',(0.,0.,1.));
#18660 = ORIENTED_EDGE('',*,*,#9709,.T.);
#18661 = ORIENTED_EDGE('',*,*,#18621,.F.);
#18662 = ORIENTED_EDGE('',*,*,#4737,.F.);
#18663 = PLANE('',#18664);
#18664 = AXIS2_PLACEMENT_3D('',#18665,#18666,#18667);
#18665 = CARTESIAN_POINT('',(111.9625,-74.300353,0.));
#18666 = DIRECTION('',(-1.,0.,0.));
#18667 = DIRECTION('',(0.,1.,0.));
#18668 = ADVANCED_FACE('',(#18669),#18680,.T.);
#18669 = FACE_BOUND('',#18670,.T.);
#18670 = EDGE_LOOP('',(#18671,#18672,#18673,#18679));
#18671 = ORIENTED_EDGE('',*,*,#18640,.T.);
#18672 = ORIENTED_EDGE('',*,*,#9830,.T.);
#18673 = ORIENTED_EDGE('',*,*,#18674,.F.);
#18674 = EDGE_CURVE('',#4850,#9822,#18675,.T.);
#18675 = LINE('',#18676,#18677);
#18676 = CARTESIAN_POINT('',(109.362147,-72.1,0.));
#18677 = VECTOR('',#18678,1.);
#18678 = DIRECTION('',(0.,0.,1.));
#18679 = ORIENTED_EDGE('',*,*,#4858,.F.);
#18680 = PLANE('',#18681);
#18681 = AXIS2_PLACEMENT_3D('',#18682,#18683,#18684);
#18682 = CARTESIAN_POINT('',(110.2625,-72.1,0.));
#18683 = DIRECTION('',(0.,-1.,0.));
#18684 = DIRECTION('',(-1.,0.,0.));
#18685 = ADVANCED_FACE('',(#18686),#18697,.T.);
#18686 = FACE_BOUND('',#18687,.T.);
#18687 = EDGE_LOOP('',(#18688,#18694,#18695,#18696));
#18688 = ORIENTED_EDGE('',*,*,#18689,.T.);
#18689 = EDGE_CURVE('',#4746,#9718,#18690,.T.);
#18690 = LINE('',#18691,#18692);
#18691 = CARTESIAN_POINT('',(112.006434,-74.456655,0.));
#18692 = VECTOR('',#18693,1.);
#18693 = DIRECTION('',(0.,0.,1.));
#18694 = ORIENTED_EDGE('',*,*,#9717,.T.);
#18695 = ORIENTED_EDGE('',*,*,#18655,.F.);
#18696 = ORIENTED_EDGE('',*,*,#4745,.F.);
#18697 = CYLINDRICAL_SURFACE('',#18698,0.299966762338);
#18698 = AXIS2_PLACEMENT_3D('',#18699,#18700,#18701);
#18699 = CARTESIAN_POINT('',(112.26246676218,-74.30036269949,0.));
#18700 = DIRECTION('',(0.,0.,-1.));
#18701 = DIRECTION('',(-0.853537105863,-0.521032061311,-0.));
#18702 = ADVANCED_FACE('',(#18703),#18714,.T.);
#18703 = FACE_BOUND('',#18704,.T.);
#18704 = EDGE_LOOP('',(#18705,#18706,#18707,#18713));
#18705 = ORIENTED_EDGE('',*,*,#18674,.T.);
#18706 = ORIENTED_EDGE('',*,*,#9821,.T.);
#18707 = ORIENTED_EDGE('',*,*,#18708,.F.);
#18708 = EDGE_CURVE('',#4841,#9813,#18709,.T.);
#18709 = LINE('',#18710,#18711);
#18710 = CARTESIAN_POINT('',(109.205845,-72.056066,0.));
#18711 = VECTOR('',#18712,1.);
#18712 = DIRECTION('',(0.,0.,1.));
#18713 = ORIENTED_EDGE('',*,*,#4849,.F.);
#18714 = CYLINDRICAL_SURFACE('',#18715,0.299991600078);
#18715 = AXIS2_PLACEMENT_3D('',#18716,#18717,#18718);
#18716 = CARTESIAN_POINT('',(109.36214428203,-71.80000839993,0.));
#18717 = DIRECTION('',(0.,0.,-1.));
#18718 = DIRECTION('',(9.060123525085E-06,-0.999999999959,0.));
#18719 = ADVANCED_FACE('',(#18720),#18731,.F.);
#18720 = FACE_BOUND('',#18721,.T.);
#18721 = EDGE_LOOP('',(#18722,#18728,#18729,#18730));
#18722 = ORIENTED_EDGE('',*,*,#18723,.T.);
#18723 = EDGE_CURVE('',#4755,#9727,#18724,.T.);
#18724 = LINE('',#18725,#18726);
#18725 = CARTESIAN_POINT('',(111.319155,-75.143934,0.));
#18726 = VECTOR('',#18727,1.);
#18727 = DIRECTION('',(0.,0.,1.));
#18728 = ORIENTED_EDGE('',*,*,#9726,.T.);
#18729 = ORIENTED_EDGE('',*,*,#18689,.F.);
#18730 = ORIENTED_EDGE('',*,*,#4754,.F.);
#18731 = CYLINDRICAL_SURFACE('',#18732,0.499998734392);
#18732 = AXIS2_PLACEMENT_3D('',#18733,#18734,#18735);
#18733 = CARTESIAN_POINT('',(111.57966050432,-74.71716050432,0.));
#18734 = DIRECTION('',(-0.,-0.,-1.));
#18735 = DIRECTION('',(-0.521012327448,-0.853549151864,0.));
#18736 = ADVANCED_FACE('',(#18737),#18748,.F.);
#18737 = FACE_BOUND('',#18738,.T.);
#18738 = EDGE_LOOP('',(#18739,#18740,#18741,#18747));
#18739 = ORIENTED_EDGE('',*,*,#18708,.T.);
#18740 = ORIENTED_EDGE('',*,*,#9812,.T.);
#18741 = ORIENTED_EDGE('',*,*,#18742,.F.);
#18742 = EDGE_CURVE('',#4832,#9804,#18743,.T.);
#18743 = LINE('',#18744,#18745);
#18744 = CARTESIAN_POINT('',(108.518566,-72.743345,0.));
#18745 = VECTOR('',#18746,1.);
#18746 = DIRECTION('',(0.,0.,1.));
#18747 = ORIENTED_EDGE('',*,*,#4840,.F.);
#18748 = CYLINDRICAL_SURFACE('',#18749,0.499999603944);
#18749 = AXIS2_PLACEMENT_3D('',#18750,#18751,#18752);
#18750 = CARTESIAN_POINT('',(108.94534211054,-72.48284211054,0.));
#18751 = DIRECTION('',(-0.,-0.,-1.));
#18752 = DIRECTION('',(0.521006191616,0.853552897188,-0.));
#18753 = ADVANCED_FACE('',(#18754),#18765,.T.);
#18754 = FACE_BOUND('',#18755,.T.);
#18755 = EDGE_LOOP('',(#18756,#18762,#18763,#18764));
#18756 = ORIENTED_EDGE('',*,*,#18757,.T.);
#18757 = EDGE_CURVE('',#4764,#9736,#18758,.T.);
#18758 = LINE('',#18759,#18760);
#18759 = CARTESIAN_POINT('',(111.162853,-75.1,0.));
#18760 = VECTOR('',#18761,1.);
#18761 = DIRECTION('',(0.,0.,1.));
#18762 = ORIENTED_EDGE('',*,*,#9735,.T.);
#18763 = ORIENTED_EDGE('',*,*,#18723,.F.);
#18764 = ORIENTED_EDGE('',*,*,#4763,.F.);
#18765 = CYLINDRICAL_SURFACE('',#18766,0.300023425677);
#18766 = AXIS2_PLACEMENT_3D('',#18767,#18768,#18769);
#18767 = CARTESIAN_POINT('',(111.1628467723,-75.40002342561,0.));
#18768 = DIRECTION('',(0.,0.,-1.));
#18769 = DIRECTION('',(2.075735541208E-05,0.999999999785,0.));
#18770 = ADVANCED_FACE('',(#18771),#18782,.T.);
#18771 = FACE_BOUND('',#18772,.T.);
#18772 = EDGE_LOOP('',(#18773,#18774,#18775,#18781));
#18773 = ORIENTED_EDGE('',*,*,#18742,.T.);
#18774 = ORIENTED_EDGE('',*,*,#9803,.T.);
#18775 = ORIENTED_EDGE('',*,*,#18776,.F.);
#18776 = EDGE_CURVE('',#4824,#9796,#18777,.T.);
#18777 = LINE('',#18778,#18779);
#18778 = CARTESIAN_POINT('',(108.5625,-72.899647,0.));
#18779 = VECTOR('',#18780,1.);
#18780 = DIRECTION('',(0.,0.,1.));
#18781 = ORIENTED_EDGE('',*,*,#4831,.F.);
#18782 = CYLINDRICAL_SURFACE('',#18783,0.299991600078);
#18783 = AXIS2_PLACEMENT_3D('',#18784,#18785,#18786);
#18784 = CARTESIAN_POINT('',(108.26250839993,-72.89964428203,0.));
#18785 = DIRECTION('',(0.,0.,-1.));
#18786 = DIRECTION('',(0.853549232709,0.521012195004,0.));
#18787 = ADVANCED_FACE('',(#18788),#18799,.T.);
#18788 = FACE_BOUND('',#18789,.T.);
#18789 = EDGE_LOOP('',(#18790,#18796,#18797,#18798));
#18790 = ORIENTED_EDGE('',*,*,#18791,.T.);
#18791 = EDGE_CURVE('',#4773,#9745,#18792,.T.);
#18792 = LINE('',#18793,#18794);
#18793 = CARTESIAN_POINT('',(110.2625,-75.1,0.));
#18794 = VECTOR('',#18795,1.);
#18795 = DIRECTION('',(0.,0.,1.));
#18796 = ORIENTED_EDGE('',*,*,#9744,.T.);
#18797 = ORIENTED_EDGE('',*,*,#18757,.F.);
#18798 = ORIENTED_EDGE('',*,*,#4772,.F.);
#18799 = PLANE('',#18800);
#18800 = AXIS2_PLACEMENT_3D('',#18801,#18802,#18803);
#18801 = CARTESIAN_POINT('',(110.2625,-75.1,0.));
#18802 = DIRECTION('',(0.,1.,0.));
#18803 = DIRECTION('',(1.,0.,0.));
#18804 = ADVANCED_FACE('',(#18805),#18816,.T.);
#18805 = FACE_BOUND('',#18806,.T.);
#18806 = EDGE_LOOP('',(#18807,#18808,#18809,#18815));
#18807 = ORIENTED_EDGE('',*,*,#18776,.T.);
#18808 = ORIENTED_EDGE('',*,*,#9795,.T.);
#18809 = ORIENTED_EDGE('',*,*,#18810,.F.);
#18810 = EDGE_CURVE('',#4816,#9788,#18811,.T.);
#18811 = LINE('',#18812,#18813);
#18812 = CARTESIAN_POINT('',(108.5625,-73.6,0.));
#18813 = VECTOR('',#18814,1.);
#18814 = DIRECTION('',(0.,0.,1.));
#18815 = ORIENTED_EDGE('',*,*,#4823,.F.);
#18816 = PLANE('',#18817);
#18817 = AXIS2_PLACEMENT_3D('',#18818,#18819,#18820);
#18818 = CARTESIAN_POINT('',(108.5625,-72.899647,0.));
#18819 = DIRECTION('',(1.,0.,-0.));
#18820 = DIRECTION('',(0.,-1.,0.));
#18821 = ADVANCED_FACE('',(#18822),#18833,.T.);
#18822 = FACE_BOUND('',#18823,.T.);
#18823 = EDGE_LOOP('',(#18824,#18830,#18831,#18832));
#18824 = ORIENTED_EDGE('',*,*,#18825,.T.);
#18825 = EDGE_CURVE('',#4781,#9753,#18826,.T.);
#18826 = LINE('',#18827,#18828);
#18827 = CARTESIAN_POINT('',(109.362147,-75.1,0.));
#18828 = VECTOR('',#18829,1.);
#18829 = DIRECTION('',(0.,0.,1.));
#18830 = ORIENTED_EDGE('',*,*,#9752,.T.);
#18831 = ORIENTED_EDGE('',*,*,#18791,.F.);
#18832 = ORIENTED_EDGE('',*,*,#4780,.F.);
#18833 = PLANE('',#18834);
#18834 = AXIS2_PLACEMENT_3D('',#18835,#18836,#18837);
#18835 = CARTESIAN_POINT('',(109.362147,-75.1,0.));
#18836 = DIRECTION('',(0.,1.,0.));
#18837 = DIRECTION('',(1.,0.,0.));
#18838 = ADVANCED_FACE('',(#18839),#18850,.T.);
#18839 = FACE_BOUND('',#18840,.T.);
#18840 = EDGE_LOOP('',(#18841,#18842,#18843,#18849));
#18841 = ORIENTED_EDGE('',*,*,#18810,.T.);
#18842 = ORIENTED_EDGE('',*,*,#9787,.T.);
#18843 = ORIENTED_EDGE('',*,*,#18844,.F.);
#18844 = EDGE_CURVE('',#4807,#9779,#18845,.T.);
#18845 = LINE('',#18846,#18847);
#18846 = CARTESIAN_POINT('',(108.5625,-74.300353,0.));
#18847 = VECTOR('',#18848,1.);
#18848 = DIRECTION('',(0.,0.,1.));
#18849 = ORIENTED_EDGE('',*,*,#4815,.F.);
#18850 = PLANE('',#18851);
#18851 = AXIS2_PLACEMENT_3D('',#18852,#18853,#18854);
#18852 = CARTESIAN_POINT('',(108.5625,-73.6,0.));
#18853 = DIRECTION('',(1.,0.,-0.));
#18854 = DIRECTION('',(0.,-1.,0.));
#18855 = ADVANCED_FACE('',(#18856),#18867,.T.);
#18856 = FACE_BOUND('',#18857,.T.);
#18857 = EDGE_LOOP('',(#18858,#18864,#18865,#18866));
#18858 = ORIENTED_EDGE('',*,*,#18859,.T.);
#18859 = EDGE_CURVE('',#4789,#9761,#18860,.T.);
#18860 = LINE('',#18861,#18862);
#18861 = CARTESIAN_POINT('',(109.205845,-75.143934,0.));
#18862 = VECTOR('',#18863,1.);
#18863 = DIRECTION('',(0.,0.,1.));
#18864 = ORIENTED_EDGE('',*,*,#9760,.T.);
#18865 = ORIENTED_EDGE('',*,*,#18825,.F.);
#18866 = ORIENTED_EDGE('',*,*,#4788,.F.);
#18867 = CYLINDRICAL_SURFACE('',#18868,0.299991600078);
#18868 = AXIS2_PLACEMENT_3D('',#18869,#18870,#18871);
#18869 = CARTESIAN_POINT('',(109.36214428203,-75.39999160006,0.));
#18870 = DIRECTION('',(0.,0.,-1.));
#18871 = DIRECTION('',(-0.521012195003,0.853549232709,0.));
#18872 = ADVANCED_FACE('',(#18873),#18884,.T.);
#18873 = FACE_BOUND('',#18874,.T.);
#18874 = EDGE_LOOP('',(#18875,#18876,#18877,#18883));
#18875 = ORIENTED_EDGE('',*,*,#18844,.T.);
#18876 = ORIENTED_EDGE('',*,*,#9778,.T.);
#18877 = ORIENTED_EDGE('',*,*,#18878,.F.);
#18878 = EDGE_CURVE('',#4798,#9770,#18879,.T.);
#18879 = LINE('',#18880,#18881);
#18880 = CARTESIAN_POINT('',(108.518566,-74.456655,0.));
#18881 = VECTOR('',#18882,1.);
#18882 = DIRECTION('',(0.,0.,1.));
#18883 = ORIENTED_EDGE('',*,*,#4806,.F.);
#18884 = CYLINDRICAL_SURFACE('',#18885,0.299991600077);
#18885 = AXIS2_PLACEMENT_3D('',#18886,#18887,#18888);
#18886 = CARTESIAN_POINT('',(108.26250839993,-74.30035571796,0.));
#18887 = DIRECTION('',(0.,0.,-1.));
#18888 = DIRECTION('',(0.999999999959,9.060123667203E-06,0.));
#18889 = ADVANCED_FACE('',(#18890),#18896,.F.);
#18890 = FACE_BOUND('',#18891,.T.);
#18891 = EDGE_LOOP('',(#18892,#18893,#18894,#18895));
#18892 = ORIENTED_EDGE('',*,*,#18878,.T.);
#18893 = ORIENTED_EDGE('',*,*,#9769,.T.);
#18894 = ORIENTED_EDGE('',*,*,#18859,.F.);
#18895 = ORIENTED_EDGE('',*,*,#4797,.F.);
#18896 = CYLINDRICAL_SURFACE('',#18897,0.499999603944);
#18897 = AXIS2_PLACEMENT_3D('',#18898,#18899,#18900);
#18898 = CARTESIAN_POINT('',(108.94534211054,-74.71715788946,0.));
#18899 = DIRECTION('',(-0.,-0.,-1.));
#18900 = DIRECTION('',(-0.853552897188,0.521006191616,0.));
#18901 = ADVANCED_FACE('',(#18902),#18913,.F.);
#18902 = FACE_BOUND('',#18903,.T.);
#18903 = EDGE_LOOP('',(#18904,#18905,#18911,#18912));
#18904 = ORIENTED_EDGE('',*,*,#4883,.T.);
#18905 = ORIENTED_EDGE('',*,*,#18906,.T.);
#18906 = EDGE_CURVE('',#4884,#9856,#18907,.T.);
#18907 = LINE('',#18908,#18909);
#18908 = CARTESIAN_POINT('',(86.1325,-69.395,-4.6E-02));
#18909 = VECTOR('',#18910,1.);
#18910 = DIRECTION('',(0.,0.,1.));
#18911 = ORIENTED_EDGE('',*,*,#9855,.F.);
#18912 = ORIENTED_EDGE('',*,*,#18906,.F.);
#18913 = CYLINDRICAL_SURFACE('',#18914,0.875);
#18914 = AXIS2_PLACEMENT_3D('',#18915,#18916,#18917);
#18915 = CARTESIAN_POINT('',(86.1325,-68.52,-4.6E-02));
#18916 = DIRECTION('',(-0.,-0.,-1.));
#18917 = DIRECTION('',(-0.,-1.,0.));
#18918 = ADVANCED_FACE('',(#18919),#18930,.F.);
#18919 = FACE_BOUND('',#18920,.T.);
#18920 = EDGE_LOOP('',(#18921,#18922,#18928,#18929));
#18921 = ORIENTED_EDGE('',*,*,#4894,.T.);
#18922 = ORIENTED_EDGE('',*,*,#18923,.T.);
#18923 = EDGE_CURVE('',#4895,#9867,#18924,.T.);
#18924 = LINE('',#18925,#18926);
#18925 = CARTESIAN_POINT('',(91.2125,-70.52,-4.6E-02));
#18926 = VECTOR('',#18927,1.);
#18927 = DIRECTION('',(0.,0.,1.));
#18928 = ORIENTED_EDGE('',*,*,#9866,.F.);
#18929 = ORIENTED_EDGE('',*,*,#18923,.F.);
#18930 = CYLINDRICAL_SURFACE('',#18931,2.);
#18931 = AXIS2_PLACEMENT_3D('',#18932,#18933,#18934);
#18932 = CARTESIAN_POINT('',(91.2125,-68.52,-4.6E-02));
#18933 = DIRECTION('',(-0.,-0.,-1.));
#18934 = DIRECTION('',(-0.,-1.,0.));
#18935 = ADVANCED_FACE('',(#18936),#18947,.F.);
#18936 = FACE_BOUND('',#18937,.T.);
#18937 = EDGE_LOOP('',(#18938,#18939,#18945,#18946));
#18938 = ORIENTED_EDGE('',*,*,#4905,.T.);
#18939 = ORIENTED_EDGE('',*,*,#18940,.T.);
#18940 = EDGE_CURVE('',#4906,#9878,#18941,.T.);
#18941 = LINE('',#18942,#18943);
#18942 = CARTESIAN_POINT('',(87.4025,-67.505,-4.6E-02));
#18943 = VECTOR('',#18944,1.);
#18944 = DIRECTION('',(0.,0.,1.));
#18945 = ORIENTED_EDGE('',*,*,#9877,.F.);
#18946 = ORIENTED_EDGE('',*,*,#18940,.F.);
#18947 = CYLINDRICAL_SURFACE('',#18948,1.525);
#18948 = AXIS2_PLACEMENT_3D('',#18949,#18950,#18951);
#18949 = CARTESIAN_POINT('',(87.4025,-65.98,-4.6E-02));
#18950 = DIRECTION('',(-0.,-0.,-1.));
#18951 = DIRECTION('',(-0.,-1.,0.));
#18952 = ADVANCED_FACE('',(#18953),#18964,.F.);
#18953 = FACE_BOUND('',#18954,.T.);
#18954 = EDGE_LOOP('',(#18955,#18956,#18962,#18963));
#18955 = ORIENTED_EDGE('',*,*,#4916,.T.);
#18956 = ORIENTED_EDGE('',*,*,#18957,.T.);
#18957 = EDGE_CURVE('',#4917,#9889,#18958,.T.);
#18958 = LINE('',#18959,#18960);
#18959 = CARTESIAN_POINT('',(96.2925,-69.395,-4.6E-02));
#18960 = VECTOR('',#18961,1.);
#18961 = DIRECTION('',(0.,0.,1.));
#18962 = ORIENTED_EDGE('',*,*,#9888,.F.);
#18963 = ORIENTED_EDGE('',*,*,#18957,.F.);
#18964 = CYLINDRICAL_SURFACE('',#18965,0.875);
#18965 = AXIS2_PLACEMENT_3D('',#18966,#18967,#18968);
#18966 = CARTESIAN_POINT('',(96.2925,-68.52,-4.6E-02));
#18967 = DIRECTION('',(-0.,-0.,-1.));
#18968 = DIRECTION('',(-0.,-1.,0.));
#18969 = ADVANCED_FACE('',(#18970),#18981,.F.);
#18970 = FACE_BOUND('',#18971,.T.);
#18971 = EDGE_LOOP('',(#18972,#18973,#18979,#18980));
#18972 = ORIENTED_EDGE('',*,*,#4927,.T.);
#18973 = ORIENTED_EDGE('',*,*,#18974,.T.);
#18974 = EDGE_CURVE('',#4928,#9900,#18975,.T.);
#18975 = LINE('',#18976,#18977);
#18976 = CARTESIAN_POINT('',(93.7525,-64.965,-4.6E-02));
#18977 = VECTOR('',#18978,1.);
#18978 = DIRECTION('',(0.,0.,1.));
#18979 = ORIENTED_EDGE('',*,*,#9899,.F.);
#18980 = ORIENTED_EDGE('',*,*,#18974,.F.);
#18981 = CYLINDRICAL_SURFACE('',#18982,1.525);
#18982 = AXIS2_PLACEMENT_3D('',#18983,#18984,#18985);
#18983 = CARTESIAN_POINT('',(93.7525,-63.44,-4.6E-02));
#18984 = DIRECTION('',(-0.,-0.,-1.));
#18985 = DIRECTION('',(-0.,-1.,0.));
#18986 = ADVANCED_FACE('',(#18987),#18998,.F.);
#18987 = FACE_BOUND('',#18988,.T.);
#18988 = EDGE_LOOP('',(#18989,#18990,#18996,#18997));
#18989 = ORIENTED_EDGE('',*,*,#4938,.T.);
#18990 = ORIENTED_EDGE('',*,*,#18991,.T.);
#18991 = EDGE_CURVE('',#4939,#9911,#18992,.T.);
#18992 = LINE('',#18993,#18994);
#18993 = CARTESIAN_POINT('',(84.825,-57.6,-4.6E-02));
#18994 = VECTOR('',#18995,1.);
#18995 = DIRECTION('',(0.,0.,1.));
#18996 = ORIENTED_EDGE('',*,*,#9910,.F.);
#18997 = ORIENTED_EDGE('',*,*,#18991,.F.);
#18998 = CYLINDRICAL_SURFACE('',#18999,0.5);
#18999 = AXIS2_PLACEMENT_3D('',#19000,#19001,#19002);
#19000 = CARTESIAN_POINT('',(84.825,-57.1,-4.6E-02));
#19001 = DIRECTION('',(-0.,-0.,-1.));
#19002 = DIRECTION('',(-0.,-1.,0.));
#19003 = ADVANCED_FACE('',(#19004),#19015,.F.);
#19004 = FACE_BOUND('',#19005,.T.);
#19005 = EDGE_LOOP('',(#19006,#19007,#19013,#19014));
#19006 = ORIENTED_EDGE('',*,*,#4949,.T.);
#19007 = ORIENTED_EDGE('',*,*,#19008,.T.);
#19008 = EDGE_CURVE('',#4950,#9922,#19009,.T.);
#19009 = LINE('',#19010,#19011);
#19010 = CARTESIAN_POINT('',(87.365,-57.6,-4.6E-02));
#19011 = VECTOR('',#19012,1.);
#19012 = DIRECTION('',(0.,0.,1.));
#19013 = ORIENTED_EDGE('',*,*,#9921,.F.);
#19014 = ORIENTED_EDGE('',*,*,#19008,.F.);
#19015 = CYLINDRICAL_SURFACE('',#19016,0.5);
#19016 = AXIS2_PLACEMENT_3D('',#19017,#19018,#19019);
#19017 = CARTESIAN_POINT('',(87.365,-57.1,-4.6E-02));
#19018 = DIRECTION('',(-0.,-0.,-1.));
#19019 = DIRECTION('',(-0.,-1.,0.));
#19020 = ADVANCED_FACE('',(#19021),#19032,.F.);
#19021 = FACE_BOUND('',#19022,.T.);
#19022 = EDGE_LOOP('',(#19023,#19024,#19030,#19031));
#19023 = ORIENTED_EDGE('',*,*,#4960,.T.);
#19024 = ORIENTED_EDGE('',*,*,#19025,.T.);
#19025 = EDGE_CURVE('',#4961,#9933,#19026,.T.);
#19026 = LINE('',#19027,#19028);
#19027 = CARTESIAN_POINT('',(84.59,-50.53,-4.6E-02));
#19028 = VECTOR('',#19029,1.);
#19029 = DIRECTION('',(0.,0.,1.));
#19030 = ORIENTED_EDGE('',*,*,#9932,.F.);
#19031 = ORIENTED_EDGE('',*,*,#19025,.F.);
#19032 = CYLINDRICAL_SURFACE('',#19033,0.325);
#19033 = AXIS2_PLACEMENT_3D('',#19034,#19035,#19036);
#19034 = CARTESIAN_POINT('',(84.59,-50.205,-4.6E-02));
#19035 = DIRECTION('',(-0.,-0.,-1.));
#19036 = DIRECTION('',(-0.,-1.,0.));
#19037 = ADVANCED_FACE('',(#19038),#19054,.F.);
#19038 = FACE_BOUND('',#19039,.T.);
#19039 = EDGE_LOOP('',(#19040,#19041,#19047,#19048));
#19040 = ORIENTED_EDGE('',*,*,#4971,.T.);
#19041 = ORIENTED_EDGE('',*,*,#19042,.T.);
#19042 = EDGE_CURVE('',#4974,#9946,#19043,.T.);
#19043 = LINE('',#19044,#19045);
#19044 = CARTESIAN_POINT('',(85.72,-51.255,-4.6E-02));
#19045 = VECTOR('',#19046,1.);
#19046 = DIRECTION('',(0.,0.,1.));
#19047 = ORIENTED_EDGE('',*,*,#9943,.F.);
#19048 = ORIENTED_EDGE('',*,*,#19049,.F.);
#19049 = EDGE_CURVE('',#4972,#9944,#19050,.T.);
#19050 = LINE('',#19051,#19052);
#19051 = CARTESIAN_POINT('',(86.32,-51.255,-4.6E-02));
#19052 = VECTOR('',#19053,1.);
#19053 = DIRECTION('',(0.,0.,1.));
#19054 = CYLINDRICAL_SURFACE('',#19055,0.3);
#19055 = AXIS2_PLACEMENT_3D('',#19056,#19057,#19058);
#19056 = CARTESIAN_POINT('',(86.02,-51.255,-4.6E-02));
#19057 = DIRECTION('',(-0.,-0.,-1.));
#19058 = DIRECTION('',(-1.,2.368475785867E-14,-0.));
#19059 = ADVANCED_FACE('',(#19060),#19071,.T.);
#19060 = FACE_BOUND('',#19061,.T.);
#19061 = EDGE_LOOP('',(#19062,#19063,#19064,#19065));
#19062 = ORIENTED_EDGE('',*,*,#4999,.T.);
#19063 = ORIENTED_EDGE('',*,*,#19049,.T.);
#19064 = ORIENTED_EDGE('',*,*,#9971,.F.);
#19065 = ORIENTED_EDGE('',*,*,#19066,.F.);
#19066 = EDGE_CURVE('',#4991,#9963,#19067,.T.);
#19067 = LINE('',#19068,#19069);
#19068 = CARTESIAN_POINT('',(86.32,-50.155,-4.6E-02));
#19069 = VECTOR('',#19070,1.);
#19070 = DIRECTION('',(0.,0.,1.));
#19071 = PLANE('',#19072);
#19072 = AXIS2_PLACEMENT_3D('',#19073,#19074,#19075);
#19073 = CARTESIAN_POINT('',(86.32,-51.255,-4.6E-02));
#19074 = DIRECTION('',(-1.,0.,0.));
#19075 = DIRECTION('',(0.,1.,0.));
#19076 = ADVANCED_FACE('',(#19077),#19088,.F.);
#19077 = FACE_BOUND('',#19078,.T.);
#19078 = EDGE_LOOP('',(#19079,#19080,#19081,#19082));
#19079 = ORIENTED_EDGE('',*,*,#4990,.T.);
#19080 = ORIENTED_EDGE('',*,*,#19066,.T.);
#19081 = ORIENTED_EDGE('',*,*,#9962,.F.);
#19082 = ORIENTED_EDGE('',*,*,#19083,.F.);
#19083 = EDGE_CURVE('',#4983,#9955,#19084,.T.);
#19084 = LINE('',#19085,#19086);
#19085 = CARTESIAN_POINT('',(85.72,-50.155,-4.6E-02));
#19086 = VECTOR('',#19087,1.);
#19087 = DIRECTION('',(0.,0.,1.));
#19088 = CYLINDRICAL_SURFACE('',#19089,0.3);
#19089 = AXIS2_PLACEMENT_3D('',#19090,#19091,#19092);
#19090 = CARTESIAN_POINT('',(86.02,-50.155,-4.6E-02));
#19091 = DIRECTION('',(-0.,-0.,-1.));
#19092 = DIRECTION('',(1.,-7.105427357601E-14,0.));
#19093 = ADVANCED_FACE('',(#19094),#19100,.T.);
#19094 = FACE_BOUND('',#19095,.T.);
#19095 = EDGE_LOOP('',(#19096,#19097,#19098,#19099));
#19096 = ORIENTED_EDGE('',*,*,#4982,.T.);
#19097 = ORIENTED_EDGE('',*,*,#19083,.T.);
#19098 = ORIENTED_EDGE('',*,*,#9954,.F.);
#19099 = ORIENTED_EDGE('',*,*,#19042,.F.);
#19100 = PLANE('',#19101);
#19101 = AXIS2_PLACEMENT_3D('',#19102,#19103,#19104);
#19102 = CARTESIAN_POINT('',(85.72,-50.155,-4.6E-02));
#19103 = DIRECTION('',(1.,0.,-0.));
#19104 = DIRECTION('',(0.,-1.,0.));
#19105 = ADVANCED_FACE('',(#19106),#19122,.F.);
#19106 = FACE_BOUND('',#19107,.T.);
#19107 = EDGE_LOOP('',(#19108,#19109,#19115,#19116));
#19108 = ORIENTED_EDGE('',*,*,#5007,.T.);
#19109 = ORIENTED_EDGE('',*,*,#19110,.T.);
#19110 = EDGE_CURVE('',#5010,#9982,#19111,.T.);
#19111 = LINE('',#19112,#19113);
#19112 = CARTESIAN_POINT('',(85.72,-46.925,-4.6E-02));
#19113 = VECTOR('',#19114,1.);
#19114 = DIRECTION('',(0.,0.,1.));
#19115 = ORIENTED_EDGE('',*,*,#9979,.F.);
#19116 = ORIENTED_EDGE('',*,*,#19117,.F.);
#19117 = EDGE_CURVE('',#5008,#9980,#19118,.T.);
#19118 = LINE('',#19119,#19120);
#19119 = CARTESIAN_POINT('',(86.32,-46.925,-4.6E-02));
#19120 = VECTOR('',#19121,1.);
#19121 = DIRECTION('',(0.,0.,1.));
#19122 = CYLINDRICAL_SURFACE('',#19123,0.3);
#19123 = AXIS2_PLACEMENT_3D('',#19124,#19125,#19126);
#19124 = CARTESIAN_POINT('',(86.02,-46.925,-4.6E-02));
#19125 = DIRECTION('',(-0.,-0.,-1.));
#19126 = DIRECTION('',(-1.,7.105427357601E-14,-0.));
#19127 = ADVANCED_FACE('',(#19128),#19139,.T.);
#19128 = FACE_BOUND('',#19129,.T.);
#19129 = EDGE_LOOP('',(#19130,#19131,#19132,#19133));
#19130 = ORIENTED_EDGE('',*,*,#5035,.T.);
#19131 = ORIENTED_EDGE('',*,*,#19117,.T.);
#19132 = ORIENTED_EDGE('',*,*,#10007,.F.);
#19133 = ORIENTED_EDGE('',*,*,#19134,.F.);
#19134 = EDGE_CURVE('',#5027,#9999,#19135,.T.);
#19135 = LINE('',#19136,#19137);
#19136 = CARTESIAN_POINT('',(86.32,-46.125,-4.6E-02));
#19137 = VECTOR('',#19138,1.);
#19138 = DIRECTION('',(0.,0.,1.));
#19139 = PLANE('',#19140);
#19140 = AXIS2_PLACEMENT_3D('',#19141,#19142,#19143);
#19141 = CARTESIAN_POINT('',(86.32,-46.925,-4.6E-02));
#19142 = DIRECTION('',(-1.,0.,0.));
#19143 = DIRECTION('',(0.,1.,0.));
#19144 = ADVANCED_FACE('',(#19145),#19156,.F.);
#19145 = FACE_BOUND('',#19146,.T.);
#19146 = EDGE_LOOP('',(#19147,#19148,#19149,#19150));
#19147 = ORIENTED_EDGE('',*,*,#5026,.T.);
#19148 = ORIENTED_EDGE('',*,*,#19134,.T.);
#19149 = ORIENTED_EDGE('',*,*,#9998,.F.);
#19150 = ORIENTED_EDGE('',*,*,#19151,.F.);
#19151 = EDGE_CURVE('',#5019,#9991,#19152,.T.);
#19152 = LINE('',#19153,#19154);
#19153 = CARTESIAN_POINT('',(85.72,-46.125,-4.6E-02));
#19154 = VECTOR('',#19155,1.);
#19155 = DIRECTION('',(0.,0.,1.));
#19156 = CYLINDRICAL_SURFACE('',#19157,0.3);
#19157 = AXIS2_PLACEMENT_3D('',#19158,#19159,#19160);
#19158 = CARTESIAN_POINT('',(86.02,-46.125,-4.6E-02));
#19159 = DIRECTION('',(-0.,-0.,-1.));
#19160 = DIRECTION('',(1.,-2.368475785867E-14,0.));
#19161 = ADVANCED_FACE('',(#19162),#19168,.T.);
#19162 = FACE_BOUND('',#19163,.T.);
#19163 = EDGE_LOOP('',(#19164,#19165,#19166,#19167));
#19164 = ORIENTED_EDGE('',*,*,#5018,.T.);
#19165 = ORIENTED_EDGE('',*,*,#19151,.T.);
#19166 = ORIENTED_EDGE('',*,*,#9990,.F.);
#19167 = ORIENTED_EDGE('',*,*,#19110,.F.);
#19168 = PLANE('',#19169);
#19169 = AXIS2_PLACEMENT_3D('',#19170,#19171,#19172);
#19170 = CARTESIAN_POINT('',(85.72,-46.125,-4.6E-02));
#19171 = DIRECTION('',(1.,0.,-0.));
#19172 = DIRECTION('',(0.,-1.,0.));
#19173 = ADVANCED_FACE('',(#19174),#19185,.F.);
#19174 = FACE_BOUND('',#19175,.T.);
#19175 = EDGE_LOOP('',(#19176,#19177,#19183,#19184));
#19176 = ORIENTED_EDGE('',*,*,#5043,.T.);
#19177 = ORIENTED_EDGE('',*,*,#19178,.T.);
#19178 = EDGE_CURVE('',#5044,#10016,#19179,.T.);
#19179 = LINE('',#19180,#19181);
#19180 = CARTESIAN_POINT('',(105.1825,-69.395,-4.6E-02));
#19181 = VECTOR('',#19182,1.);
#19182 = DIRECTION('',(0.,0.,1.));
#19183 = ORIENTED_EDGE('',*,*,#10015,.F.);
#19184 = ORIENTED_EDGE('',*,*,#19178,.F.);
#19185 = CYLINDRICAL_SURFACE('',#19186,0.875);
#19186 = AXIS2_PLACEMENT_3D('',#19187,#19188,#19189);
#19187 = CARTESIAN_POINT('',(105.1825,-68.52,-4.6E-02));
#19188 = DIRECTION('',(-0.,-0.,-1.));
#19189 = DIRECTION('',(-0.,-1.,0.));
#19190 = ADVANCED_FACE('',(#19191),#19202,.F.);
#19191 = FACE_BOUND('',#19192,.T.);
#19192 = EDGE_LOOP('',(#19193,#19194,#19200,#19201));
#19193 = ORIENTED_EDGE('',*,*,#5054,.T.);
#19194 = ORIENTED_EDGE('',*,*,#19195,.T.);
#19195 = EDGE_CURVE('',#5055,#10027,#19196,.T.);
#19196 = LINE('',#19197,#19198);
#19197 = CARTESIAN_POINT('',(110.2625,-70.52,-4.6E-02));
#19198 = VECTOR('',#19199,1.);
#19199 = DIRECTION('',(0.,0.,1.));
#19200 = ORIENTED_EDGE('',*,*,#10026,.F.);
#19201 = ORIENTED_EDGE('',*,*,#19195,.F.);
#19202 = CYLINDRICAL_SURFACE('',#19203,2.);
#19203 = AXIS2_PLACEMENT_3D('',#19204,#19205,#19206);
#19204 = CARTESIAN_POINT('',(110.2625,-68.52,-4.6E-02));
#19205 = DIRECTION('',(-0.,-0.,-1.));
#19206 = DIRECTION('',(-0.,-1.,0.));
#19207 = ADVANCED_FACE('',(#19208),#19219,.F.);
#19208 = FACE_BOUND('',#19209,.T.);
#19209 = EDGE_LOOP('',(#19210,#19211,#19217,#19218));
#19210 = ORIENTED_EDGE('',*,*,#5065,.T.);
#19211 = ORIENTED_EDGE('',*,*,#19212,.T.);
#19212 = EDGE_CURVE('',#5066,#10038,#19213,.T.);
#19213 = LINE('',#19214,#19215);
#19214 = CARTESIAN_POINT('',(106.4525,-67.505,-4.6E-02));
#19215 = VECTOR('',#19216,1.);
#19216 = DIRECTION('',(0.,0.,1.));
#19217 = ORIENTED_EDGE('',*,*,#10037,.F.);
#19218 = ORIENTED_EDGE('',*,*,#19212,.F.);
#19219 = CYLINDRICAL_SURFACE('',#19220,1.525);
#19220 = AXIS2_PLACEMENT_3D('',#19221,#19222,#19223);
#19221 = CARTESIAN_POINT('',(106.4525,-65.98,-4.6E-02));
#19222 = DIRECTION('',(-0.,-0.,-1.));
#19223 = DIRECTION('',(-0.,-1.,0.));
#19224 = ADVANCED_FACE('',(#19225),#19236,.F.);
#19225 = FACE_BOUND('',#19226,.T.);
#19226 = EDGE_LOOP('',(#19227,#19228,#19234,#19235));
#19227 = ORIENTED_EDGE('',*,*,#5076,.T.);
#19228 = ORIENTED_EDGE('',*,*,#19229,.T.);
#19229 = EDGE_CURVE('',#5077,#10049,#19230,.T.);
#19230 = LINE('',#19231,#19232);
#19231 = CARTESIAN_POINT('',(112.8025,-64.965,-4.6E-02));
#19232 = VECTOR('',#19233,1.);
#19233 = DIRECTION('',(0.,0.,1.));
#19234 = ORIENTED_EDGE('',*,*,#10048,.F.);
#19235 = ORIENTED_EDGE('',*,*,#19229,.F.);
#19236 = CYLINDRICAL_SURFACE('',#19237,1.525);
#19237 = AXIS2_PLACEMENT_3D('',#19238,#19239,#19240);
#19238 = CARTESIAN_POINT('',(112.8025,-63.44,-4.6E-02));
#19239 = DIRECTION('',(-0.,-0.,-1.));
#19240 = DIRECTION('',(-9.31859325587E-15,-1.,0.));
#19241 = ADVANCED_FACE('',(#19242),#19253,.F.);
#19242 = FACE_BOUND('',#19243,.T.);
#19243 = EDGE_LOOP('',(#19244,#19245,#19251,#19252));
#19244 = ORIENTED_EDGE('',*,*,#5087,.T.);
#19245 = ORIENTED_EDGE('',*,*,#19246,.T.);
#19246 = EDGE_CURVE('',#5088,#10060,#19247,.T.);
#19247 = LINE('',#19248,#19249);
#19248 = CARTESIAN_POINT('',(115.3425,-69.395,-4.6E-02));
#19249 = VECTOR('',#19250,1.);
#19250 = DIRECTION('',(0.,0.,1.));
#19251 = ORIENTED_EDGE('',*,*,#10059,.F.);
#19252 = ORIENTED_EDGE('',*,*,#19246,.F.);
#19253 = CYLINDRICAL_SURFACE('',#19254,0.875);
#19254 = AXIS2_PLACEMENT_3D('',#19255,#19256,#19257);
#19255 = CARTESIAN_POINT('',(115.3425,-68.52,-4.6E-02));
#19256 = DIRECTION('',(-0.,-0.,-1.));
#19257 = DIRECTION('',(-0.,-1.,0.));
#19258 = ADVANCED_FACE('',(#19259),#19270,.F.);
#19259 = FACE_BOUND('',#19260,.T.);
#19260 = EDGE_LOOP('',(#19261,#19262,#19268,#19269));
#19261 = ORIENTED_EDGE('',*,*,#5098,.T.);
#19262 = ORIENTED_EDGE('',*,*,#19263,.T.);
#19263 = EDGE_CURVE('',#5099,#10071,#19264,.T.);
#19264 = LINE('',#19265,#19266);
#19265 = CARTESIAN_POINT('',(122.8375,-50.045,-4.6E-02));
#19266 = VECTOR('',#19267,1.);
#19267 = DIRECTION('',(0.,0.,1.));
#19268 = ORIENTED_EDGE('',*,*,#10070,.F.);
#19269 = ORIENTED_EDGE('',*,*,#19263,.F.);
#19270 = CYLINDRICAL_SURFACE('',#19271,1.1);
#19271 = AXIS2_PLACEMENT_3D('',#19272,#19273,#19274);
#19272 = CARTESIAN_POINT('',(122.8375,-48.945,-4.6E-02));
#19273 = DIRECTION('',(-0.,-0.,-1.));
#19274 = DIRECTION('',(-0.,-1.,0.));
#19275 = ( GEOMETRIC_REPRESENTATION_CONTEXT(3) 
GLOBAL_UNCERTAINTY_ASSIGNED_CONTEXT((#19279)) 
GLOBAL_UNIT_ASSIGNED_CONTEXT((#19276,#19277,#19278)) 
REPRESENTATION_CONTEXT('Context #1',
  '3D Context with UNIT and UNCERTAINTY') );
#19276 = ( LENGTH_UNIT() NAMED_UNIT(*) SI_UNIT(.MILLI.,.METRE.) );
#19277 = ( NAMED_UNIT(*) PLANE_ANGLE_UNIT() SI_UNIT($,.RADIAN.) );
#19278 = ( NAMED_UNIT(*) SI_UNIT($,.STERADIAN.) SOLID_ANGLE_UNIT() );
#19279 = UNCERTAINTY_MEASURE_WITH_UNIT(LENGTH_MEASURE(1.E-07),#19276,
  'distance_accuracy_value','confusion accuracy');
#19280 = CONTEXT_DEPENDENT_SHAPE_REPRESENTATION(#19281,#19283);
#19281 = ( REPRESENTATION_RELATIONSHIP('','',#32,#10) 
REPRESENTATION_RELATIONSHIP_WITH_TRANSFORMATION(#19282) 
SHAPE_REPRESENTATION_RELATIONSHIP() );
#19282 = ITEM_DEFINED_TRANSFORMATION('','',#11,#15);
#19283 = PRODUCT_DEFINITION_SHAPE('Placement','Placement of an item',
  #19284);
#19284 = NEXT_ASSEMBLY_USAGE_OCCURRENCE('1','=>[0:1:1:2]','',#5,#27,$);
#19285 = PRODUCT_RELATED_PRODUCT_CATEGORY('part',$,(#29));
#19286 = MECHANICAL_DESIGN_GEOMETRIC_PRESENTATION_REPRESENTATION('',(
    #19287),#19275);
#19287 = STYLED_ITEM('color',(#19288),#33);
#19288 = PRESENTATION_STYLE_ASSIGNMENT((#19289));
#19289 = SURFACE_STYLE_USAGE(.BOTH.,#19290);
#19290 = SURFACE_SIDE_STYLE('',(#19291));
#19291 = SURFACE_STYLE_FILL_AREA(#19292);
#19292 = FILL_AREA_STYLE('',(#19293));
#19293 = FILL_AREA_STYLE_COLOUR('',#19294);
#19294 = COLOUR_RGB('',0.313304153717,0.484529207832,0.410020903123);
ENDSEC;
END-ISO-10303-21;
